GAS LISTING memory.s 			page 1


   1              		.file	"memory.c"
   2              	# GNU C17 (Ubuntu 13.3.0-6ubuntu2~24.04) version 13.3.0 (x86_64-linux-gnu)
   3              	#	compiled by GNU C version 13.3.0, GMP version 6.3.0, MPFR version 4.2.1, MPC version 1.3.1, isl v
   4              	
   5              	# GGC heuristics: --param ggc-min-expand=100 --param ggc-min-heapsize=131072
   6              	# options passed: -mcmodel=large -m64 -mtune=generic -march=x86-64 -g -fno-builtin -fno-stack-prote
   7              		.text
   8              	.Ltext0:
   9              		.file 0 "/workspace/myos/kernel" "memory.c"
  10              		.type	Get_gdt, @function
  11              	Get_gdt:
  12              	.LFB0:
  13              		.file 1 "memory.h"
   1:memory.h      **** #ifndef _MEMORY_H_
   2:memory.h      **** #define _MEMORY_H_
   3:memory.h      **** //The number of page table entries. 
   4:memory.h      **** //In 64-bit mode, each page table entry occupies 8 bytes, so a page table can accommodate up to 512
   5:memory.h      **** #define PTRS_PER_PAGE 512
   6:memory.h      **** /*
   7:memory.h      **** This macro defines the starting virtual address of the kernel space. On the x86_64 architecture, th
   8:memory.h      **** used to directly map physical memory to the kernel virtual address space.
   9:memory.h      **** */
  10:memory.h      **** #define PAGE_OFFSET ((unsigned long)0xffff800000000000)
  11:memory.h      **** /* 
  12:memory.h      **** Address translation process:
  13:memory.h      **** 1. CR3 register → Physical base address of PML4
  14:memory.h      **** 2. PML4 index → Find the physical address of PDPT in PML4
  15:memory.h      **** 3. PDPT index → Find the physical address of PD in PDPT
  16:memory.h      **** 4. PD index → Find the physical address of PT in PD
  17:memory.h      **** 5. PT index → Find the physical page frame address in PT
  18:memory.h      **** 6. Offset → Specific location in the physical address
  19:memory.h      **** 
  20:memory.h      **** In the x86_64 architecture, the standard 48-bit virtual address layout is as follows:
  21:memory.h      **** 
  22:memory.h      **** 47               39 38               30 29               21 20               12 11        0
  23:memory.h      **** ┌────────────────┬───────────────
  24:memory.h      **** │PML4 indexes    │PDPT indexes    │PD   indexes    │     PT   indexs|     offset      │
  25:memory.h      **** │    (9 bits)    │    (9 bits)    │    (9 bits)    │    (9 bits)    │    (12 bits)    │
  26:memory.h      **** └────────────────┴───────────────
  27:memory.h      ****        ↑                 ↑                 ↑                 ↑                ↑
  28:memory.h      ****       47-39            38-30             29-21             20-12            11-0
  29:memory.h      **** 
  30:memory.h      **** 	Therefore, in order to extract the top 9 bits (the PML4 index) from the 64-bit virtual address, it
  31:memory.h      **** The following code is similar
  32:memory.h      **** */
  33:memory.h      **** #define PAGE_GDT_SHIFT 39
  34:memory.h      **** #define PAGE_1G_SHIFT 30
  35:memory.h      **** #define PAGE_2M_SHIFT 21
  36:memory.h      **** // 2 raised to the power of 12 equals 4096, which is 4k. 
  37:memory.h      **** //These are the physical page capacities represented by each page table entry.
  38:memory.h      **** #define PAGE_4K_SHIFT 12
  39:memory.h      **** //1UL：Unsigned long integer constant 1 (64 bits)
  40:memory.h      **** //2,097,152,即2M
  41:memory.h      **** #define PAGE_2M_SIZE (1UL << PAGE_2M_SHIFT)
  42:memory.h      **** //1UL << 12 = 4,096 = 4KB。
  43:memory.h      **** #define PAGE_4K_SIZE (1UL << PAGE_4K_SHIFT)
  44:memory.h      **** /*
GAS LISTING memory.s 			page 2


  45:memory.h      **** This mask, when performing a "AND" operation with any address, will clear the lower 21 bits of the 
  46:memory.h      **** thereby obtaining the starting address of the 2MB page where the address is located (2MB alignment)
  47:memory.h      **** */
  48:memory.h      **** #define PAGE_2M_MASK (~(PAGE_2M_SIZE - 1))
  49:memory.h      **** #define PAGE_4K_MASK (~(PAGE_4K_SIZE - 1))
  50:memory.h      **** 
  51:memory.h      **** /* 
  52:memory.h      **** set a = q·s + r，among 0 ≤ r < s（r is the remainder）
  53:memory.h      **** 
  54:memory.h      **** s (Page Size): Page Size
  55:memory.h      **** s = PAGE_2M_SIZE or s = PAGE_4K_SIZE 
  56:memory.h      **** This is the reference unit we need to align with. 
  57:memory.h      **** For example: PAGE_4K_SIZE = 4096 (bytes) 
  58:memory.h      **** q (Quotient): Quotient
  59:memory.h      **** q = floor(a / s), which is the integer quotient obtained by dividing the address a by the page size
  60:memory.h      **** Indicates the total number of complete pages that were already included before address a. 
  61:memory.h      **** r (Remainder): Remainder
  62:memory.h      **** r = a % s, which means the remainder obtained when the address a is divided by the page size. 
  63:memory.h      **** Indicates the offset of address a beyond the last complete page
  64:memory.h      ****  
  65:memory.h      **** situation 1: r = 0（Alignment completed）
  66:memory.h      **** (a + s - 1) & ~(s-1) 
  67:memory.h      **** = (q·s + s - 1) & ~(s-1)
  68:memory.h      **** = ((q+1)·s - 1) & ~(s-1)
  69:memory.h      **** = q·s   
  70:memory.h      **** Because the lower log₂(s) bits of (q + 1)·s - 1 are all 1 (for example, when 4KB alignment is us
  71:memory.h      **** after performing an AND operation with ~(s - 1) (a mask with the lower log₂(s) bits being 0), 
  72:memory.h      **** these lower bits are cleared, and the result becomes q·s
  73:memory.h      **** 
  74:memory.h      ****  "Low log₂(s) bits" meaning:
  75:memory.h      **** In binary representation, the "low log₂(s) bits" refer to the lowest log₂(s) bits of a binary n
  76:memory.h      **** Taking 4KB alignment as an example (s = 4096 = 2¹²):
  77:memory.h      **** s-1 = 4095 = binary : 00000000000000000000111111111111
  78:memory.h      ****                                           ↑low 12 bits↑
  79:memory.h      **** In the binary representation of 4095, the lower 12 bits are all 1. 
  80:memory.h      **** So, "low log₂(4096) = 12 bits" means that these are the lowest 12 binary digits of this number.
  81:memory.h      **** situation 2: r > 0（not alignment）
  82:memory.h      **** (a + s - 1) & ~(s-1)
  83:memory.h      **** = (q·s + r + s - 1) & ~(s-1)
  84:memory.h      **** = ((q+1)·s + (r-1)) & ~(s-1)
  85:memory.h      **** = (q+1)·s  
  86:memory.h      **** // Because r - 1 < s - 1, after clearing the lower bits, we obtain (q + 1)·s
  87:memory.h      **** */
  88:memory.h      **** #define PAGE_2M_ALIGN(addr) (((unsigned long)(addr) + PAGE_2M_SIZE - 1) & PAGE_2M_MASK)
  89:memory.h      **** #define PAGE_4K_ALIGN(addr) (((unsigned long)(addr) + PAGE_4K_SIZE - 1) & PAGE_4K_MASK)
  90:memory.h      **** #define Virt_To_Phy(addr) ((unsigned long)(addr) - PAGE_OFFSET)
  91:memory.h      **** #define Phy_To_Virt(addr) ((unsigned long*)((unsigned long)(addr) + PAGE_OFFSET))
  92:memory.h      **** /*
  93:memory.h      **** Address space diagram (aligned at 4KB):
  94:memory.h      **** 0x0000 ┌─────────────┐ ← Page border (q·s)
  95:memory.h      ****        │  page 0     │
  96:memory.h      **** 0x1000 ├─────────────┤ ← Next page border ((q+1)·s)
  97:memory.h      ****        │  page 1     │
  98:memory.h      **** 0x2000 ├─────────────┤
  99:memory.h      ****        │  page 2     │
 100:memory.h      ****        └─────────────┘
 101:memory.h      **** if the address a=0x1234：
GAS LISTING memory.s 			page 3


 102:memory.h      **** a = 0x1234（Inside page 0, but not on the boundary.）
 103:memory.h      **** after alignment = 0x2000（Next page boundary）
 104:memory.h      **** */
 105:memory.h      **** ////alloc_pages zone_select
 106:memory.h      **** 
 107:memory.h      **** //Mark the DMA (Direct Memory Access) area
 108:memory.h      **** #define ZONE_DMA	(1 << 0) //1
 109:memory.h      **** 
 110:memory.h      **** //Mark the ordinary memory area
 111:memory.h      **** #define ZONE_NORMAL	(1 << 1) //2
 112:memory.h      **** 
 113:memory.h      **** //Mark the unmapped or high-end memory regions
 114:memory.h      **** #define ZONE_UNMAPED	(1 << 2) // 4
 115:memory.h      **** 
 116:memory.h      **** ////struct page attribute (alloc_pages flags)
 117:memory.h      **** 
 118:memory.h      **** //The page has been mapped to the page table.
 119:memory.h      **** #define PG_PTable_Maped	(1 << 0) //1
 120:memory.h      **** 
 121:memory.h      **** //Kernel initialization page
 122:memory.h      **** #define PG_Kernel_Init	(1 << 1) //2
 123:memory.h      **** 
 124:memory.h      **** 
 125:memory.h      **** //The page has been accessed recently.
 126:memory.h      **** #define PG_Referenced	(1 << 2)  //4
 127:memory.h      **** 
 128:memory.h      **** //The page has been modified (dirty page)
 129:memory.h      **** #define PG_Dirty	(1 << 3)  //8
 130:memory.h      **** 
 131:memory.h      **** //Active page (in the active LRU linked list)
 132:memory.h      **** #define PG_Active	(1 << 4)  //16
 133:memory.h      **** 
 134:memory.h      **** //The page data is up-to-date.
 135:memory.h      **** #define PG_Up_To_Date	(1 << 5) //32
 136:memory.h      **** 
 137:memory.h      **** //Device memory page
 138:memory.h      **** #define PG_Device	(1 << 6) //64
 139:memory.h      **** 
 140:memory.h      **** //Pages used by the kernel
 141:memory.h      **** #define PG_Kernel	(1 << 7) //128
 142:memory.h      **** 
 143:memory.h      **** //Pages shared by the kernel to the user space
 144:memory.h      **** #define PG_K_Share_To_U	(1 << 8)  //256
 145:memory.h      **** 
 146:memory.h      **** //The pages used by the slab allocator
 147:memory.h      **** #define PG_Slab		(1 << 9)  //512
 148:memory.h      **** 
 149:memory.h      **** 
 150:memory.h      **** /*
 151:memory.h      **** When the system starts up, the BIOS/boot program collects the memory mapping information. 
 152:memory.h      **** The boot program stores the mapping table at the designated location (such as physical address 0x7e
 153:memory.h      **** During the kernel initialization, a page table mapping is established to make this physical address
 154:memory.h      **** The kernel code reads and parses these entries through pointers. 
 155:memory.h      **** The kernel builds the physical memory management data structure based on this information.
 156:memory.h      **** 
 157:memory.h      **** E820 is a convenient tool for BIOS of X86-based computer systems to map memory to the operating sys
 158:memory.h      **** By setting the AX register to the hexadecimal value E820, it can be accessed through the INT15H cal
GAS LISTING memory.s 			page 4


 159:memory.h      **** reporting which memory address ranges are available and which are reserved for use by the BIOS.
 160:memory.h      **** */
 161:memory.h      **** //refresh TLB
 162:memory.h      **** // #define flush_tlb()		\
 163:memory.h      **** // do {
 164:memory.h      **** // 	unsigned long tmpreq;								\
 165:memory.h      **** // 	__asm__ __volatile__ ("movq %%cr3, %0  \n\t"			\
 166:memory.h      **** // 	                      "movq %0, %%cr3 \n\t"			\
 167:memory.h      **** // 	                      : "=r"(tmpreq)				\
 168:memory.h      **** // 	                      : 							\
 169:memory.h      **** // 	                      : "memory"					\
 170:memory.h      **** // 	                     );								\
 171:memory.h      **** // } while (0)
 172:memory.h      **** 
 173:memory.h      **** #define flush_tlb() \
 174:memory.h      **** do { \
 175:memory.h      ****     unsigned long tmpreq; \
 176:memory.h      ****     __asm__ __volatile__ ( \
 177:memory.h      ****         "movq %%cr3, %0\n\t" \
 178:memory.h      ****         "movq %0, %%cr3" \
 179:memory.h      ****         : "=r" (tmpreq) \
 180:memory.h      ****         : \
 181:memory.h      ****         : "memory" \
 182:memory.h      ****     ); \
 183:memory.h      **** } while (0)
 184:memory.h      **** 
 185:memory.h      **** static unsigned long *Get_gdt(){
  14              		.loc 1 185 32
  15              		.cfi_startproc
  16 0000 F30F1EFA 		endbr64	
  17 0004 55       		pushq	%rbp	#
  18              		.cfi_def_cfa_offset 16
  19              		.cfi_offset 6, -16
  20 0005 4889E5   		movq	%rsp, %rbp	#,
  21              		.cfi_def_cfa_register 6
  22              	.L3:
  23 0008 488D05F9 		leaq	.L3(%rip), %rax	#, tmp82
  23      FFFFFF
  24 000f 49BB0000 		movabsq	$_GLOBAL_OFFSET_TABLE_-.L3, %r11	#,
  24      00000000 
  24      0000
  25 0019 4C01D8   		addq	%r11, %rax	#, tmp82
  26              	# memory.h:187: 	__asm__ __volatile__ ("movq %%cr3, %0  \n\t"			
 186:memory.h      **** 	unsigned long * tmp;
 187:memory.h      **** 	__asm__ __volatile__ ("movq %%cr3, %0  \n\t"			
  27              		.loc 1 187 2
  28              	#APP
  29              	# 187 "memory.h" 1
 188              		                      : "=r"(tmp)				
 189              		                      : 							
  30              		movq %cr3, %rax  	# tmp
  31              		
  32              	# 0 "" 2
  33              	#NO_APP
  34 001f 488945F8 		movq	%rax, -8(%rbp)	# tmp, tmp
  35              	# memory.h:192: 	return tmp;
 190:memory.h      **** 	                      : "memory"
GAS LISTING memory.s 			page 5


 191:memory.h      **** 	                     );								
 192:memory.h      **** 	return tmp;
  36              		.loc 1 192 9
  37 0023 488B45F8 		movq	-8(%rbp), %rax	# tmp, _4
  38              	# memory.h:193: }
 193:memory.h      **** }
  39              		.loc 1 193 1
  40 0027 5D       		popq	%rbp	#
  41              		.cfi_def_cfa 7, 8
  42 0028 C3       		ret	
  43              		.cfi_endproc
  44              	.LFE0:
  45              		.size	Get_gdt, .-Get_gdt
  46              		.globl	memory_management_struct
  47              		.bss
  48              		.align 32
  49              		.type	memory_management_struct, @object
  50              		.size	memory_management_struct, 760
  51              	memory_management_struct:
  52 0000 00000000 		.zero	760
  52      00000000 
  52      00000000 
  52      00000000 
  52      00000000 
  53              		.text
  54              		.type	Cmemset, @function
  55              	Cmemset:
  56              	.LFB13:
  57              		.file 2 "lib.h"
   1:lib.h         **** //also the head protection
   2:lib.h         **** #ifndef _LIB_H_
   3:lib.h         **** #define _LIB_H_
   4:lib.h         **** 
   5:lib.h         **** //#define NULL 0
   6:lib.h         **** #define NULL ((void *)0)
   7:lib.h         **** 
   8:lib.h         **** // allow interrupt 
   9:lib.h         **** /*As for memory modification, 
  10:lib.h         **** Make sure that before executing this sti/cli/nop instruction, 
  11:lib.h         **** all modifications to the memory in the C/C++ code have actually been written to the memory, 
  12:lib.h         **** rather than remaining in the register cache.
  13:lib.h         ****  At the same time, it will also prevent the compiler from mistakenly using the old values 
  14:lib.h         ****  of the cached memory in the registers after this assembly instruction.
  15:lib.h         **** */
  16:lib.h         **** #define sti()       __asm__ __volatile__ ("sti \n\t":::"memory")
  17:lib.h         **** // disable interrupt
  18:lib.h         **** #define cli()	 	__asm__ __volatile__ ("cli	\n\t":::"memory")
  19:lib.h         **** /*nop:The program counter (PC) increments by one (indicating the next instruction) 
  20:lib.h         **** and consumes one instruction cycle of time.*/
  21:lib.h         **** #define nop()       __asm__ __volatile__ ("nop \n\t":::"memory")
  22:lib.h         **** // Ensure that all memory loads (reads) and stores (writes) that are issued before the mfence instr
  23:lib.h         **** // are completed before any memory operations that are issued after the mfence instruction.
  24:lib.h         **** #define io_mfence() 	__asm__ __volatile__ ("mfence	\n\t":::"memory")
  25:lib.h         **** /*&(((type *)0)->member)
  26:lib.h         **** Convert the address 0 to the type *type 
  27:lib.h         **** Access the "member" member of this structure. 
  28:lib.h         **** Retrieve the address of this member 
GAS LISTING memory.s 			page 6


  29:lib.h         **** Result: Obtained the offset of the member within the structure (since the base address is 0)
  30:lib.h         **** 
  31:lib.h         ****  (unsigned long)p - (unsigned long)&(((type *)0)->member)
  32:lib.h         **** Subtract the offset of the member in the structure from its actual address 
  33:lib.h         **** Result: Obtained the starting point of the entire structure.址
  34:lib.h         **** */
  35:lib.h         **** #define container_of(ptr,type,member)							\
  36:lib.h         **** ({											\
  37:lib.h         **** 	typeof(((type *)0)->member) * p = (ptr);					\
  38:lib.h         **** 	(type *)((unsigned long)p - (unsigned long)&(((type *)0)->member));		\
  39:lib.h         **** })
  40:lib.h         **** 
  41:lib.h         **** enum {
  42:lib.h         **** 	false	= 0,
  43:lib.h         **** 	true	= 1
  44:lib.h         **** };
  45:lib.h         **** //linux version
  46:lib.h         **** /**
  47:lib.h         ****  * container_of_linux - cast a member of a structure out to the containing structure
  48:lib.h         ****  * @ptr:	the pointer to the member.
  49:lib.h         ****  * @type:	the type of the container struct this is embedded in.
  50:lib.h         ****  * @member:	the name of the member within the struct.
  51:lib.h         ****  *
  52:lib.h         ****  * WARNING: any const qualifier of @ptr is lost.
  53:lib.h         ****  */
  54:lib.h         **** 
  55:lib.h         **** // Cancel definition (if any)
  56:lib.h         **** #undef offsetof
  57:lib.h         **** // Define offsetof as the compiler's inherent offsetof
  58:lib.h         **** #define offsetof(TYPE, MEMBER)	__builtin_offsetof(TYPE, MEMBER)
  59:lib.h         **** 
  60:lib.h         **** #define static_assert(expr, ...) __static_assert(expr, ##__VA_ARGS__, #expr)
  61:lib.h         **** #define __static_assert(expr, msg, ...) _Static_assert(expr, msg)
  62:lib.h         **** #define typeof_member(T, m)	typeof(((T*)0)->m)
  63:lib.h         **** 
  64:lib.h         **** #define container_of_linux(ptr, type, member) ({				\
  65:lib.h         **** 	void *__mptr = (void *)(ptr);					\
  66:lib.h         **** 	static_assert(__same_type(*(ptr), ((type *)0)->member) ||	\
  67:lib.h         **** 		      __same_type(*(ptr), void),			\
  68:lib.h         **** 		      "pointer type mismatch in container_of_linux()");	\
  69:lib.h         **** 	((type *)(__mptr - offsetof(type, member))); })
  70:lib.h         **** 
  71:lib.h         **** /**
  72:lib.h         ****  * container_of_const - cast a member of a structure out to the containing
  73:lib.h         ****  *			structure and preserve the const-ness of the pointer
  74:lib.h         ****  * @ptr:		the pointer to the member
  75:lib.h         ****  * @type:		the type of the container struct this is embedded in.
  76:lib.h         ****  * @member:		the name of the member within the struct.
  77:lib.h         ****  */
  78:lib.h         **** #define container_of_const(ptr, type, member)				\
  79:lib.h         **** 	_Generic(ptr,							\
  80:lib.h         **** 		const typeof(*(ptr)) *: ((const type *)container_of_linux(ptr, type, member)),\
  81:lib.h         **** 		default: ((type *)container_of_linux(ptr, type, member))	\
  82:lib.h         **** 	)
  83:lib.h         **** struct List
  84:lib.h         **** {
  85:lib.h         ****     struct List *next;
GAS LISTING memory.s 			page 7


  86:lib.h         ****     struct List *prev;
  87:lib.h         **** };
  88:lib.h         **** 
  89:lib.h         **** static inline void list_init(struct List *list)
  90:lib.h         **** {
  91:lib.h         ****     list->next = list;
  92:lib.h         ****     list->prev = list;
  93:lib.h         **** }
  94:lib.h         **** 
  95:lib.h         **** static inline void list_add_to_behind(struct List *entry,struct List *new)
  96:lib.h         **** {
  97:lib.h         ****     new->next = entry->next;
  98:lib.h         ****     new->prev = entry;
  99:lib.h         ****     entry->next->prev = new;
 100:lib.h         ****     entry->next = new;
 101:lib.h         **** }
 102:lib.h         **** static inline void list_add_to_before(struct List *entry,struct List*new ){
 103:lib.h         ****     new->next = entry;
 104:lib.h         ****     new->prev = entry->prev;
 105:lib.h         ****     entry->prev->next = new;
 106:lib.h         ****     entry->prev = new;
 107:lib.h         **** }
 108:lib.h         **** static inline void list_del(struct List *entry){
 109:lib.h         ****     entry->next->prev = entry->prev;
 110:lib.h         **** 	entry->prev->next = entry->next;
 111:lib.h         **** }
 112:lib.h         **** 
 113:lib.h         **** static inline long list_is_empty(struct List *entry){
 114:lib.h         ****     if (entry->next == entry && entry->prev == entry)
 115:lib.h         ****     {
 116:lib.h         ****         return true;
 117:lib.h         ****     }else{
 118:lib.h         ****         return false;
 119:lib.h         ****     }
 120:lib.h         **** }
 121:lib.h         **** 
 122:lib.h         **** static inline struct List *list_prev(struct List *entry){
 123:lib.h         ****     if (entry->prev != NULL)
 124:lib.h         ****     {
 125:lib.h         ****         return entry->prev;
 126:lib.h         ****     }else{
 127:lib.h         ****         return NULL;
 128:lib.h         ****     }
 129:lib.h         **** }
 130:lib.h         **** 
 131:lib.h         **** static inline struct List *list_next(struct List *entry){
 132:lib.h         ****     if (entry->next != NULL)
 133:lib.h         ****     {
 134:lib.h         ****         return entry->next;
 135:lib.h         ****     }else{
 136:lib.h         ****         return NULL;
 137:lib.h         ****     }
 138:lib.h         **** }
 139:lib.h         **** static inline void *memcpy(void *From,void *To,long Num){
 140:lib.h         ****     int d0,d1,d2;
 141:lib.h         ****     __asm__ __volatile__ ("cld \n\t"
 142:lib.h         ****         "rep \n\t"
GAS LISTING memory.s 			page 8


 143:lib.h         ****         "movsq \n\t"
 144:lib.h         ****         "testb $4,%b4 \n\t"
 145:lib.h         ****         "je 1f \n\t"
 146:lib.h         ****         "movsl \n\t"
 147:lib.h         ****         "1: \n\t"
 148:lib.h         ****         "testb $2,%b4 \n\t"
 149:lib.h         ****         "je 2f \n\t"
 150:lib.h         ****         "movsw \n\t"
 151:lib.h         ****         "2:"
 152:lib.h         ****         "testb $1,%b4 \n\t"
 153:lib.h         ****         "je 3f \n\t"
 154:lib.h         ****         "movsb \n\t"
 155:lib.h         ****         "3:  \n\t"
 156:lib.h         ****         :"=&c"(d0),"=&D"(d1),"=&S"(d2)
 157:lib.h         ****         :"0"(Num/8),"q"(Num),"1"(To),"2"(From)
 158:lib.h         ****         :"memory"
 159:lib.h         ****     );
 160:lib.h         ****     return To;
 161:lib.h         **** }
 162:lib.h         **** static inline void * Cmemcpy(void *To, void *From, long Num)
 163:lib.h         **** {
 164:lib.h         ****     char *to = (char *)To;
 165:lib.h         ****     char *from = (char *)From;
 166:lib.h         ****     long remaining = Num;
 167:lib.h         ****     
 168:lib.h         **** // Copy an 8-byte block (64-bit)
 169:lib.h         ****     while (remaining >= 8) {
 170:lib.h         ****         *((long *)to) = *((long *)from);
 171:lib.h         ****         to += 8;
 172:lib.h         ****         from += 8;
 173:lib.h         ****         remaining -= 8;
 174:lib.h         ****     }
 175:lib.h         ****     
 176:lib.h         **** // Check if a 4-byte block needs to be copied
 177:lib.h         ****     if (remaining & 4) {
 178:lib.h         ****         *((int *)to) = *((int *)from);
 179:lib.h         ****         to += 4;
 180:lib.h         ****         from += 4;
 181:lib.h         ****     }
 182:lib.h         ****     
 183:lib.h         **** // Check if a 2-byte block needs to be copied
 184:lib.h         ****     if (remaining & 2) {
 185:lib.h         ****         *((short *)to) = *((short *)from);
 186:lib.h         ****         to += 2;
 187:lib.h         ****         from += 2;
 188:lib.h         ****     }
 189:lib.h         ****     
 190:lib.h         **** // Check if a 1-byte copy is required
 191:lib.h         ****     if (remaining & 1) {
 192:lib.h         ****         *to = *from;
 193:lib.h         ****     }
 194:lib.h         ****     
 195:lib.h         ****     return To;
 196:lib.h         **** }
 197:lib.h         **** 
 198:lib.h         **** 
 199:lib.h         **** // inline int memcmp(void* FirstPart,void* SecondPart,long Count){
GAS LISTING memory.s 			page 9


 200:lib.h         **** //     register int __res;
 201:lib.h         **** //     __asm__ __volatile__ ("cld \n\t"      //clean direction
 202:lib.h         **** //         "repe \n\t"     // 重复执行下条指令直到ecx=0或ZF=0
 203:lib.h         **** //         "cmpsb \n\t"    // 比较[esi]和[edi]的字节，同时递增指针
 204:lib.h         **** //         "je 1f \n\t"     // 如果全部相等，跳转到标签1
 205:lib.h         **** //         "movl $1,%%eax \n\t" // 设置eax=1（FirstPart > SecondPart）
 206:lib.h         **** //         "jl 1f \n\t"    // 如果小于，跳转到标签1（保持eax=1）
 207:lib.h         **** //         "negl %%eax \n\t"   // 否则取反eax（eax=-1，FirstPart < SecondPart）
 208:lib.h         **** //         "1: \n\t"
 209:lib.h         **** //         :"=a"(__res)
 210:lib.h         **** //         :"0"(0),            //0：内存块相等
 211:lib.h         **** //         "D"(FirstPart),
 212:lib.h         **** //         "S"(SecondPart),
 213:lib.h         **** //         "c"(Count)
 214:lib.h         **** //         :
 215:lib.h         **** //     );
 216:lib.h         **** //     return __res;
 217:lib.h         **** // }
 218:lib.h         **** 
 219:lib.h         **** static inline int memcmp(void* FirstPart, void* SecondPart, long Count) {
 220:lib.h         ****     if (Count == 0) return 0;
 221:lib.h         ****     
 222:lib.h         ****     register int __res;
 223:lib.h         ****     __asm__ __volatile__ (
 224:lib.h         ****         "cld \n\t"
 225:lib.h         ****         "repe \n\t"
 226:lib.h         ****         "cmpsb \n\t"
 227:lib.h         ****         "jne 1f \n\t"
 228:lib.h         ****         "xorl %%eax, %%eax \n\t"  // 相等
 229:lib.h         ****         "jmp 2f \n\t"
 230:lib.h         ****         "1: \n\t"
 231:lib.h         ****         "movzbl -1(%%esi), %%edx \n\t"  // 第二个字符串的字符
 232:lib.h         ****         "movzbl -1(%%edi), %%eax \n\t"  // 第一个字符串的字符  
 233:lib.h         ****         "subl %%edx, %%eax \n\t"        // 计算差值
 234:lib.h         ****         "2: \n\t"
 235:lib.h         ****         :"=a"(__res)
 236:lib.h         ****         :"D"(FirstPart),
 237:lib.h         ****          "S"(SecondPart),
 238:lib.h         ****          "c"(Count)
 239:lib.h         ****         : "edx", "cc", "memory"
 240:lib.h         ****     );
 241:lib.h         ****     return __res;
 242:lib.h         **** }
 243:lib.h         **** 
 244:lib.h         **** static inline int Cmemcmp(void *FirstPart, void *SecondPart, long Count)
 245:lib.h         **** {
 246:lib.h         ****     unsigned char *p1 = (unsigned char *)FirstPart;
 247:lib.h         ****     unsigned char *p2 = (unsigned char *)SecondPart;
 248:lib.h         ****     
 249:lib.h         **** // Byte-by-byte comparison
 250:lib.h         ****     while (Count-- > 0) {
 251:lib.h         ****         if (*p1 != *p2) {
 252:lib.h         ****             // Return the difference (with the sign indicating the magnitude relationship)
 253:lib.h         ****             return (*p1 > *p2) ? 1 : -1;
 254:lib.h         ****         }
 255:lib.h         ****         p1++;
 256:lib.h         ****         p2++;
GAS LISTING memory.s 			page 10


 257:lib.h         ****     }
 258:lib.h         ****     
 259:lib.h         ****     // All bytes are equal.
 260:lib.h         ****     return 0;
 261:lib.h         **** }
 262:lib.h         **** 
 263:lib.h         **** static inline void * memset(void *Address,unsigned char C,long Count){
 264:lib.h         ****     int d0,d1;
 265:lib.h         ****     // Copy the single-byte value to each byte of the 64-bit value
 266:lib.h         ****     unsigned long tmp=C*0x0101010101010101UL;
 267:lib.h         ****     __asm__ __volatile__ ("cld \n\t"
 268:lib.h         ****         "rep \n\t"
 269:lib.h         ****         "stosq \n\t"
 270:lib.h         ****         "testb $4,%b3 \n\t"
 271:lib.h         ****         "je 1f \n\t"
 272:lib.h         ****         "stosl \n\t"
 273:lib.h         ****         "1: \n\t"
 274:lib.h         ****         "testb $2,%b3 \n\t"
 275:lib.h         ****         "je 2f \n\t"
 276:lib.h         ****         "stosw \n\t"
 277:lib.h         ****         "2:"
 278:lib.h         ****         "testb $1,%b3 \n\t"
 279:lib.h         ****         "je 3f \n\t"
 280:lib.h         ****         "stosb \n\t"
 281:lib.h         ****         "3: \n\t"
 282:lib.h         ****         :"=&c"(d0),"=&D"(d1)
 283:lib.h         ****         :"a"(tmp),"q"(Count),"0"(Count/8),"1"(Address)
 284:lib.h         ****         :"memory"
 285:lib.h         ****     );
 286:lib.h         ****     return Address;
 287:lib.h         **** }
 288:lib.h         **** static inline void * Cmemset(void *Address, unsigned char C, long Count)
 289:lib.h         **** {
  58              		.loc 2 289 1
  59              		.cfi_startproc
  60 0029 F30F1EFA 		endbr64	
  61 002d 55       		pushq	%rbp	#
  62              		.cfi_def_cfa_offset 16
  63              		.cfi_offset 6, -16
  64 002e 4889E5   		movq	%rsp, %rbp	#,
  65              		.cfi_def_cfa_register 6
  66              	.L11:
  67 0031 488D05F9 		leaq	.L11(%rip), %rax	#, tmp82
  67      FFFFFF
  68 0038 49BB0000 		movabsq	$_GLOBAL_OFFSET_TABLE_-.L11, %r11	#,
  68      00000000 
  68      0000
  69 0042 4C01D8   		addq	%r11, %rax	#, tmp82
  70 0045 48897DD8 		movq	%rdi, -40(%rbp)	# Address, Address
  71 0049 89F0     		movl	%esi, %eax	# C, tmp93
  72 004b 488955C8 		movq	%rdx, -56(%rbp)	# Count, Count
  73 004f 8845D4   		movb	%al, -44(%rbp)	# tmp94, C
  74              	# lib.h:290:     unsigned char *ptr = (unsigned char *)Address;
 290:lib.h         ****     unsigned char *ptr = (unsigned char *)Address;
  75              		.loc 2 290 20
  76 0052 488B45D8 		movq	-40(%rbp), %rax	# Address, tmp95
  77 0056 488945F8 		movq	%rax, -8(%rbp)	# tmp95, ptr
GAS LISTING memory.s 			page 11


  78              	# lib.h:291:     unsigned long pattern = C;
 291:lib.h         ****     unsigned long pattern = C;
  79              		.loc 2 291 19
  80 005a 0FB645D4 		movzbl	-44(%rbp), %eax	# C, tmp96
  81 005e 488945E8 		movq	%rax, -24(%rbp)	# tmp96, pattern
  82              	# lib.h:302:     pattern |= (pattern << 8);
 292:lib.h         ****     
 293:lib.h         **** // Expand from single byte to 8-byte mode (multiplication effect of 0x0101010101010101)
 294:lib.h         **** // This allows 64-bit writing to replace byte-by-byte writing
 295:lib.h         **** // Bitwise OR operator (|)
 296:lib.h         ****     /*
 297:lib.h         ****     0 | 0 = 0
 298:lib.h         ****     0 | 1 = 1
 299:lib.h         ****     1 | 0 = 1
 300:lib.h         ****     1 | 1 = 1
 301:lib.h         ****     */
 302:lib.h         ****     pattern |= (pattern << 8);
  83              		.loc 2 302 25
  84 0062 488B45E8 		movq	-24(%rbp), %rax	# pattern, tmp97
  85 0066 48C1E008 		salq	$8, %rax	#, _1
  86              	# lib.h:302:     pattern |= (pattern << 8);
  87              		.loc 2 302 13
  88 006a 480945E8 		orq	%rax, -24(%rbp)	# _1, pattern
  89              	# lib.h:303:     pattern |= (pattern << 16);
 303:lib.h         ****     pattern |= (pattern << 16);
  90              		.loc 2 303 25
  91 006e 488B45E8 		movq	-24(%rbp), %rax	# pattern, tmp98
  92 0072 48C1E010 		salq	$16, %rax	#, _2
  93              	# lib.h:303:     pattern |= (pattern << 16);
  94              		.loc 2 303 13
  95 0076 480945E8 		orq	%rax, -24(%rbp)	# _2, pattern
  96              	# lib.h:304:     pattern |= (pattern << 32);
 304:lib.h         ****     pattern |= (pattern << 32);
  97              		.loc 2 304 25
  98 007a 488B45E8 		movq	-24(%rbp), %rax	# pattern, tmp99
  99 007e 48C1E020 		salq	$32, %rax	#, _3
 100              	# lib.h:304:     pattern |= (pattern << 32);
 101              		.loc 2 304 13
 102 0082 480945E8 		orq	%rax, -24(%rbp)	# _3, pattern
 103              	# lib.h:306:     long remaining = Count;
 305:lib.h         ****     
 306:lib.h         ****     long remaining = Count;
 104              		.loc 2 306 10
 105 0086 488B45C8 		movq	-56(%rbp), %rax	# Count, tmp100
 106 008a 488945F0 		movq	%rax, -16(%rbp)	# tmp100, remaining
 107              	# lib.h:309:     while (remaining >= 8) {
 307:lib.h         ****     
 308:lib.h         ****     // First, fill in in 8-byte blocks (64 bits each)
 309:lib.h         ****     while (remaining >= 8) {
 108              		.loc 2 309 11
 109 008e EB15     		jmp	.L5	#
 110              	.L6:
 111              	# lib.h:310:         *((unsigned long *)ptr) = pattern;
 310:lib.h         ****         *((unsigned long *)ptr) = pattern;
 112              		.loc 2 310 33
 113 0090 488B45F8 		movq	-8(%rbp), %rax	# ptr, tmp101
 114 0094 488B55E8 		movq	-24(%rbp), %rdx	# pattern, tmp102
GAS LISTING memory.s 			page 12


 115 0098 488910   		movq	%rdx, (%rax)	# tmp102, MEM[(long unsigned int *)ptr_9]
 116              	# lib.h:311:         ptr += 8;
 311:lib.h         ****         ptr += 8;
 117              		.loc 2 311 13
 118 009b 488345F8 		addq	$8, -8(%rbp)	#, ptr
 118      08
 119              	# lib.h:312:         remaining -= 8;
 312:lib.h         ****         remaining -= 8;
 120              		.loc 2 312 19
 121 00a0 48836DF0 		subq	$8, -16(%rbp)	#, remaining
 121      08
 122              	.L5:
 123              	# lib.h:309:     while (remaining >= 8) {
 309:lib.h         ****         *((unsigned long *)ptr) = pattern;
 124              		.loc 2 309 22
 125 00a5 48837DF0 		cmpq	$7, -16(%rbp)	#, remaining
 125      07
 126 00aa 7FE4     		jg	.L6	#,
 127              	# lib.h:316:     if (remaining & 4) {
 313:lib.h         ****     }
 314:lib.h         ****     
 315:lib.h         ****     // Check if 4 bytes need to be filled in
 316:lib.h         ****     if (remaining & 4) {
 128              		.loc 2 316 19
 129 00ac 488B45F0 		movq	-16(%rbp), %rax	# remaining, tmp103
 130 00b0 83E004   		andl	$4, %eax	#, _4
 131              	# lib.h:316:     if (remaining & 4) {
 132              		.loc 2 316 8
 133 00b3 4885C0   		testq	%rax, %rax	# _4
 134 00b6 7411     		je	.L7	#,
 135              	# lib.h:317:         *((unsigned int *)ptr) = (unsigned int)pattern;
 317:lib.h         ****         *((unsigned int *)ptr) = (unsigned int)pattern;
 136              		.loc 2 317 34
 137 00b8 488B45E8 		movq	-24(%rbp), %rax	# pattern, tmp104
 138 00bc 89C2     		movl	%eax, %edx	# tmp104, _5
 139              	# lib.h:317:         *((unsigned int *)ptr) = (unsigned int)pattern;
 140              		.loc 2 317 32
 141 00be 488B45F8 		movq	-8(%rbp), %rax	# ptr, tmp105
 142 00c2 8910     		movl	%edx, (%rax)	# _5, MEM[(unsigned int *)ptr_9]
 143              	# lib.h:318:         ptr += 4;
 318:lib.h         ****         ptr += 4;
 144              		.loc 2 318 13
 145 00c4 488345F8 		addq	$4, -8(%rbp)	#, ptr
 145      04
 146              	.L7:
 147              	# lib.h:322:     if (remaining & 2) {
 319:lib.h         ****     }
 320:lib.h         ****     
 321:lib.h         ****     // Check if 2 bytes need to be filled in
 322:lib.h         ****     if (remaining & 2) {
 148              		.loc 2 322 19
 149 00c9 488B45F0 		movq	-16(%rbp), %rax	# remaining, tmp106
 150 00cd 83E002   		andl	$2, %eax	#, _6
 151              	# lib.h:322:     if (remaining & 2) {
 152              		.loc 2 322 8
 153 00d0 4885C0   		testq	%rax, %rax	# _6
 154 00d3 7412     		je	.L8	#,
GAS LISTING memory.s 			page 13


 155              	# lib.h:323:         *((unsigned short *)ptr) = (unsigned short)pattern;
 323:lib.h         ****         *((unsigned short *)ptr) = (unsigned short)pattern;
 156              		.loc 2 323 36
 157 00d5 488B45E8 		movq	-24(%rbp), %rax	# pattern, tmp107
 158 00d9 89C2     		movl	%eax, %edx	# tmp107, _7
 159              	# lib.h:323:         *((unsigned short *)ptr) = (unsigned short)pattern;
 160              		.loc 2 323 34
 161 00db 488B45F8 		movq	-8(%rbp), %rax	# ptr, tmp108
 162 00df 668910   		movw	%dx, (%rax)	# _7, MEM[(short unsigned int *)ptr_10]
 163              	# lib.h:324:         ptr += 2;
 324:lib.h         ****         ptr += 2;
 164              		.loc 2 324 13
 165 00e2 488345F8 		addq	$2, -8(%rbp)	#, ptr
 165      02
 166              	.L8:
 167              	# lib.h:328:     if (remaining & 1) {
 325:lib.h         ****     }
 326:lib.h         ****     
 327:lib.h         ****     // Check if a 1-byte filling is required
 328:lib.h         ****     if (remaining & 1) {
 168              		.loc 2 328 19
 169 00e7 488B45F0 		movq	-16(%rbp), %rax	# remaining, tmp109
 170 00eb 83E001   		andl	$1, %eax	#, _8
 171              	# lib.h:328:     if (remaining & 1) {
 172              		.loc 2 328 8
 173 00ee 4885C0   		testq	%rax, %rax	# _8
 174 00f1 740A     		je	.L9	#,
 175              	# lib.h:329:         *ptr = C;
 329:lib.h         ****         *ptr = C;
 176              		.loc 2 329 14
 177 00f3 488B45F8 		movq	-8(%rbp), %rax	# ptr, tmp110
 178 00f7 0FB655D4 		movzbl	-44(%rbp), %edx	# C, tmp111
 179 00fb 8810     		movb	%dl, (%rax)	# tmp111, *ptr_11
 180              	.L9:
 181              	# lib.h:332:     return Address;
 330:lib.h         ****     }
 331:lib.h         ****     
 332:lib.h         ****     return Address;
 182              		.loc 2 332 12
 183 00fd 488B45D8 		movq	-40(%rbp), %rax	# Address, _32
 184              	# lib.h:333: }
 333:lib.h         **** }
 185              		.loc 2 333 1
 186 0101 5D       		popq	%rbp	#
 187              		.cfi_def_cfa 7, 8
 188 0102 C3       		ret	
 189              		.cfi_endproc
 190              	.LFE13:
 191              		.size	Cmemset, .-Cmemset
 192              		.globl	font_ascii
 193              		.data
 194              		.align 32
 195              		.type	font_ascii, @object
 196              		.size	font_ascii, 4096
 197              	font_ascii:
 198 0000 00       		.string	""
 199 0001 00       		.string	""
GAS LISTING memory.s 			page 14


 200 0002 00       		.string	""
 201 0003 00       		.string	""
 202 0004 00       		.string	""
 203 0005 00       		.string	""
 204 0006 00       		.string	""
 205 0007 00       		.string	""
 206 0008 00       		.string	""
 207 0009 00       		.string	""
 208 000a 00       		.string	""
 209 000b 00       		.string	""
 210 000c 00       		.string	""
 211 000d 00       		.string	""
 212 000e 00       		.string	""
 213 000f 00       		.string	""
 214 0010 00       		.string	""
 215 0011 00       		.string	""
 216 0012 00       		.string	""
 217 0013 00       		.string	""
 218 0014 00       		.string	""
 219 0015 00       		.string	""
 220 0016 00       		.string	""
 221 0017 00       		.string	""
 222 0018 00       		.string	""
 223 0019 00       		.string	""
 224 001a 00       		.string	""
 225 001b 00       		.string	""
 226 001c 00       		.string	""
 227 001d 00       		.string	""
 228 001e 00       		.string	""
 229 001f 00       		.string	""
 230 0020 00       		.string	""
 231 0021 00       		.string	""
 232 0022 00       		.string	""
 233 0023 00       		.string	""
 234 0024 00       		.string	""
 235 0025 00       		.string	""
 236 0026 00       		.string	""
 237 0027 00       		.string	""
 238 0028 00       		.string	""
 239 0029 00       		.string	""
 240 002a 00       		.string	""
 241 002b 00       		.string	""
 242 002c 00       		.string	""
 243 002d 00       		.string	""
 244 002e 00       		.string	""
 245 002f 00       		.string	""
 246 0030 00       		.string	""
 247 0031 00       		.string	""
 248 0032 00       		.string	""
 249 0033 00       		.string	""
 250 0034 00       		.string	""
 251 0035 00       		.string	""
 252 0036 00       		.string	""
 253 0037 00       		.string	""
 254 0038 00       		.string	""
 255 0039 00       		.string	""
 256 003a 00       		.string	""
GAS LISTING memory.s 			page 15


 257 003b 00       		.string	""
 258 003c 00       		.string	""
 259 003d 00       		.string	""
 260 003e 00       		.string	""
 261 003f 00       		.string	""
 262 0040 00       		.string	""
 263 0041 00       		.string	""
 264 0042 00       		.string	""
 265 0043 00       		.string	""
 266 0044 00       		.string	""
 267 0045 00       		.string	""
 268 0046 00       		.string	""
 269 0047 00       		.string	""
 270 0048 00       		.string	""
 271 0049 00       		.string	""
 272 004a 00       		.string	""
 273 004b 00       		.string	""
 274 004c 00       		.string	""
 275 004d 00       		.string	""
 276 004e 00       		.string	""
 277 004f 00       		.string	""
 278 0050 00       		.string	""
 279 0051 00       		.string	""
 280 0052 00       		.string	""
 281 0053 00       		.string	""
 282 0054 00       		.string	""
 283 0055 00       		.string	""
 284 0056 00       		.string	""
 285 0057 00       		.string	""
 286 0058 00       		.string	""
 287 0059 00       		.string	""
 288 005a 00       		.string	""
 289 005b 00       		.string	""
 290 005c 00       		.string	""
 291 005d 00       		.string	""
 292 005e 00       		.string	""
 293 005f 00       		.string	""
 294 0060 00       		.string	""
 295 0061 00       		.string	""
 296 0062 00       		.string	""
 297 0063 00       		.string	""
 298 0064 00       		.string	""
 299 0065 00       		.string	""
 300 0066 00       		.string	""
 301 0067 00       		.string	""
 302 0068 00       		.string	""
 303 0069 00       		.string	""
 304 006a 00       		.string	""
 305 006b 00       		.string	""
 306 006c 00       		.string	""
 307 006d 00       		.string	""
 308 006e 00       		.string	""
 309 006f 00       		.string	""
 310 0070 00       		.string	""
 311 0071 00       		.string	""
 312 0072 00       		.string	""
 313 0073 00       		.string	""
GAS LISTING memory.s 			page 16


 314 0074 00       		.string	""
 315 0075 00       		.string	""
 316 0076 00       		.string	""
 317 0077 00       		.string	""
 318 0078 00       		.string	""
 319 0079 00       		.string	""
 320 007a 00       		.string	""
 321 007b 00       		.string	""
 322 007c 00       		.string	""
 323 007d 00       		.string	""
 324 007e 00       		.string	""
 325 007f 00       		.string	""
 326 0080 00       		.string	""
 327 0081 00       		.string	""
 328 0082 00       		.string	""
 329 0083 00       		.string	""
 330 0084 00       		.string	""
 331 0085 00       		.string	""
 332 0086 00       		.string	""
 333 0087 00       		.string	""
 334 0088 00       		.string	""
 335 0089 00       		.string	""
 336 008a 00       		.string	""
 337 008b 00       		.string	""
 338 008c 00       		.string	""
 339 008d 00       		.string	""
 340 008e 00       		.string	""
 341 008f 00       		.string	""
 342 0090 00       		.string	""
 343 0091 00       		.string	""
 344 0092 00       		.string	""
 345 0093 00       		.string	""
 346 0094 00       		.string	""
 347 0095 00       		.string	""
 348 0096 00       		.string	""
 349 0097 00       		.string	""
 350 0098 00       		.string	""
 351 0099 00       		.string	""
 352 009a 00       		.string	""
 353 009b 00       		.string	""
 354 009c 00       		.string	""
 355 009d 00       		.string	""
 356 009e 00       		.string	""
 357 009f 00       		.string	""
 358 00a0 00       		.string	""
 359 00a1 00       		.string	""
 360 00a2 00       		.string	""
 361 00a3 00       		.string	""
 362 00a4 00       		.string	""
 363 00a5 00       		.string	""
 364 00a6 00       		.string	""
 365 00a7 00       		.string	""
 366 00a8 00       		.string	""
 367 00a9 00       		.string	""
 368 00aa 00       		.string	""
 369 00ab 00       		.string	""
 370 00ac 00       		.string	""
GAS LISTING memory.s 			page 17


 371 00ad 00       		.string	""
 372 00ae 00       		.string	""
 373 00af 00       		.string	""
 374 00b0 00       		.string	""
 375 00b1 00       		.string	""
 376 00b2 00       		.string	""
 377 00b3 00       		.string	""
 378 00b4 00       		.string	""
 379 00b5 00       		.string	""
 380 00b6 00       		.string	""
 381 00b7 00       		.string	""
 382 00b8 00       		.string	""
 383 00b9 00       		.string	""
 384 00ba 00       		.string	""
 385 00bb 00       		.string	""
 386 00bc 00       		.string	""
 387 00bd 00       		.string	""
 388 00be 00       		.string	""
 389 00bf 00       		.string	""
 390 00c0 00       		.string	""
 391 00c1 00       		.string	""
 392 00c2 00       		.string	""
 393 00c3 00       		.string	""
 394 00c4 00       		.string	""
 395 00c5 00       		.string	""
 396 00c6 00       		.string	""
 397 00c7 00       		.string	""
 398 00c8 00       		.string	""
 399 00c9 00       		.string	""
 400 00ca 00       		.string	""
 401 00cb 00       		.string	""
 402 00cc 00       		.string	""
 403 00cd 00       		.string	""
 404 00ce 00       		.string	""
 405 00cf 00       		.string	""
 406 00d0 00       		.string	""
 407 00d1 00       		.string	""
 408 00d2 00       		.string	""
 409 00d3 00       		.string	""
 410 00d4 00       		.string	""
 411 00d5 00       		.string	""
 412 00d6 00       		.string	""
 413 00d7 00       		.string	""
 414 00d8 00       		.string	""
 415 00d9 00       		.string	""
 416 00da 00       		.string	""
 417 00db 00       		.string	""
 418 00dc 00       		.string	""
 419 00dd 00       		.string	""
 420 00de 00       		.string	""
 421 00df 00       		.string	""
 422 00e0 00       		.string	""
 423 00e1 00       		.string	""
 424 00e2 00       		.string	""
 425 00e3 00       		.string	""
 426 00e4 00       		.string	""
 427 00e5 00       		.string	""
GAS LISTING memory.s 			page 18


 428 00e6 00       		.string	""
 429 00e7 00       		.string	""
 430 00e8 00       		.string	""
 431 00e9 00       		.string	""
 432 00ea 00       		.string	""
 433 00eb 00       		.string	""
 434 00ec 00       		.string	""
 435 00ed 00       		.string	""
 436 00ee 00       		.string	""
 437 00ef 00       		.string	""
 438 00f0 00       		.string	""
 439 00f1 00       		.string	""
 440 00f2 00       		.string	""
 441 00f3 00       		.string	""
 442 00f4 00       		.string	""
 443 00f5 00       		.string	""
 444 00f6 00       		.string	""
 445 00f7 00       		.string	""
 446 00f8 00       		.string	""
 447 00f9 00       		.string	""
 448 00fa 00       		.string	""
 449 00fb 00       		.string	""
 450 00fc 00       		.string	""
 451 00fd 00       		.string	""
 452 00fe 00       		.string	""
 453 00ff 00       		.string	""
 454 0100 00       		.string	""
 455 0101 00       		.string	""
 456 0102 00       		.string	""
 457 0103 00       		.string	""
 458 0104 00       		.string	""
 459 0105 00       		.string	""
 460 0106 00       		.string	""
 461 0107 00       		.string	""
 462 0108 00       		.string	""
 463 0109 00       		.string	""
 464 010a 00       		.string	""
 465 010b 00       		.string	""
 466 010c 00       		.string	""
 467 010d 00       		.string	""
 468 010e 00       		.string	""
 469 010f 00       		.string	""
 470 0110 00       		.string	""
 471 0111 00       		.string	""
 472 0112 00       		.string	""
 473 0113 00       		.string	""
 474 0114 00       		.string	""
 475 0115 00       		.string	""
 476 0116 00       		.string	""
 477 0117 00       		.string	""
 478 0118 00       		.string	""
 479 0119 00       		.string	""
 480 011a 00       		.string	""
 481 011b 00       		.string	""
 482 011c 00       		.string	""
 483 011d 00       		.string	""
 484 011e 00       		.string	""
GAS LISTING memory.s 			page 19


 485 011f 00       		.string	""
 486 0120 00       		.string	""
 487 0121 00       		.string	""
 488 0122 00       		.string	""
 489 0123 00       		.string	""
 490 0124 00       		.string	""
 491 0125 00       		.string	""
 492 0126 00       		.string	""
 493 0127 00       		.string	""
 494 0128 00       		.string	""
 495 0129 00       		.string	""
 496 012a 00       		.string	""
 497 012b 00       		.string	""
 498 012c 00       		.string	""
 499 012d 00       		.string	""
 500 012e 00       		.string	""
 501 012f 00       		.string	""
 502 0130 00       		.string	""
 503 0131 00       		.string	""
 504 0132 00       		.string	""
 505 0133 00       		.string	""
 506 0134 00       		.string	""
 507 0135 00       		.string	""
 508 0136 00       		.string	""
 509 0137 00       		.string	""
 510 0138 00       		.string	""
 511 0139 00       		.string	""
 512 013a 00       		.string	""
 513 013b 00       		.string	""
 514 013c 00       		.string	""
 515 013d 00       		.string	""
 516 013e 00       		.string	""
 517 013f 00       		.string	""
 518 0140 00       		.string	""
 519 0141 00       		.string	""
 520 0142 00       		.string	""
 521 0143 00       		.string	""
 522 0144 00       		.string	""
 523 0145 00       		.string	""
 524 0146 00       		.string	""
 525 0147 00       		.string	""
 526 0148 00       		.string	""
 527 0149 00       		.string	""
 528 014a 00       		.string	""
 529 014b 00       		.string	""
 530 014c 00       		.string	""
 531 014d 00       		.string	""
 532 014e 00       		.string	""
 533 014f 00       		.string	""
 534 0150 00       		.string	""
 535 0151 00       		.string	""
 536 0152 00       		.string	""
 537 0153 00       		.string	""
 538 0154 00       		.string	""
 539 0155 00       		.string	""
 540 0156 00       		.string	""
 541 0157 00       		.string	""
GAS LISTING memory.s 			page 20


 542 0158 00       		.string	""
 543 0159 00       		.string	""
 544 015a 00       		.string	""
 545 015b 00       		.string	""
 546 015c 00       		.string	""
 547 015d 00       		.string	""
 548 015e 00       		.string	""
 549 015f 00       		.string	""
 550 0160 00       		.string	""
 551 0161 00       		.string	""
 552 0162 00       		.string	""
 553 0163 00       		.string	""
 554 0164 00       		.string	""
 555 0165 00       		.string	""
 556 0166 00       		.string	""
 557 0167 00       		.string	""
 558 0168 00       		.string	""
 559 0169 00       		.string	""
 560 016a 00       		.string	""
 561 016b 00       		.string	""
 562 016c 00       		.string	""
 563 016d 00       		.string	""
 564 016e 00       		.string	""
 565 016f 00       		.string	""
 566 0170 00       		.string	""
 567 0171 00       		.string	""
 568 0172 00       		.string	""
 569 0173 00       		.string	""
 570 0174 00       		.string	""
 571 0175 00       		.string	""
 572 0176 00       		.string	""
 573 0177 00       		.string	""
 574 0178 00       		.string	""
 575 0179 00       		.string	""
 576 017a 00       		.string	""
 577 017b 00       		.string	""
 578 017c 00       		.string	""
 579 017d 00       		.string	""
 580 017e 00       		.string	""
 581 017f 00       		.string	""
 582 0180 00       		.string	""
 583 0181 00       		.string	""
 584 0182 00       		.string	""
 585 0183 00       		.string	""
 586 0184 00       		.string	""
 587 0185 00       		.string	""
 588 0186 00       		.string	""
 589 0187 00       		.string	""
 590 0188 00       		.string	""
 591 0189 00       		.string	""
 592 018a 00       		.string	""
 593 018b 00       		.string	""
 594 018c 00       		.string	""
 595 018d 00       		.string	""
 596 018e 00       		.string	""
 597 018f 00       		.string	""
 598 0190 00       		.string	""
GAS LISTING memory.s 			page 21


 599 0191 00       		.string	""
 600 0192 00       		.string	""
 601 0193 00       		.string	""
 602 0194 00       		.string	""
 603 0195 00       		.string	""
 604 0196 00       		.string	""
 605 0197 00       		.string	""
 606 0198 00       		.string	""
 607 0199 00       		.string	""
 608 019a 00       		.string	""
 609 019b 00       		.string	""
 610 019c 00       		.string	""
 611 019d 00       		.string	""
 612 019e 00       		.string	""
 613 019f 00       		.string	""
 614 01a0 00       		.string	""
 615 01a1 00       		.string	""
 616 01a2 00       		.string	""
 617 01a3 00       		.string	""
 618 01a4 00       		.string	""
 619 01a5 00       		.string	""
 620 01a6 00       		.string	""
 621 01a7 00       		.string	""
 622 01a8 00       		.string	""
 623 01a9 00       		.string	""
 624 01aa 00       		.string	""
 625 01ab 00       		.string	""
 626 01ac 00       		.string	""
 627 01ad 00       		.string	""
 628 01ae 00       		.string	""
 629 01af 00       		.string	""
 630 01b0 00       		.string	""
 631 01b1 00       		.string	""
 632 01b2 00       		.string	""
 633 01b3 00       		.string	""
 634 01b4 00       		.string	""
 635 01b5 00       		.string	""
 636 01b6 00       		.string	""
 637 01b7 00       		.string	""
 638 01b8 00       		.string	""
 639 01b9 00       		.string	""
 640 01ba 00       		.string	""
 641 01bb 00       		.string	""
 642 01bc 00       		.string	""
 643 01bd 00       		.string	""
 644 01be 00       		.string	""
 645 01bf 00       		.string	""
 646 01c0 00       		.string	""
 647 01c1 00       		.string	""
 648 01c2 00       		.string	""
 649 01c3 00       		.string	""
 650 01c4 00       		.string	""
 651 01c5 00       		.string	""
 652 01c6 00       		.string	""
 653 01c7 00       		.string	""
 654 01c8 00       		.string	""
 655 01c9 00       		.string	""
GAS LISTING memory.s 			page 22


 656 01ca 00       		.string	""
 657 01cb 00       		.string	""
 658 01cc 00       		.string	""
 659 01cd 00       		.string	""
 660 01ce 00       		.string	""
 661 01cf 00       		.string	""
 662 01d0 00       		.string	""
 663 01d1 00       		.string	""
 664 01d2 00       		.string	""
 665 01d3 00       		.string	""
 666 01d4 00       		.string	""
 667 01d5 00       		.string	""
 668 01d6 00       		.string	""
 669 01d7 00       		.string	""
 670 01d8 00       		.string	""
 671 01d9 00       		.string	""
 672 01da 00       		.string	""
 673 01db 00       		.string	""
 674 01dc 00       		.string	""
 675 01dd 00       		.string	""
 676 01de 00       		.string	""
 677 01df 00       		.string	""
 678 01e0 00       		.string	""
 679 01e1 00       		.string	""
 680 01e2 00       		.string	""
 681 01e3 00       		.string	""
 682 01e4 00       		.string	""
 683 01e5 00       		.string	""
 684 01e6 00       		.string	""
 685 01e7 00       		.string	""
 686 01e8 00       		.string	""
 687 01e9 00       		.string	""
 688 01ea 00       		.string	""
 689 01eb 00       		.string	""
 690 01ec 00       		.string	""
 691 01ed 00       		.string	""
 692 01ee 00       		.string	""
 693 01ef 00       		.string	""
 694 01f0 00       		.string	""
 695 01f1 00       		.string	""
 696 01f2 00       		.string	""
 697 01f3 00       		.string	""
 698 01f4 00       		.string	""
 699 01f5 00       		.string	""
 700 01f6 00       		.string	""
 701 01f7 00       		.string	""
 702 01f8 00       		.string	""
 703 01f9 00       		.string	""
 704 01fa 00       		.string	""
 705 01fb 00       		.string	""
 706 01fc 00       		.string	""
 707 01fd 00       		.string	""
 708 01fe 00       		.string	""
 709 01ff 00       		.string	""
 710 0200 00       		.string	""
 711 0201 00       		.string	""
 712 0202 00       		.string	""
GAS LISTING memory.s 			page 23


 713 0203 00       		.string	""
 714 0204 00       		.string	""
 715 0205 00       		.string	""
 716 0206 00       		.string	""
 717 0207 00       		.string	""
 718 0208 00       		.string	""
 719 0209 00       		.string	""
 720 020a 00       		.string	""
 721 020b 00       		.string	""
 722 020c 00       		.string	""
 723 020d 00       		.string	""
 724 020e 00       		.string	""
 725 020f 00       		.string	""
 726 0210 00       		.string	""
 727 0211 10101010 		.string	"\020\020\020\020\020\020\020\020\020"
 727      10101010 
 727      1000
 728 021b 00       		.string	""
 729 021c 101000   		.string	"\020\020"
 730 021f 00       		.string	""
 731 0220 28282800 		.string	"((("
 732 0224 00       		.string	""
 733 0225 00       		.string	""
 734 0226 00       		.string	""
 735 0227 00       		.string	""
 736 0228 00       		.string	""
 737 0229 00       		.string	""
 738 022a 00       		.string	""
 739 022b 00       		.string	""
 740 022c 00       		.string	""
 741 022d 00       		.string	""
 742 022e 00       		.string	""
 743 022f 00       		.string	""
 744 0230 00       		.string	""
 745 0231 444444FE 		.string	"DDD\376DDDDD\376DDD"
 745      44444444 
 745      44FE4444 
 745      4400
 746 023f 00       		.string	""
 747 0240 103A5692 		.ascii	"\020:V\222\222\220P8\024\022\222\222\324\270\020\020"
 747      92905038 
 747      14129292 
 747      D4B81010 
 748 0250 62929494 		.string	"b\222\224\224h\b\020\020 ,RR\222\214"
 748      68081010 
 748      202C5252 
 748      928C00
 749 025f 00       		.string	""
 750 0260 00       		.string	""
 751 0261 70888888 		.string	"p\210\210\210\220`G\242\222\212\204F9"
 751      906047A2 
 751      928A8446 
 751      3900
 752 026f 00       		.string	""
 753 0270 04081000 		.string	"\004\b\020"
 754 0274 00       		.string	""
 755 0275 00       		.string	""
GAS LISTING memory.s 			page 24


 756 0276 00       		.string	""
 757 0277 00       		.string	""
 758 0278 00       		.string	""
 759 0279 00       		.string	""
 760 027a 00       		.string	""
 761 027b 00       		.string	""
 762 027c 00       		.string	""
 763 027d 00       		.string	""
 764 027e 00       		.string	""
 765 027f 00       		.string	""
 766 0280 02040808 		.string	"\002\004\b\b\020\020\020\020\020\020\020\b\b\004\002"
 766      10101010 
 766      10101008 
 766      08040200 
 767 0290 80402020 		.string	"\200@  \020\020\020\020\020\020\020  @\200"
 767      10101010 
 767      10101020 
 767      20408000 
 768 02a0 00       		.string	""
 769 02a1 00       		.string	""
 770 02a2 00       		.string	""
 771 02a3 00       		.string	""
 772 02a4 00       		.string	""
 773 02a5 10925438 		.string	"\020\222T8T\222\020"
 773      54921000 
 774 02ad 00       		.string	""
 775 02ae 00       		.string	""
 776 02af 00       		.string	""
 777 02b0 00       		.string	""
 778 02b1 00       		.string	""
 779 02b2 00       		.string	""
 780 02b3 00       		.string	""
 781 02b4 00       		.string	""
 782 02b5 101010FE 		.string	"\020\020\020\376\020\020\020"
 782      10101000 
 783 02bd 00       		.string	""
 784 02be 00       		.string	""
 785 02bf 00       		.string	""
 786 02c0 00       		.string	""
 787 02c1 00       		.string	""
 788 02c2 00       		.string	""
 789 02c3 00       		.string	""
 790 02c4 00       		.string	""
 791 02c5 00       		.string	""
 792 02c6 00       		.string	""
 793 02c7 00       		.string	""
 794 02c8 00       		.string	""
 795 02c9 00       		.string	""
 796 02ca 00       		.string	""
 797 02cb 18180808 		.ascii	"\030\030\b\b\020"
 797      10
 798 02d0 00       		.string	""
 799 02d1 00       		.string	""
 800 02d2 00       		.string	""
 801 02d3 00       		.string	""
 802 02d4 00       		.string	""
 803 02d5 00       		.string	""
GAS LISTING memory.s 			page 25


 804 02d6 00       		.string	""
 805 02d7 00       		.string	""
 806 02d8 FE00     		.string	"\376"
 807 02da 00       		.string	""
 808 02db 00       		.string	""
 809 02dc 00       		.string	""
 810 02dd 00       		.string	""
 811 02de 00       		.string	""
 812 02df 00       		.string	""
 813 02e0 00       		.string	""
 814 02e1 00       		.string	""
 815 02e2 00       		.string	""
 816 02e3 00       		.string	""
 817 02e4 00       		.string	""
 818 02e5 00       		.string	""
 819 02e6 00       		.string	""
 820 02e7 00       		.string	""
 821 02e8 00       		.string	""
 822 02e9 00       		.string	""
 823 02ea 00       		.string	""
 824 02eb 00       		.string	""
 825 02ec 181800   		.string	"\030\030"
 826 02ef 00       		.string	""
 827 02f0 02020404 		.ascii	"\002\002\004\004\b\b\b\020\020  @@@\200\200"
 827      08080810 
 827      10202040 
 827      40408080 
 828 0300 00       		.string	""
 829 0301 18242442 		.string	"\030$$BBBBBBB$$\030"
 829      42424242 
 829      42422424 
 829      1800
 830 030f 00       		.string	""
 831 0310 00       		.string	""
 832 0311 08182808 		.string	"\b\030(\b\b\b\b\b\b\b\b\b>"
 832      08080808 
 832      08080808 
 832      3E00
 833 031f 00       		.string	""
 834 0320 00       		.string	""
 835 0321 18244242 		.string	"\030$BB\002\004\b\020  @@~"
 835      02040810 
 835      20204040 
 835      7E00
 836 032f 00       		.string	""
 837 0330 00       		.string	""
 838 0331 18244202 		.string	"\030$B\002\002\004\030\004\002\002B$\030"
 838      02041804 
 838      02024224 
 838      1800
 839 033f 00       		.string	""
 840 0340 00       		.string	""
 841 0341 0C0C0C14 		.string	"\f\f\f\024\024\024$$D~\004\004\036"
 841      14142424 
 841      447E0404 
 841      1E00
 842 034f 00       		.string	""
GAS LISTING memory.s 			page 26


 843 0350 00       		.string	""
 844 0351 7C404040 		.string	"|@@@Xd\002\002\002\002B$\030"
 844      58640202 
 844      02024224 
 844      1800
 845 035f 00       		.string	""
 846 0360 00       		.string	""
 847 0361 18244240 		.string	"\030$B@XdBBBBB$\030"
 847      58644242 
 847      42424224 
 847      1800
 848 036f 00       		.string	""
 849 0370 00       		.string	""
 850 0371 7E424204 		.string	"~BB\004\004\b\b\b\020\020\020\0208"
 850      04080808 
 850      10101010 
 850      3800
 851 037f 00       		.string	""
 852 0380 00       		.string	""
 853 0381 18244242 		.string	"\030$BBB$\030$BBB$\030"
 853      42241824 
 853      42424224 
 853      1800
 854 038f 00       		.string	""
 855 0390 00       		.string	""
 856 0391 18244242 		.string	"\030$BBBBB&\032\002B$\030"
 856      42424226 
 856      1A024224 
 856      1800
 857 039f 00       		.string	""
 858 03a0 00       		.string	""
 859 03a1 00       		.string	""
 860 03a2 00       		.string	""
 861 03a3 00       		.string	""
 862 03a4 00       		.string	""
 863 03a5 181800   		.string	"\030\030"
 864 03a8 00       		.string	""
 865 03a9 00       		.string	""
 866 03aa 00       		.string	""
 867 03ab 00       		.string	""
 868 03ac 181800   		.string	"\030\030"
 869 03af 00       		.string	""
 870 03b0 00       		.string	""
 871 03b1 00       		.string	""
 872 03b2 00       		.string	""
 873 03b3 00       		.string	""
 874 03b4 00       		.string	""
 875 03b5 181800   		.string	"\030\030"
 876 03b8 00       		.string	""
 877 03b9 00       		.string	""
 878 03ba 00       		.string	""
 879 03bb 18180808 		.ascii	"\030\030\b\b\020"
 879      10
 880 03c0 00       		.string	""
 881 03c1 02040810 		.string	"\002\004\b\020 @\200\200@ \020\b\004\002"
 881      20408080 
 881      40201008 
GAS LISTING memory.s 			page 27


 881      040200
 882 03d0 00       		.string	""
 883 03d1 00       		.string	""
 884 03d2 00       		.string	""
 885 03d3 00       		.string	""
 886 03d4 00       		.string	""
 887 03d5 00       		.string	""
 888 03d6 FE00     		.string	"\376"
 889 03d8 00       		.string	""
 890 03d9 FE00     		.string	"\376"
 891 03db 00       		.string	""
 892 03dc 00       		.string	""
 893 03dd 00       		.string	""
 894 03de 00       		.string	""
 895 03df 00       		.string	""
 896 03e0 00       		.string	""
 897 03e1 80402010 		.string	"\200@ \020\b\004\002\002\004\b\020 @\200"
 897      08040202 
 897      04081020 
 897      408000
 898 03f0 00       		.string	""
 899 03f1 38448282 		.string	"8D\202\202\202\004\b\020\020"
 899      82040810 
 899      1000
 900 03fb 00       		.string	""
 901 03fc 181800   		.string	"\030\030"
 902 03ff 00       		.string	""
 903 0400 00       		.string	""
 904 0401 3844829A 		.string	"8D\202\232\252\252\252\252\252\234\200F8"
 904      AAAAAAAA 
 904      AA9C8046 
 904      3800
 905 040f 00       		.string	""
 906 0410 00       		.string	""
 907 0411 18181818 		.string	"\030\030\030\030$$$$~BBB\347"
 907      24242424 
 907      7E424242 
 907      E700
 908 041f 00       		.string	""
 909 0420 00       		.string	""
 910 0421 F0484444 		.string	"\360HDDDHxDBBBD\370"
 910      44487844 
 910      42424244 
 910      F800
 911 042f 00       		.string	""
 912 0430 00       		.string	""
 913 0431 3A464282 		.string	":FB\202\200\200\200\200\200\202BD8"
 913      80808080 
 913      80824244 
 913      3800
 914 043f 00       		.string	""
 915 0440 00       		.string	""
 916 0441 F8444442 		.string	"\370DDBBBBBBBDD\370"
 916      42424242 
 916      42424444 
 916      F800
 917 044f 00       		.string	""
GAS LISTING memory.s 			page 28


 918 0450 00       		.string	""
 919 0451 FE424240 		.string	"\376BB@@D|D@@BB\376"
 919      40447C44 
 919      40404242 
 919      FE00
 920 045f 00       		.string	""
 921 0460 00       		.string	""
 922 0461 FE424240 		.string	"\376BB@@D|DD@@@\360"
 922      40447C44 
 922      44404040 
 922      F000
 923 046f 00       		.string	""
 924 0470 00       		.string	""
 925 0471 3A464282 		.string	":FB\202\200\200\236\202\202\202BF8"
 925      80809E82 
 925      82824246 
 925      3800
 926 047f 00       		.string	""
 927 0480 00       		.string	""
 928 0481 E7424242 		.string	"\347BBBBB~BBBBB\347"
 928      42427E42 
 928      42424242 
 928      E700
 929 048f 00       		.string	""
 930 0490 00       		.string	""
 931 0491 7C101010 		.string	"|\020\020\020\020\020\020\020\020\020\020\020|"
 931      10101010 
 931      10101010 
 931      7C00
 932 049f 00       		.string	""
 933 04a0 00       		.string	""
 934 04a1 1F040404 		.string	"\037\004\004\004\004\004\004\004\004\004\004\204H0"
 934      04040404 
 934      04040484 
 934      483000
 935 04b0 00       		.string	""
 936 04b1 E7424448 		.string	"\347BDHPP`PPHDB\347"
 936      50506050 
 936      50484442 
 936      E700
 937 04bf 00       		.string	""
 938 04c0 00       		.string	""
 939 04c1 F0404040 		.string	"\360@@@@@@@@@BB\376"
 939      40404040 
 939      40404242 
 939      FE00
 940 04cf 00       		.string	""
 941 04d0 00       		.string	""
 942 04d1 C3426666 		.string	"\303BfffZZZBBBB\347"
 942      665A5A5A 
 942      42424242 
 942      E700
 943 04df 00       		.string	""
 944 04e0 00       		.string	""
 945 04e1 C7426262 		.string	"\307BbbRRRJJJFF\342"
 945      5252524A 
 945      4A4A4646 
GAS LISTING memory.s 			page 29


 945      E200
 946 04ef 00       		.string	""
 947 04f0 00       		.string	""
 948 04f1 38448282 		.string	"8D\202\202\202\202\202\202\202\202\202D8"
 948      82828282 
 948      82828244 
 948      3800
 949 04ff 00       		.string	""
 950 0500 00       		.string	""
 951 0501 F8444242 		.string	"\370DBBBDx@@@@@\360"
 951      42447840 
 951      40404040 
 951      F000
 952 050f 00       		.string	""
 953 0510 00       		.string	""
 954 0511 38448282 		.string	"8D\202\202\202\202\202\202\202\222\212D:"
 954      82828282 
 954      82928A44 
 954      3A00
 955 051f 00       		.string	""
 956 0520 00       		.string	""
 957 0521 FC424242 		.string	"\374BBBB|DBBBBB\347"
 957      427C4442 
 957      42424242 
 957      E700
 958 052f 00       		.string	""
 959 0530 00       		.string	""
 960 0531 3A468282 		.string	":F\202\202\200@8\004\002\202\202\304\270"
 960      80403804 
 960      028282C4 
 960      B800
 961 053f 00       		.string	""
 962 0540 00       		.string	""
 963 0541 FE929210 		.string	"\376\222\222\020\020\020\020\020\020\020\020\020|"
 963      10101010 
 963      10101010 
 963      7C00
 964 054f 00       		.string	""
 965 0550 00       		.string	""
 966 0551 E7424242 		.string	"\347BBBBBBBBBB$<"
 966      42424242 
 966      42424224 
 966      3C00
 967 055f 00       		.string	""
 968 0560 00       		.string	""
 969 0561 E7424242 		.string	"\347BBBB$$$$\030\030\030\030"
 969      42242424 
 969      24181818 
 969      1800
 970 056f 00       		.string	""
 971 0570 00       		.string	""
 972 0571 E7424242 		.string	"\347BBBZZZZ$$$$$"
 972      5A5A5A5A 
 972      24242424 
 972      2400
 973 057f 00       		.string	""
 974 0580 00       		.string	""
GAS LISTING memory.s 			page 30


 975 0581 E7424224 		.string	"\347BB$$$\030$$$BB\347"
 975      24241824 
 975      24244242 
 975      E700
 976 058f 00       		.string	""
 977 0590 00       		.string	""
 978 0591 EE444444 		.string	"\356DDD(((\020\020\020\020\020|"
 978      28282810 
 978      10101010 
 978      7C00
 979 059f 00       		.string	""
 980 05a0 00       		.string	""
 981 05a1 FE848408 		.string	"\376\204\204\b\b\020\020  @B\202\376"
 981      08101020 
 981      20404282 
 981      FE00
 982 05af 00       		.string	""
 983 05b0 00       		.string	""
 984 05b1 3E202020 		.string	">            >"
 984      20202020 
 984      20202020 
 984      203E00
 985 05c0 80804040 		.ascii	"\200\200@@   \020\020\b\b\004\004\004\002\002"
 985      20202010 
 985      10080804 
 985      04040202 
 986 05d0 00       		.string	""
 987 05d1 7C040404 		.string	"|\004\004\004\004\004\004\004\004\004\004\004\004|"
 987      04040404 
 987      04040404 
 987      047C00
 988 05e0 00       		.string	""
 989 05e1 10284482 		.string	"\020(D\202"
 989      00
 990 05e6 00       		.string	""
 991 05e7 00       		.string	""
 992 05e8 00       		.string	""
 993 05e9 00       		.string	""
 994 05ea 00       		.string	""
 995 05eb 00       		.string	""
 996 05ec 00       		.string	""
 997 05ed 00       		.string	""
 998 05ee 00       		.string	""
 999 05ef 00       		.string	""
 1000 05f0 00       		.string	""
 1001 05f1 00       		.string	""
 1002 05f2 00       		.string	""
 1003 05f3 00       		.string	""
 1004 05f4 00       		.string	""
 1005 05f5 00       		.string	""
 1006 05f6 00       		.string	""
 1007 05f7 00       		.string	""
 1008 05f8 00       		.string	""
 1009 05f9 00       		.string	""
 1010 05fa 00       		.string	""
 1011 05fb 00       		.string	""
 1012 05fc 00       		.string	""
GAS LISTING memory.s 			page 31


 1013 05fd 00       		.string	""
 1014 05fe FE00     		.string	"\376"
 1015 0600 10080400 		.string	"\020\b\004"
 1016 0604 00       		.string	""
 1017 0605 00       		.string	""
 1018 0606 00       		.string	""
 1019 0607 00       		.string	""
 1020 0608 00       		.string	""
 1021 0609 00       		.string	""
 1022 060a 00       		.string	""
 1023 060b 00       		.string	""
 1024 060c 00       		.string	""
 1025 060d 00       		.string	""
 1026 060e 00       		.string	""
 1027 060f 00       		.string	""
 1028 0610 00       		.string	""
 1029 0611 00       		.string	""
 1030 0612 00       		.string	""
 1031 0613 00       		.string	""
 1032 0614 00       		.string	""
 1033 0615 7008043C 		.string	"p\b\004<D\204\204\214v"
 1033      4484848C 
 1033      7600
 1034 061f 00       		.string	""
 1035 0620 C0404040 		.string	"\300@@@@XdBBBBBdX"
 1035      40586442 
 1035      42424242 
 1035      645800
 1036 062f 00       		.string	""
 1037 0630 00       		.string	""
 1038 0631 00       		.string	""
 1039 0632 00       		.string	""
 1040 0633 00       		.string	""
 1041 0634 00       		.string	""
 1042 0635 304C8484 		.string	"0L\204\204\200\200\202D8"
 1042      80808244 
 1042      3800
 1043 063f 00       		.string	""
 1044 0640 0C040404 		.string	"\f\004\004\004\0044L\204\204\204\204\204L6"
 1044      04344C84 
 1044      84848484 
 1044      4C3600
 1045 064f 00       		.string	""
 1046 0650 00       		.string	""
 1047 0651 00       		.string	""
 1048 0652 00       		.string	""
 1049 0653 00       		.string	""
 1050 0654 00       		.string	""
 1051 0655 38448282 		.string	"8D\202\202\374\200\202B<"
 1051      FC808242 
 1051      3C00
 1052 065f 00       		.string	""
 1053 0660 0E101010 		.string	"\016\020\020\020\020|\020\020\020\020\020\020\020|"
 1053      107C1010 
 1053      10101010 
 1053      107C00
 1054 066f 00       		.string	""
GAS LISTING memory.s 			page 32


 1055 0670 00       		.string	""
 1056 0671 00       		.string	""
 1057 0672 00       		.string	""
 1058 0673 00       		.string	""
 1059 0674 00       		.string	""
 1060 0675 364C8484 		.ascii	"6L\204\204\204\204L4\004\0048"
 1060      84844C34 
 1060      040438
 1061 0680 C0404040 		.string	"\300@@@@XdBBBBBB\343"
 1061      40586442 
 1061      42424242 
 1061      42E300
 1062 068f 00       		.string	""
 1063 0690 00       		.string	""
 1064 0691 101000   		.string	"\020\020"
 1065 0694 00       		.string	""
 1066 0695 30101010 		.string	"0\020\020\020\020\020\020\0208"
 1066      10101010 
 1066      3800
 1067 069f 00       		.string	""
 1068 06a0 00       		.string	""
 1069 06a1 040400   		.string	"\004\004"
 1070 06a4 00       		.string	""
 1071 06a5 0C040404 		.ascii	"\f\004\004\004\004\004\004\004\b\b0"
 1071      04040404 
 1071      080830
 1072 06b0 C0404040 		.string	"\300@@@@NDHP`PHD\346"
 1072      404E4448 
 1072      50605048 
 1072      44E600
 1073 06bf 00       		.string	""
 1074 06c0 30101010 		.string	"0\020\020\020\020\020\020\020\020\020\020\020\0208"
 1074      10101010 
 1074      10101010 
 1074      103800
 1075 06cf 00       		.string	""
 1076 06d0 00       		.string	""
 1077 06d1 00       		.string	""
 1078 06d2 00       		.string	""
 1079 06d3 00       		.string	""
 1080 06d4 00       		.string	""
 1081 06d5 F6494949 		.string	"\366IIIIIII\333"
 1081      49494949 
 1081      DB00
 1082 06df 00       		.string	""
 1083 06e0 00       		.string	""
 1084 06e1 00       		.string	""
 1085 06e2 00       		.string	""
 1086 06e3 00       		.string	""
 1087 06e4 00       		.string	""
 1088 06e5 D8644242 		.string	"\330dBBBBBB\343"
 1088      42424242 
 1088      E300
 1089 06ef 00       		.string	""
 1090 06f0 00       		.string	""
 1091 06f1 00       		.string	""
 1092 06f2 00       		.string	""
GAS LISTING memory.s 			page 33


 1093 06f3 00       		.string	""
 1094 06f4 00       		.string	""
 1095 06f5 38448282 		.string	"8D\202\202\202\202\202D8"
 1095      82828244 
 1095      3800
 1096 06ff 00       		.string	""
 1097 0700 00       		.string	""
 1098 0701 00       		.string	""
 1099 0702 00       		.string	""
 1100 0703 00       		.string	""
 1101 0704 D8644242 		.ascii	"\330dBBBBBdX@@\340"
 1101      42424264 
 1101      584040E0 
 1102 0710 00       		.string	""
 1103 0711 00       		.string	""
 1104 0712 00       		.string	""
 1105 0713 00       		.string	""
 1106 0714 344C8484 		.ascii	"4L\204\204\204\204\204L4\004\004\016"
 1106      8484844C 
 1106      3404040E 
 1107 0720 00       		.string	""
 1108 0721 00       		.string	""
 1109 0722 00       		.string	""
 1110 0723 00       		.string	""
 1111 0724 00       		.string	""
 1112 0725 DC624240 		.string	"\334bB@@@@@\340"
 1112      40404040 
 1112      E000
 1113 072f 00       		.string	""
 1114 0730 00       		.string	""
 1115 0731 00       		.string	""
 1116 0732 00       		.string	""
 1117 0733 00       		.string	""
 1118 0734 00       		.string	""
 1119 0735 7A8682C0 		.string	"z\206\202\3008\006\202\302\274"
 1119      380682C2 
 1119      BC00
 1120 073f 00       		.string	""
 1121 0740 00       		.string	""
 1122 0741 00       		.string	""
 1123 0742 1010107C 		.string	"\020\020\020|\020\020\020\020\020\020\020\016"
 1123      10101010 
 1123      1010100E 
 1123      00
 1124 074f 00       		.string	""
 1125 0750 00       		.string	""
 1126 0751 00       		.string	""
 1127 0752 00       		.string	""
 1128 0753 00       		.string	""
 1129 0754 00       		.string	""
 1130 0755 C6424242 		.string	"\306BBBBBBF;"
 1130      42424246 
 1130      3B00
 1131 075f 00       		.string	""
 1132 0760 00       		.string	""
 1133 0761 00       		.string	""
 1134 0762 00       		.string	""
GAS LISTING memory.s 			page 34


 1135 0763 00       		.string	""
 1136 0764 00       		.string	""
 1137 0765 E7424242 		.string	"\347BBB$$$\030\030"
 1137      24242418 
 1137      1800
 1138 076f 00       		.string	""
 1139 0770 00       		.string	""
 1140 0771 00       		.string	""
 1141 0772 00       		.string	""
 1142 0773 00       		.string	""
 1143 0774 00       		.string	""
 1144 0775 E742425A 		.string	"\347BBZZZ$$$"
 1144      5A5A2424 
 1144      2400
 1145 077f 00       		.string	""
 1146 0780 00       		.string	""
 1147 0781 00       		.string	""
 1148 0782 00       		.string	""
 1149 0783 00       		.string	""
 1150 0784 00       		.string	""
 1151 0785 C6442828 		.string	"\306D((\020((D\306"
 1151      10282844 
 1151      C600
 1152 078f 00       		.string	""
 1153 0790 00       		.string	""
 1154 0791 00       		.string	""
 1155 0792 00       		.string	""
 1156 0793 00       		.string	""
 1157 0794 00       		.string	""
 1158 0795 E7424224 		.ascii	"\347BB$$$\030\030\020\020`"
 1158      24241818 
 1158      101060
 1159 07a0 00       		.string	""
 1160 07a1 00       		.string	""
 1161 07a2 00       		.string	""
 1162 07a3 00       		.string	""
 1163 07a4 00       		.string	""
 1164 07a5 FE828408 		.string	"\376\202\204\b\020 B\202\376"
 1164      10204282 
 1164      FE00
 1165 07af 00       		.string	""
 1166 07b0 00       		.string	""
 1167 07b1 06081010 		.string	"\006\b\020\020\020\020`\020\020\020\020\b\006"
 1167      10106010 
 1167      10101008 
 1167      0600
 1168 07bf 00       		.string	""
 1169 07c0 10101010 		.ascii	"\020\020\020\020\020\020\020\020\020\020\020\020\020\020\020"
 1169      10101010 
 1169      10101010 
 1169      101010
 1170 07cf 10       		.ascii	"\020"
 1171 07d0 00       		.string	""
 1172 07d1 60100808 		.string	"`\020\b\b\b\b\006\b\b\b\b\020`"
 1172      08080608 
 1172      08080810 
 1172      6000
GAS LISTING memory.s 			page 35


 1173 07df 00       		.string	""
 1174 07e0 00       		.string	""
 1175 07e1 728C00   		.string	"r\214"
 1176 07e4 00       		.string	""
 1177 07e5 00       		.string	""
 1178 07e6 00       		.string	""
 1179 07e7 00       		.string	""
 1180 07e8 00       		.string	""
 1181 07e9 00       		.string	""
 1182 07ea 00       		.string	""
 1183 07eb 00       		.string	""
 1184 07ec 00       		.string	""
 1185 07ed 00       		.string	""
 1186 07ee 00       		.string	""
 1187 07ef 00       		.string	""
 1188 07f0 00       		.string	""
 1189 07f1 00       		.string	""
 1190 07f2 00       		.string	""
 1191 07f3 00       		.string	""
 1192 07f4 00       		.string	""
 1193 07f5 00       		.string	""
 1194 07f6 00       		.string	""
 1195 07f7 00       		.string	""
 1196 07f8 00       		.string	""
 1197 07f9 00       		.string	""
 1198 07fa 00       		.string	""
 1199 07fb 00       		.string	""
 1200 07fc 00       		.string	""
 1201 07fd 00       		.string	""
 1202 07fe 00       		.string	""
 1203 07ff 00       		.string	""
 1204 0800 00       		.string	""
 1205 0801 00       		.string	""
 1206 0802 00       		.string	""
 1207 0803 00       		.string	""
 1208 0804 00       		.string	""
 1209 0805 00       		.string	""
 1210 0806 00       		.string	""
 1211 0807 00       		.string	""
 1212 0808 00       		.string	""
 1213 0809 00       		.string	""
 1214 080a 00       		.string	""
 1215 080b 00       		.string	""
 1216 080c 00       		.string	""
 1217 080d 00       		.string	""
 1218 080e 00       		.string	""
 1219 080f 00       		.string	""
 1220 0810 00       		.string	""
 1221 0811 00       		.string	""
 1222 0812 00       		.string	""
 1223 0813 00       		.string	""
 1224 0814 00       		.string	""
 1225 0815 00       		.string	""
 1226 0816 00       		.string	""
 1227 0817 00       		.string	""
 1228 0818 00       		.string	""
 1229 0819 00       		.string	""
GAS LISTING memory.s 			page 36


 1230 081a 00       		.string	""
 1231 081b 00       		.string	""
 1232 081c 00       		.string	""
 1233 081d 00       		.string	""
 1234 081e 00       		.string	""
 1235 081f 00       		.string	""
 1236 0820 00       		.string	""
 1237 0821 00       		.string	""
 1238 0822 00       		.string	""
 1239 0823 00       		.string	""
 1240 0824 00       		.string	""
 1241 0825 00       		.string	""
 1242 0826 00       		.string	""
 1243 0827 00       		.string	""
 1244 0828 00       		.string	""
 1245 0829 00       		.string	""
 1246 082a 00       		.string	""
 1247 082b 00       		.string	""
 1248 082c 00       		.string	""
 1249 082d 00       		.string	""
 1250 082e 00       		.string	""
 1251 082f 00       		.string	""
 1252 0830 00       		.string	""
 1253 0831 00       		.string	""
 1254 0832 00       		.string	""
 1255 0833 00       		.string	""
 1256 0834 00       		.string	""
 1257 0835 00       		.string	""
 1258 0836 00       		.string	""
 1259 0837 00       		.string	""
 1260 0838 00       		.string	""
 1261 0839 00       		.string	""
 1262 083a 00       		.string	""
 1263 083b 00       		.string	""
 1264 083c 00       		.string	""
 1265 083d 00       		.string	""
 1266 083e 00       		.string	""
 1267 083f 00       		.string	""
 1268 0840 00       		.string	""
 1269 0841 00       		.string	""
 1270 0842 00       		.string	""
 1271 0843 00       		.string	""
 1272 0844 00       		.string	""
 1273 0845 00       		.string	""
 1274 0846 00       		.string	""
 1275 0847 00       		.string	""
 1276 0848 00       		.string	""
 1277 0849 00       		.string	""
 1278 084a 00       		.string	""
 1279 084b 00       		.string	""
 1280 084c 00       		.string	""
 1281 084d 00       		.string	""
 1282 084e 00       		.string	""
 1283 084f 00       		.string	""
 1284 0850 00       		.string	""
 1285 0851 00       		.string	""
 1286 0852 00       		.string	""
GAS LISTING memory.s 			page 37


 1287 0853 00       		.string	""
 1288 0854 00       		.string	""
 1289 0855 00       		.string	""
 1290 0856 00       		.string	""
 1291 0857 00       		.string	""
 1292 0858 00       		.string	""
 1293 0859 00       		.string	""
 1294 085a 00       		.string	""
 1295 085b 00       		.string	""
 1296 085c 00       		.string	""
 1297 085d 00       		.string	""
 1298 085e 00       		.string	""
 1299 085f 00       		.string	""
 1300 0860 00       		.string	""
 1301 0861 00       		.string	""
 1302 0862 00       		.string	""
 1303 0863 00       		.string	""
 1304 0864 00       		.string	""
 1305 0865 00       		.string	""
 1306 0866 00       		.string	""
 1307 0867 00       		.string	""
 1308 0868 00       		.string	""
 1309 0869 00       		.string	""
 1310 086a 00       		.string	""
 1311 086b 00       		.string	""
 1312 086c 00       		.string	""
 1313 086d 00       		.string	""
 1314 086e 00       		.string	""
 1315 086f 00       		.string	""
 1316 0870 00       		.string	""
 1317 0871 00       		.string	""
 1318 0872 00       		.string	""
 1319 0873 00       		.string	""
 1320 0874 00       		.string	""
 1321 0875 00       		.string	""
 1322 0876 00       		.string	""
 1323 0877 00       		.string	""
 1324 0878 00       		.string	""
 1325 0879 00       		.string	""
 1326 087a 00       		.string	""
 1327 087b 00       		.string	""
 1328 087c 00       		.string	""
 1329 087d 00       		.string	""
 1330 087e 00       		.string	""
 1331 087f 00       		.string	""
 1332 0880 00       		.string	""
 1333 0881 00       		.string	""
 1334 0882 00       		.string	""
 1335 0883 00       		.string	""
 1336 0884 00       		.string	""
 1337 0885 00       		.string	""
 1338 0886 00       		.string	""
 1339 0887 00       		.string	""
 1340 0888 00       		.string	""
 1341 0889 00       		.string	""
 1342 088a 00       		.string	""
 1343 088b 00       		.string	""
GAS LISTING memory.s 			page 38


 1344 088c 00       		.string	""
 1345 088d 00       		.string	""
 1346 088e 00       		.string	""
 1347 088f 00       		.string	""
 1348 0890 00       		.string	""
 1349 0891 00       		.string	""
 1350 0892 00       		.string	""
 1351 0893 00       		.string	""
 1352 0894 00       		.string	""
 1353 0895 00       		.string	""
 1354 0896 00       		.string	""
 1355 0897 00       		.string	""
 1356 0898 00       		.string	""
 1357 0899 00       		.string	""
 1358 089a 00       		.string	""
 1359 089b 00       		.string	""
 1360 089c 00       		.string	""
 1361 089d 00       		.string	""
 1362 089e 00       		.string	""
 1363 089f 00       		.string	""
 1364 08a0 00       		.string	""
 1365 08a1 00       		.string	""
 1366 08a2 00       		.string	""
 1367 08a3 00       		.string	""
 1368 08a4 00       		.string	""
 1369 08a5 00       		.string	""
 1370 08a6 00       		.string	""
 1371 08a7 00       		.string	""
 1372 08a8 00       		.string	""
 1373 08a9 00       		.string	""
 1374 08aa 00       		.string	""
 1375 08ab 00       		.string	""
 1376 08ac 00       		.string	""
 1377 08ad 00       		.string	""
 1378 08ae 00       		.string	""
 1379 08af 00       		.string	""
 1380 08b0 00       		.string	""
 1381 08b1 00       		.string	""
 1382 08b2 00       		.string	""
 1383 08b3 00       		.string	""
 1384 08b4 00       		.string	""
 1385 08b5 00       		.string	""
 1386 08b6 00       		.string	""
 1387 08b7 00       		.string	""
 1388 08b8 00       		.string	""
 1389 08b9 00       		.string	""
 1390 08ba 00       		.string	""
 1391 08bb 00       		.string	""
 1392 08bc 00       		.string	""
 1393 08bd 00       		.string	""
 1394 08be 00       		.string	""
 1395 08bf 00       		.string	""
 1396 08c0 00       		.string	""
 1397 08c1 00       		.string	""
 1398 08c2 00       		.string	""
 1399 08c3 00       		.string	""
 1400 08c4 00       		.string	""
GAS LISTING memory.s 			page 39


 1401 08c5 00       		.string	""
 1402 08c6 00       		.string	""
 1403 08c7 00       		.string	""
 1404 08c8 00       		.string	""
 1405 08c9 00       		.string	""
 1406 08ca 00       		.string	""
 1407 08cb 00       		.string	""
 1408 08cc 00       		.string	""
 1409 08cd 00       		.string	""
 1410 08ce 00       		.string	""
 1411 08cf 00       		.string	""
 1412 08d0 00       		.string	""
 1413 08d1 00       		.string	""
 1414 08d2 00       		.string	""
 1415 08d3 00       		.string	""
 1416 08d4 00       		.string	""
 1417 08d5 00       		.string	""
 1418 08d6 00       		.string	""
 1419 08d7 00       		.string	""
 1420 08d8 00       		.string	""
 1421 08d9 00       		.string	""
 1422 08da 00       		.string	""
 1423 08db 00       		.string	""
 1424 08dc 00       		.string	""
 1425 08dd 00       		.string	""
 1426 08de 00       		.string	""
 1427 08df 00       		.string	""
 1428 08e0 00       		.string	""
 1429 08e1 00       		.string	""
 1430 08e2 00       		.string	""
 1431 08e3 00       		.string	""
 1432 08e4 00       		.string	""
 1433 08e5 00       		.string	""
 1434 08e6 00       		.string	""
 1435 08e7 00       		.string	""
 1436 08e8 00       		.string	""
 1437 08e9 00       		.string	""
 1438 08ea 00       		.string	""
 1439 08eb 00       		.string	""
 1440 08ec 00       		.string	""
 1441 08ed 00       		.string	""
 1442 08ee 00       		.string	""
 1443 08ef 00       		.string	""
 1444 08f0 00       		.string	""
 1445 08f1 00       		.string	""
 1446 08f2 00       		.string	""
 1447 08f3 00       		.string	""
 1448 08f4 00       		.string	""
 1449 08f5 00       		.string	""
 1450 08f6 00       		.string	""
 1451 08f7 00       		.string	""
 1452 08f8 00       		.string	""
 1453 08f9 00       		.string	""
 1454 08fa 00       		.string	""
 1455 08fb 00       		.string	""
 1456 08fc 00       		.string	""
 1457 08fd 00       		.string	""
GAS LISTING memory.s 			page 40


 1458 08fe 00       		.string	""
 1459 08ff 00       		.string	""
 1460 0900 00       		.string	""
 1461 0901 00       		.string	""
 1462 0902 00       		.string	""
 1463 0903 00       		.string	""
 1464 0904 00       		.string	""
 1465 0905 00       		.string	""
 1466 0906 00       		.string	""
 1467 0907 00       		.string	""
 1468 0908 00       		.string	""
 1469 0909 00       		.string	""
 1470 090a 00       		.string	""
 1471 090b 00       		.string	""
 1472 090c 00       		.string	""
 1473 090d 00       		.string	""
 1474 090e 00       		.string	""
 1475 090f 00       		.string	""
 1476 0910 00       		.string	""
 1477 0911 00       		.string	""
 1478 0912 00       		.string	""
 1479 0913 00       		.string	""
 1480 0914 00       		.string	""
 1481 0915 00       		.string	""
 1482 0916 00       		.string	""
 1483 0917 00       		.string	""
 1484 0918 00       		.string	""
 1485 0919 00       		.string	""
 1486 091a 00       		.string	""
 1487 091b 00       		.string	""
 1488 091c 00       		.string	""
 1489 091d 00       		.string	""
 1490 091e 00       		.string	""
 1491 091f 00       		.string	""
 1492 0920 00       		.string	""
 1493 0921 00       		.string	""
 1494 0922 00       		.string	""
 1495 0923 00       		.string	""
 1496 0924 00       		.string	""
 1497 0925 00       		.string	""
 1498 0926 00       		.string	""
 1499 0927 00       		.string	""
 1500 0928 00       		.string	""
 1501 0929 00       		.string	""
 1502 092a 00       		.string	""
 1503 092b 00       		.string	""
 1504 092c 00       		.string	""
 1505 092d 00       		.string	""
 1506 092e 00       		.string	""
 1507 092f 00       		.string	""
 1508 0930 00       		.string	""
 1509 0931 00       		.string	""
 1510 0932 00       		.string	""
 1511 0933 00       		.string	""
 1512 0934 00       		.string	""
 1513 0935 00       		.string	""
 1514 0936 00       		.string	""
GAS LISTING memory.s 			page 41


 1515 0937 00       		.string	""
 1516 0938 00       		.string	""
 1517 0939 00       		.string	""
 1518 093a 00       		.string	""
 1519 093b 00       		.string	""
 1520 093c 00       		.string	""
 1521 093d 00       		.string	""
 1522 093e 00       		.string	""
 1523 093f 00       		.string	""
 1524 0940 00       		.string	""
 1525 0941 00       		.string	""
 1526 0942 00       		.string	""
 1527 0943 00       		.string	""
 1528 0944 00       		.string	""
 1529 0945 00       		.string	""
 1530 0946 00       		.string	""
 1531 0947 00       		.string	""
 1532 0948 00       		.string	""
 1533 0949 00       		.string	""
 1534 094a 00       		.string	""
 1535 094b 00       		.string	""
 1536 094c 00       		.string	""
 1537 094d 00       		.string	""
 1538 094e 00       		.string	""
 1539 094f 00       		.string	""
 1540 0950 00       		.string	""
 1541 0951 00       		.string	""
 1542 0952 00       		.string	""
 1543 0953 00       		.string	""
 1544 0954 00       		.string	""
 1545 0955 00       		.string	""
 1546 0956 00       		.string	""
 1547 0957 00       		.string	""
 1548 0958 00       		.string	""
 1549 0959 00       		.string	""
 1550 095a 00       		.string	""
 1551 095b 00       		.string	""
 1552 095c 00       		.string	""
 1553 095d 00       		.string	""
 1554 095e 00       		.string	""
 1555 095f 00       		.string	""
 1556 0960 00       		.string	""
 1557 0961 00       		.string	""
 1558 0962 00       		.string	""
 1559 0963 00       		.string	""
 1560 0964 00       		.string	""
 1561 0965 00       		.string	""
 1562 0966 00       		.string	""
 1563 0967 00       		.string	""
 1564 0968 00       		.string	""
 1565 0969 00       		.string	""
 1566 096a 00       		.string	""
 1567 096b 00       		.string	""
 1568 096c 00       		.string	""
 1569 096d 00       		.string	""
 1570 096e 00       		.string	""
 1571 096f 00       		.string	""
GAS LISTING memory.s 			page 42


 1572 0970 00       		.string	""
 1573 0971 00       		.string	""
 1574 0972 00       		.string	""
 1575 0973 00       		.string	""
 1576 0974 00       		.string	""
 1577 0975 00       		.string	""
 1578 0976 00       		.string	""
 1579 0977 00       		.string	""
 1580 0978 00       		.string	""
 1581 0979 00       		.string	""
 1582 097a 00       		.string	""
 1583 097b 00       		.string	""
 1584 097c 00       		.string	""
 1585 097d 00       		.string	""
 1586 097e 00       		.string	""
 1587 097f 00       		.string	""
 1588 0980 00       		.string	""
 1589 0981 00       		.string	""
 1590 0982 00       		.string	""
 1591 0983 00       		.string	""
 1592 0984 00       		.string	""
 1593 0985 00       		.string	""
 1594 0986 00       		.string	""
 1595 0987 00       		.string	""
 1596 0988 00       		.string	""
 1597 0989 00       		.string	""
 1598 098a 00       		.string	""
 1599 098b 00       		.string	""
 1600 098c 00       		.string	""
 1601 098d 00       		.string	""
 1602 098e 00       		.string	""
 1603 098f 00       		.string	""
 1604 0990 00       		.string	""
 1605 0991 00       		.string	""
 1606 0992 00       		.string	""
 1607 0993 00       		.string	""
 1608 0994 00       		.string	""
 1609 0995 00       		.string	""
 1610 0996 00       		.string	""
 1611 0997 00       		.string	""
 1612 0998 00       		.string	""
 1613 0999 00       		.string	""
 1614 099a 00       		.string	""
 1615 099b 00       		.string	""
 1616 099c 00       		.string	""
 1617 099d 00       		.string	""
 1618 099e 00       		.string	""
 1619 099f 00       		.string	""
 1620 09a0 00       		.string	""
 1621 09a1 00       		.string	""
 1622 09a2 00       		.string	""
 1623 09a3 00       		.string	""
 1624 09a4 00       		.string	""
 1625 09a5 00       		.string	""
 1626 09a6 00       		.string	""
 1627 09a7 00       		.string	""
 1628 09a8 00       		.string	""
GAS LISTING memory.s 			page 43


 1629 09a9 00       		.string	""
 1630 09aa 00       		.string	""
 1631 09ab 00       		.string	""
 1632 09ac 00       		.string	""
 1633 09ad 00       		.string	""
 1634 09ae 00       		.string	""
 1635 09af 00       		.string	""
 1636 09b0 00       		.string	""
 1637 09b1 00       		.string	""
 1638 09b2 00       		.string	""
 1639 09b3 00       		.string	""
 1640 09b4 00       		.string	""
 1641 09b5 00       		.string	""
 1642 09b6 00       		.string	""
 1643 09b7 00       		.string	""
 1644 09b8 00       		.string	""
 1645 09b9 00       		.string	""
 1646 09ba 00       		.string	""
 1647 09bb 00       		.string	""
 1648 09bc 00       		.string	""
 1649 09bd 00       		.string	""
 1650 09be 00       		.string	""
 1651 09bf 00       		.string	""
 1652 09c0 00       		.string	""
 1653 09c1 00       		.string	""
 1654 09c2 00       		.string	""
 1655 09c3 00       		.string	""
 1656 09c4 00       		.string	""
 1657 09c5 00       		.string	""
 1658 09c6 00       		.string	""
 1659 09c7 00       		.string	""
 1660 09c8 00       		.string	""
 1661 09c9 00       		.string	""
 1662 09ca 00       		.string	""
 1663 09cb 00       		.string	""
 1664 09cc 00       		.string	""
 1665 09cd 00       		.string	""
 1666 09ce 00       		.string	""
 1667 09cf 00       		.string	""
 1668 09d0 00       		.string	""
 1669 09d1 00       		.string	""
 1670 09d2 00       		.string	""
 1671 09d3 00       		.string	""
 1672 09d4 00       		.string	""
 1673 09d5 00       		.string	""
 1674 09d6 00       		.string	""
 1675 09d7 00       		.string	""
 1676 09d8 00       		.string	""
 1677 09d9 00       		.string	""
 1678 09da 00       		.string	""
 1679 09db 00       		.string	""
 1680 09dc 00       		.string	""
 1681 09dd 00       		.string	""
 1682 09de 00       		.string	""
 1683 09df 00       		.string	""
 1684 09e0 00       		.string	""
 1685 09e1 00       		.string	""
GAS LISTING memory.s 			page 44


 1686 09e2 00       		.string	""
 1687 09e3 00       		.string	""
 1688 09e4 00       		.string	""
 1689 09e5 00       		.string	""
 1690 09e6 00       		.string	""
 1691 09e7 00       		.string	""
 1692 09e8 00       		.string	""
 1693 09e9 00       		.string	""
 1694 09ea 00       		.string	""
 1695 09eb 00       		.string	""
 1696 09ec 00       		.string	""
 1697 09ed 00       		.string	""
 1698 09ee 00       		.string	""
 1699 09ef 00       		.string	""
 1700 09f0 00       		.string	""
 1701 09f1 00       		.string	""
 1702 09f2 00       		.string	""
 1703 09f3 00       		.string	""
 1704 09f4 00       		.string	""
 1705 09f5 00       		.string	""
 1706 09f6 00       		.string	""
 1707 09f7 00       		.string	""
 1708 09f8 00       		.string	""
 1709 09f9 00       		.string	""
 1710 09fa 00       		.string	""
 1711 09fb 00       		.string	""
 1712 09fc 00       		.string	""
 1713 09fd 00       		.string	""
 1714 09fe 00       		.string	""
 1715 09ff 00       		.string	""
 1716 0a00 00       		.string	""
 1717 0a01 00       		.string	""
 1718 0a02 00       		.string	""
 1719 0a03 00       		.string	""
 1720 0a04 00       		.string	""
 1721 0a05 00       		.string	""
 1722 0a06 00       		.string	""
 1723 0a07 00       		.string	""
 1724 0a08 00       		.string	""
 1725 0a09 00       		.string	""
 1726 0a0a 00       		.string	""
 1727 0a0b 00       		.string	""
 1728 0a0c 00       		.string	""
 1729 0a0d 00       		.string	""
 1730 0a0e 00       		.string	""
 1731 0a0f 00       		.string	""
 1732 0a10 00       		.string	""
 1733 0a11 00       		.string	""
 1734 0a12 00       		.string	""
 1735 0a13 00       		.string	""
 1736 0a14 00       		.string	""
 1737 0a15 00       		.string	""
 1738 0a16 00       		.string	""
 1739 0a17 00       		.string	""
 1740 0a18 00       		.string	""
 1741 0a19 00       		.string	""
 1742 0a1a 00       		.string	""
GAS LISTING memory.s 			page 45


 1743 0a1b 00       		.string	""
 1744 0a1c 00       		.string	""
 1745 0a1d 00       		.string	""
 1746 0a1e 00       		.string	""
 1747 0a1f 00       		.string	""
 1748 0a20 00       		.string	""
 1749 0a21 00       		.string	""
 1750 0a22 00       		.string	""
 1751 0a23 00       		.string	""
 1752 0a24 00       		.string	""
 1753 0a25 00       		.string	""
 1754 0a26 00       		.string	""
 1755 0a27 00       		.string	""
 1756 0a28 00       		.string	""
 1757 0a29 00       		.string	""
 1758 0a2a 00       		.string	""
 1759 0a2b 00       		.string	""
 1760 0a2c 00       		.string	""
 1761 0a2d 00       		.string	""
 1762 0a2e 00       		.string	""
 1763 0a2f 00       		.string	""
 1764 0a30 00       		.string	""
 1765 0a31 00       		.string	""
 1766 0a32 00       		.string	""
 1767 0a33 00       		.string	""
 1768 0a34 00       		.string	""
 1769 0a35 00       		.string	""
 1770 0a36 00       		.string	""
 1771 0a37 00       		.string	""
 1772 0a38 00       		.string	""
 1773 0a39 00       		.string	""
 1774 0a3a 00       		.string	""
 1775 0a3b 00       		.string	""
 1776 0a3c 00       		.string	""
 1777 0a3d 00       		.string	""
 1778 0a3e 00       		.string	""
 1779 0a3f 00       		.string	""
 1780 0a40 00       		.string	""
 1781 0a41 00       		.string	""
 1782 0a42 00       		.string	""
 1783 0a43 00       		.string	""
 1784 0a44 00       		.string	""
 1785 0a45 00       		.string	""
 1786 0a46 00       		.string	""
 1787 0a47 00       		.string	""
 1788 0a48 00       		.string	""
 1789 0a49 00       		.string	""
 1790 0a4a 00       		.string	""
 1791 0a4b 00       		.string	""
 1792 0a4c 00       		.string	""
 1793 0a4d 00       		.string	""
 1794 0a4e 00       		.string	""
 1795 0a4f 00       		.string	""
 1796 0a50 00       		.string	""
 1797 0a51 00       		.string	""
 1798 0a52 00       		.string	""
 1799 0a53 00       		.string	""
GAS LISTING memory.s 			page 46


 1800 0a54 00       		.string	""
 1801 0a55 00       		.string	""
 1802 0a56 00       		.string	""
 1803 0a57 00       		.string	""
 1804 0a58 00       		.string	""
 1805 0a59 00       		.string	""
 1806 0a5a 00       		.string	""
 1807 0a5b 00       		.string	""
 1808 0a5c 00       		.string	""
 1809 0a5d 00       		.string	""
 1810 0a5e 00       		.string	""
 1811 0a5f 00       		.string	""
 1812 0a60 00       		.string	""
 1813 0a61 00       		.string	""
 1814 0a62 00       		.string	""
 1815 0a63 00       		.string	""
 1816 0a64 00       		.string	""
 1817 0a65 00       		.string	""
 1818 0a66 00       		.string	""
 1819 0a67 00       		.string	""
 1820 0a68 00       		.string	""
 1821 0a69 00       		.string	""
 1822 0a6a 00       		.string	""
 1823 0a6b 00       		.string	""
 1824 0a6c 00       		.string	""
 1825 0a6d 00       		.string	""
 1826 0a6e 00       		.string	""
 1827 0a6f 00       		.string	""
 1828 0a70 00       		.string	""
 1829 0a71 00       		.string	""
 1830 0a72 00       		.string	""
 1831 0a73 00       		.string	""
 1832 0a74 00       		.string	""
 1833 0a75 00       		.string	""
 1834 0a76 00       		.string	""
 1835 0a77 00       		.string	""
 1836 0a78 00       		.string	""
 1837 0a79 00       		.string	""
 1838 0a7a 00       		.string	""
 1839 0a7b 00       		.string	""
 1840 0a7c 00       		.string	""
 1841 0a7d 00       		.string	""
 1842 0a7e 00       		.string	""
 1843 0a7f 00       		.string	""
 1844 0a80 00       		.string	""
 1845 0a81 00       		.string	""
 1846 0a82 00       		.string	""
 1847 0a83 00       		.string	""
 1848 0a84 00       		.string	""
 1849 0a85 00       		.string	""
 1850 0a86 00       		.string	""
 1851 0a87 00       		.string	""
 1852 0a88 00       		.string	""
 1853 0a89 00       		.string	""
 1854 0a8a 00       		.string	""
 1855 0a8b 00       		.string	""
 1856 0a8c 00       		.string	""
GAS LISTING memory.s 			page 47


 1857 0a8d 00       		.string	""
 1858 0a8e 00       		.string	""
 1859 0a8f 00       		.string	""
 1860 0a90 00       		.string	""
 1861 0a91 00       		.string	""
 1862 0a92 00       		.string	""
 1863 0a93 00       		.string	""
 1864 0a94 00       		.string	""
 1865 0a95 00       		.string	""
 1866 0a96 00       		.string	""
 1867 0a97 00       		.string	""
 1868 0a98 00       		.string	""
 1869 0a99 00       		.string	""
 1870 0a9a 00       		.string	""
 1871 0a9b 00       		.string	""
 1872 0a9c 00       		.string	""
 1873 0a9d 00       		.string	""
 1874 0a9e 00       		.string	""
 1875 0a9f 00       		.string	""
 1876 0aa0 00       		.string	""
 1877 0aa1 00       		.string	""
 1878 0aa2 00       		.string	""
 1879 0aa3 00       		.string	""
 1880 0aa4 00       		.string	""
 1881 0aa5 00       		.string	""
 1882 0aa6 00       		.string	""
 1883 0aa7 00       		.string	""
 1884 0aa8 00       		.string	""
 1885 0aa9 00       		.string	""
 1886 0aaa 00       		.string	""
 1887 0aab 00       		.string	""
 1888 0aac 00       		.string	""
 1889 0aad 00       		.string	""
 1890 0aae 00       		.string	""
 1891 0aaf 00       		.string	""
 1892 0ab0 00       		.string	""
 1893 0ab1 00       		.string	""
 1894 0ab2 00       		.string	""
 1895 0ab3 00       		.string	""
 1896 0ab4 00       		.string	""
 1897 0ab5 00       		.string	""
 1898 0ab6 00       		.string	""
 1899 0ab7 00       		.string	""
 1900 0ab8 00       		.string	""
 1901 0ab9 00       		.string	""
 1902 0aba 00       		.string	""
 1903 0abb 00       		.string	""
 1904 0abc 00       		.string	""
 1905 0abd 00       		.string	""
 1906 0abe 00       		.string	""
 1907 0abf 00       		.string	""
 1908 0ac0 00       		.string	""
 1909 0ac1 00       		.string	""
 1910 0ac2 00       		.string	""
 1911 0ac3 00       		.string	""
 1912 0ac4 00       		.string	""
 1913 0ac5 00       		.string	""
GAS LISTING memory.s 			page 48


 1914 0ac6 00       		.string	""
 1915 0ac7 00       		.string	""
 1916 0ac8 00       		.string	""
 1917 0ac9 00       		.string	""
 1918 0aca 00       		.string	""
 1919 0acb 00       		.string	""
 1920 0acc 00       		.string	""
 1921 0acd 00       		.string	""
 1922 0ace 00       		.string	""
 1923 0acf 00       		.string	""
 1924 0ad0 00       		.string	""
 1925 0ad1 00       		.string	""
 1926 0ad2 00       		.string	""
 1927 0ad3 00       		.string	""
 1928 0ad4 00       		.string	""
 1929 0ad5 00       		.string	""
 1930 0ad6 00       		.string	""
 1931 0ad7 00       		.string	""
 1932 0ad8 00       		.string	""
 1933 0ad9 00       		.string	""
 1934 0ada 00       		.string	""
 1935 0adb 00       		.string	""
 1936 0adc 00       		.string	""
 1937 0add 00       		.string	""
 1938 0ade 00       		.string	""
 1939 0adf 00       		.string	""
 1940 0ae0 00       		.string	""
 1941 0ae1 00       		.string	""
 1942 0ae2 00       		.string	""
 1943 0ae3 00       		.string	""
 1944 0ae4 00       		.string	""
 1945 0ae5 00       		.string	""
 1946 0ae6 00       		.string	""
 1947 0ae7 00       		.string	""
 1948 0ae8 00       		.string	""
 1949 0ae9 00       		.string	""
 1950 0aea 00       		.string	""
 1951 0aeb 00       		.string	""
 1952 0aec 00       		.string	""
 1953 0aed 00       		.string	""
 1954 0aee 00       		.string	""
 1955 0aef 00       		.string	""
 1956 0af0 00       		.string	""
 1957 0af1 00       		.string	""
 1958 0af2 00       		.string	""
 1959 0af3 00       		.string	""
 1960 0af4 00       		.string	""
 1961 0af5 00       		.string	""
 1962 0af6 00       		.string	""
 1963 0af7 00       		.string	""
 1964 0af8 00       		.string	""
 1965 0af9 00       		.string	""
 1966 0afa 00       		.string	""
 1967 0afb 00       		.string	""
 1968 0afc 00       		.string	""
 1969 0afd 00       		.string	""
 1970 0afe 00       		.string	""
GAS LISTING memory.s 			page 49


 1971 0aff 00       		.string	""
 1972 0b00 00       		.string	""
 1973 0b01 00       		.string	""
 1974 0b02 00       		.string	""
 1975 0b03 00       		.string	""
 1976 0b04 00       		.string	""
 1977 0b05 00       		.string	""
 1978 0b06 00       		.string	""
 1979 0b07 00       		.string	""
 1980 0b08 00       		.string	""
 1981 0b09 00       		.string	""
 1982 0b0a 00       		.string	""
 1983 0b0b 00       		.string	""
 1984 0b0c 00       		.string	""
 1985 0b0d 00       		.string	""
 1986 0b0e 00       		.string	""
 1987 0b0f 00       		.string	""
 1988 0b10 00       		.string	""
 1989 0b11 00       		.string	""
 1990 0b12 00       		.string	""
 1991 0b13 00       		.string	""
 1992 0b14 00       		.string	""
 1993 0b15 00       		.string	""
 1994 0b16 00       		.string	""
 1995 0b17 00       		.string	""
 1996 0b18 00       		.string	""
 1997 0b19 00       		.string	""
 1998 0b1a 00       		.string	""
 1999 0b1b 00       		.string	""
 2000 0b1c 00       		.string	""
 2001 0b1d 00       		.string	""
 2002 0b1e 00       		.string	""
 2003 0b1f 00       		.string	""
 2004 0b20 00       		.string	""
 2005 0b21 00       		.string	""
 2006 0b22 00       		.string	""
 2007 0b23 00       		.string	""
 2008 0b24 00       		.string	""
 2009 0b25 00       		.string	""
 2010 0b26 00       		.string	""
 2011 0b27 00       		.string	""
 2012 0b28 00       		.string	""
 2013 0b29 00       		.string	""
 2014 0b2a 00       		.string	""
 2015 0b2b 00       		.string	""
 2016 0b2c 00       		.string	""
 2017 0b2d 00       		.string	""
 2018 0b2e 00       		.string	""
 2019 0b2f 00       		.string	""
 2020 0b30 00       		.string	""
 2021 0b31 00       		.string	""
 2022 0b32 00       		.string	""
 2023 0b33 00       		.string	""
 2024 0b34 00       		.string	""
 2025 0b35 00       		.string	""
 2026 0b36 00       		.string	""
 2027 0b37 00       		.string	""
GAS LISTING memory.s 			page 50


 2028 0b38 00       		.string	""
 2029 0b39 00       		.string	""
 2030 0b3a 00       		.string	""
 2031 0b3b 00       		.string	""
 2032 0b3c 00       		.string	""
 2033 0b3d 00       		.string	""
 2034 0b3e 00       		.string	""
 2035 0b3f 00       		.string	""
 2036 0b40 00       		.string	""
 2037 0b41 00       		.string	""
 2038 0b42 00       		.string	""
 2039 0b43 00       		.string	""
 2040 0b44 00       		.string	""
 2041 0b45 00       		.string	""
 2042 0b46 00       		.string	""
 2043 0b47 00       		.string	""
 2044 0b48 00       		.string	""
 2045 0b49 00       		.string	""
 2046 0b4a 00       		.string	""
 2047 0b4b 00       		.string	""
 2048 0b4c 00       		.string	""
 2049 0b4d 00       		.string	""
 2050 0b4e 00       		.string	""
 2051 0b4f 00       		.string	""
 2052 0b50 00       		.string	""
 2053 0b51 00       		.string	""
 2054 0b52 00       		.string	""
 2055 0b53 00       		.string	""
 2056 0b54 00       		.string	""
 2057 0b55 00       		.string	""
 2058 0b56 00       		.string	""
 2059 0b57 00       		.string	""
 2060 0b58 00       		.string	""
 2061 0b59 00       		.string	""
 2062 0b5a 00       		.string	""
 2063 0b5b 00       		.string	""
 2064 0b5c 00       		.string	""
 2065 0b5d 00       		.string	""
 2066 0b5e 00       		.string	""
 2067 0b5f 00       		.string	""
 2068 0b60 00       		.string	""
 2069 0b61 00       		.string	""
 2070 0b62 00       		.string	""
 2071 0b63 00       		.string	""
 2072 0b64 00       		.string	""
 2073 0b65 00       		.string	""
 2074 0b66 00       		.string	""
 2075 0b67 00       		.string	""
 2076 0b68 00       		.string	""
 2077 0b69 00       		.string	""
 2078 0b6a 00       		.string	""
 2079 0b6b 00       		.string	""
 2080 0b6c 00       		.string	""
 2081 0b6d 00       		.string	""
 2082 0b6e 00       		.string	""
 2083 0b6f 00       		.string	""
 2084 0b70 00       		.string	""
GAS LISTING memory.s 			page 51


 2085 0b71 00       		.string	""
 2086 0b72 00       		.string	""
 2087 0b73 00       		.string	""
 2088 0b74 00       		.string	""
 2089 0b75 00       		.string	""
 2090 0b76 00       		.string	""
 2091 0b77 00       		.string	""
 2092 0b78 00       		.string	""
 2093 0b79 00       		.string	""
 2094 0b7a 00       		.string	""
 2095 0b7b 00       		.string	""
 2096 0b7c 00       		.string	""
 2097 0b7d 00       		.string	""
 2098 0b7e 00       		.string	""
 2099 0b7f 00       		.string	""
 2100 0b80 00       		.string	""
 2101 0b81 00       		.string	""
 2102 0b82 00       		.string	""
 2103 0b83 00       		.string	""
 2104 0b84 00       		.string	""
 2105 0b85 00       		.string	""
 2106 0b86 00       		.string	""
 2107 0b87 00       		.string	""
 2108 0b88 00       		.string	""
 2109 0b89 00       		.string	""
 2110 0b8a 00       		.string	""
 2111 0b8b 00       		.string	""
 2112 0b8c 00       		.string	""
 2113 0b8d 00       		.string	""
 2114 0b8e 00       		.string	""
 2115 0b8f 00       		.string	""
 2116 0b90 00       		.string	""
 2117 0b91 00       		.string	""
 2118 0b92 00       		.string	""
 2119 0b93 00       		.string	""
 2120 0b94 00       		.string	""
 2121 0b95 00       		.string	""
 2122 0b96 00       		.string	""
 2123 0b97 00       		.string	""
 2124 0b98 00       		.string	""
 2125 0b99 00       		.string	""
 2126 0b9a 00       		.string	""
 2127 0b9b 00       		.string	""
 2128 0b9c 00       		.string	""
 2129 0b9d 00       		.string	""
 2130 0b9e 00       		.string	""
 2131 0b9f 00       		.string	""
 2132 0ba0 00       		.string	""
 2133 0ba1 00       		.string	""
 2134 0ba2 00       		.string	""
 2135 0ba3 00       		.string	""
 2136 0ba4 00       		.string	""
 2137 0ba5 00       		.string	""
 2138 0ba6 00       		.string	""
 2139 0ba7 00       		.string	""
 2140 0ba8 00       		.string	""
 2141 0ba9 00       		.string	""
GAS LISTING memory.s 			page 52


 2142 0baa 00       		.string	""
 2143 0bab 00       		.string	""
 2144 0bac 00       		.string	""
 2145 0bad 00       		.string	""
 2146 0bae 00       		.string	""
 2147 0baf 00       		.string	""
 2148 0bb0 00       		.string	""
 2149 0bb1 00       		.string	""
 2150 0bb2 00       		.string	""
 2151 0bb3 00       		.string	""
 2152 0bb4 00       		.string	""
 2153 0bb5 00       		.string	""
 2154 0bb6 00       		.string	""
 2155 0bb7 00       		.string	""
 2156 0bb8 00       		.string	""
 2157 0bb9 00       		.string	""
 2158 0bba 00       		.string	""
 2159 0bbb 00       		.string	""
 2160 0bbc 00       		.string	""
 2161 0bbd 00       		.string	""
 2162 0bbe 00       		.string	""
 2163 0bbf 00       		.string	""
 2164 0bc0 00       		.string	""
 2165 0bc1 00       		.string	""
 2166 0bc2 00       		.string	""
 2167 0bc3 00       		.string	""
 2168 0bc4 00       		.string	""
 2169 0bc5 00       		.string	""
 2170 0bc6 00       		.string	""
 2171 0bc7 00       		.string	""
 2172 0bc8 00       		.string	""
 2173 0bc9 00       		.string	""
 2174 0bca 00       		.string	""
 2175 0bcb 00       		.string	""
 2176 0bcc 00       		.string	""
 2177 0bcd 00       		.string	""
 2178 0bce 00       		.string	""
 2179 0bcf 00       		.string	""
 2180 0bd0 00       		.string	""
 2181 0bd1 00       		.string	""
 2182 0bd2 00       		.string	""
 2183 0bd3 00       		.string	""
 2184 0bd4 00       		.string	""
 2185 0bd5 00       		.string	""
 2186 0bd6 00       		.string	""
 2187 0bd7 00       		.string	""
 2188 0bd8 00       		.string	""
 2189 0bd9 00       		.string	""
 2190 0bda 00       		.string	""
 2191 0bdb 00       		.string	""
 2192 0bdc 00       		.string	""
 2193 0bdd 00       		.string	""
 2194 0bde 00       		.string	""
 2195 0bdf 00       		.string	""
 2196 0be0 00       		.string	""
 2197 0be1 00       		.string	""
 2198 0be2 00       		.string	""
GAS LISTING memory.s 			page 53


 2199 0be3 00       		.string	""
 2200 0be4 00       		.string	""
 2201 0be5 00       		.string	""
 2202 0be6 00       		.string	""
 2203 0be7 00       		.string	""
 2204 0be8 00       		.string	""
 2205 0be9 00       		.string	""
 2206 0bea 00       		.string	""
 2207 0beb 00       		.string	""
 2208 0bec 00       		.string	""
 2209 0bed 00       		.string	""
 2210 0bee 00       		.string	""
 2211 0bef 00       		.string	""
 2212 0bf0 00       		.string	""
 2213 0bf1 00       		.string	""
 2214 0bf2 00       		.string	""
 2215 0bf3 00       		.string	""
 2216 0bf4 00       		.string	""
 2217 0bf5 00       		.string	""
 2218 0bf6 00       		.string	""
 2219 0bf7 00       		.string	""
 2220 0bf8 00       		.string	""
 2221 0bf9 00       		.string	""
 2222 0bfa 00       		.string	""
 2223 0bfb 00       		.string	""
 2224 0bfc 00       		.string	""
 2225 0bfd 00       		.string	""
 2226 0bfe 00       		.string	""
 2227 0bff 00       		.string	""
 2228 0c00 00       		.string	""
 2229 0c01 00       		.string	""
 2230 0c02 00       		.string	""
 2231 0c03 00       		.string	""
 2232 0c04 00       		.string	""
 2233 0c05 00       		.string	""
 2234 0c06 00       		.string	""
 2235 0c07 00       		.string	""
 2236 0c08 00       		.string	""
 2237 0c09 00       		.string	""
 2238 0c0a 00       		.string	""
 2239 0c0b 00       		.string	""
 2240 0c0c 00       		.string	""
 2241 0c0d 00       		.string	""
 2242 0c0e 00       		.string	""
 2243 0c0f 00       		.string	""
 2244 0c10 00       		.string	""
 2245 0c11 00       		.string	""
 2246 0c12 00       		.string	""
 2247 0c13 00       		.string	""
 2248 0c14 00       		.string	""
 2249 0c15 00       		.string	""
 2250 0c16 00       		.string	""
 2251 0c17 00       		.string	""
 2252 0c18 00       		.string	""
 2253 0c19 00       		.string	""
 2254 0c1a 00       		.string	""
 2255 0c1b 00       		.string	""
GAS LISTING memory.s 			page 54


 2256 0c1c 00       		.string	""
 2257 0c1d 00       		.string	""
 2258 0c1e 00       		.string	""
 2259 0c1f 00       		.string	""
 2260 0c20 00       		.string	""
 2261 0c21 00       		.string	""
 2262 0c22 00       		.string	""
 2263 0c23 00       		.string	""
 2264 0c24 00       		.string	""
 2265 0c25 00       		.string	""
 2266 0c26 00       		.string	""
 2267 0c27 00       		.string	""
 2268 0c28 00       		.string	""
 2269 0c29 00       		.string	""
 2270 0c2a 00       		.string	""
 2271 0c2b 00       		.string	""
 2272 0c2c 00       		.string	""
 2273 0c2d 00       		.string	""
 2274 0c2e 00       		.string	""
 2275 0c2f 00       		.string	""
 2276 0c30 00       		.string	""
 2277 0c31 00       		.string	""
 2278 0c32 00       		.string	""
 2279 0c33 00       		.string	""
 2280 0c34 00       		.string	""
 2281 0c35 00       		.string	""
 2282 0c36 00       		.string	""
 2283 0c37 00       		.string	""
 2284 0c38 00       		.string	""
 2285 0c39 00       		.string	""
 2286 0c3a 00       		.string	""
 2287 0c3b 00       		.string	""
 2288 0c3c 00       		.string	""
 2289 0c3d 00       		.string	""
 2290 0c3e 00       		.string	""
 2291 0c3f 00       		.string	""
 2292 0c40 00       		.string	""
 2293 0c41 00       		.string	""
 2294 0c42 00       		.string	""
 2295 0c43 00       		.string	""
 2296 0c44 00       		.string	""
 2297 0c45 00       		.string	""
 2298 0c46 00       		.string	""
 2299 0c47 00       		.string	""
 2300 0c48 00       		.string	""
 2301 0c49 00       		.string	""
 2302 0c4a 00       		.string	""
 2303 0c4b 00       		.string	""
 2304 0c4c 00       		.string	""
 2305 0c4d 00       		.string	""
 2306 0c4e 00       		.string	""
 2307 0c4f 00       		.string	""
 2308 0c50 00       		.string	""
 2309 0c51 00       		.string	""
 2310 0c52 00       		.string	""
 2311 0c53 00       		.string	""
 2312 0c54 00       		.string	""
GAS LISTING memory.s 			page 55


 2313 0c55 00       		.string	""
 2314 0c56 00       		.string	""
 2315 0c57 00       		.string	""
 2316 0c58 00       		.string	""
 2317 0c59 00       		.string	""
 2318 0c5a 00       		.string	""
 2319 0c5b 00       		.string	""
 2320 0c5c 00       		.string	""
 2321 0c5d 00       		.string	""
 2322 0c5e 00       		.string	""
 2323 0c5f 00       		.string	""
 2324 0c60 00       		.string	""
 2325 0c61 00       		.string	""
 2326 0c62 00       		.string	""
 2327 0c63 00       		.string	""
 2328 0c64 00       		.string	""
 2329 0c65 00       		.string	""
 2330 0c66 00       		.string	""
 2331 0c67 00       		.string	""
 2332 0c68 00       		.string	""
 2333 0c69 00       		.string	""
 2334 0c6a 00       		.string	""
 2335 0c6b 00       		.string	""
 2336 0c6c 00       		.string	""
 2337 0c6d 00       		.string	""
 2338 0c6e 00       		.string	""
 2339 0c6f 00       		.string	""
 2340 0c70 00       		.string	""
 2341 0c71 00       		.string	""
 2342 0c72 00       		.string	""
 2343 0c73 00       		.string	""
 2344 0c74 00       		.string	""
 2345 0c75 00       		.string	""
 2346 0c76 00       		.string	""
 2347 0c77 00       		.string	""
 2348 0c78 00       		.string	""
 2349 0c79 00       		.string	""
 2350 0c7a 00       		.string	""
 2351 0c7b 00       		.string	""
 2352 0c7c 00       		.string	""
 2353 0c7d 00       		.string	""
 2354 0c7e 00       		.string	""
 2355 0c7f 00       		.string	""
 2356 0c80 00       		.string	""
 2357 0c81 00       		.string	""
 2358 0c82 00       		.string	""
 2359 0c83 00       		.string	""
 2360 0c84 00       		.string	""
 2361 0c85 00       		.string	""
 2362 0c86 00       		.string	""
 2363 0c87 00       		.string	""
 2364 0c88 00       		.string	""
 2365 0c89 00       		.string	""
 2366 0c8a 00       		.string	""
 2367 0c8b 00       		.string	""
 2368 0c8c 00       		.string	""
 2369 0c8d 00       		.string	""
GAS LISTING memory.s 			page 56


 2370 0c8e 00       		.string	""
 2371 0c8f 00       		.string	""
 2372 0c90 00       		.string	""
 2373 0c91 00       		.string	""
 2374 0c92 00       		.string	""
 2375 0c93 00       		.string	""
 2376 0c94 00       		.string	""
 2377 0c95 00       		.string	""
 2378 0c96 00       		.string	""
 2379 0c97 00       		.string	""
 2380 0c98 00       		.string	""
 2381 0c99 00       		.string	""
 2382 0c9a 00       		.string	""
 2383 0c9b 00       		.string	""
 2384 0c9c 00       		.string	""
 2385 0c9d 00       		.string	""
 2386 0c9e 00       		.string	""
 2387 0c9f 00       		.string	""
 2388 0ca0 00       		.string	""
 2389 0ca1 00       		.string	""
 2390 0ca2 00       		.string	""
 2391 0ca3 00       		.string	""
 2392 0ca4 00       		.string	""
 2393 0ca5 00       		.string	""
 2394 0ca6 00       		.string	""
 2395 0ca7 00       		.string	""
 2396 0ca8 00       		.string	""
 2397 0ca9 00       		.string	""
 2398 0caa 00       		.string	""
 2399 0cab 00       		.string	""
 2400 0cac 00       		.string	""
 2401 0cad 00       		.string	""
 2402 0cae 00       		.string	""
 2403 0caf 00       		.string	""
 2404 0cb0 00       		.string	""
 2405 0cb1 00       		.string	""
 2406 0cb2 00       		.string	""
 2407 0cb3 00       		.string	""
 2408 0cb4 00       		.string	""
 2409 0cb5 00       		.string	""
 2410 0cb6 00       		.string	""
 2411 0cb7 00       		.string	""
 2412 0cb8 00       		.string	""
 2413 0cb9 00       		.string	""
 2414 0cba 00       		.string	""
 2415 0cbb 00       		.string	""
 2416 0cbc 00       		.string	""
 2417 0cbd 00       		.string	""
 2418 0cbe 00       		.string	""
 2419 0cbf 00       		.string	""
 2420 0cc0 00       		.string	""
 2421 0cc1 00       		.string	""
 2422 0cc2 00       		.string	""
 2423 0cc3 00       		.string	""
 2424 0cc4 00       		.string	""
 2425 0cc5 00       		.string	""
 2426 0cc6 00       		.string	""
GAS LISTING memory.s 			page 57


 2427 0cc7 00       		.string	""
 2428 0cc8 00       		.string	""
 2429 0cc9 00       		.string	""
 2430 0cca 00       		.string	""
 2431 0ccb 00       		.string	""
 2432 0ccc 00       		.string	""
 2433 0ccd 00       		.string	""
 2434 0cce 00       		.string	""
 2435 0ccf 00       		.string	""
 2436 0cd0 00       		.string	""
 2437 0cd1 00       		.string	""
 2438 0cd2 00       		.string	""
 2439 0cd3 00       		.string	""
 2440 0cd4 00       		.string	""
 2441 0cd5 00       		.string	""
 2442 0cd6 00       		.string	""
 2443 0cd7 00       		.string	""
 2444 0cd8 00       		.string	""
 2445 0cd9 00       		.string	""
 2446 0cda 00       		.string	""
 2447 0cdb 00       		.string	""
 2448 0cdc 00       		.string	""
 2449 0cdd 00       		.string	""
 2450 0cde 00       		.string	""
 2451 0cdf 00       		.string	""
 2452 0ce0 00       		.string	""
 2453 0ce1 00       		.string	""
 2454 0ce2 00       		.string	""
 2455 0ce3 00       		.string	""
 2456 0ce4 00       		.string	""
 2457 0ce5 00       		.string	""
 2458 0ce6 00       		.string	""
 2459 0ce7 00       		.string	""
 2460 0ce8 00       		.string	""
 2461 0ce9 00       		.string	""
 2462 0cea 00       		.string	""
 2463 0ceb 00       		.string	""
 2464 0cec 00       		.string	""
 2465 0ced 00       		.string	""
 2466 0cee 00       		.string	""
 2467 0cef 00       		.string	""
 2468 0cf0 00       		.string	""
 2469 0cf1 00       		.string	""
 2470 0cf2 00       		.string	""
 2471 0cf3 00       		.string	""
 2472 0cf4 00       		.string	""
 2473 0cf5 00       		.string	""
 2474 0cf6 00       		.string	""
 2475 0cf7 00       		.string	""
 2476 0cf8 00       		.string	""
 2477 0cf9 00       		.string	""
 2478 0cfa 00       		.string	""
 2479 0cfb 00       		.string	""
 2480 0cfc 00       		.string	""
 2481 0cfd 00       		.string	""
 2482 0cfe 00       		.string	""
 2483 0cff 00       		.string	""
GAS LISTING memory.s 			page 58


 2484 0d00 00       		.string	""
 2485 0d01 00       		.string	""
 2486 0d02 00       		.string	""
 2487 0d03 00       		.string	""
 2488 0d04 00       		.string	""
 2489 0d05 00       		.string	""
 2490 0d06 00       		.string	""
 2491 0d07 00       		.string	""
 2492 0d08 00       		.string	""
 2493 0d09 00       		.string	""
 2494 0d0a 00       		.string	""
 2495 0d0b 00       		.string	""
 2496 0d0c 00       		.string	""
 2497 0d0d 00       		.string	""
 2498 0d0e 00       		.string	""
 2499 0d0f 00       		.string	""
 2500 0d10 00       		.string	""
 2501 0d11 00       		.string	""
 2502 0d12 00       		.string	""
 2503 0d13 00       		.string	""
 2504 0d14 00       		.string	""
 2505 0d15 00       		.string	""
 2506 0d16 00       		.string	""
 2507 0d17 00       		.string	""
 2508 0d18 00       		.string	""
 2509 0d19 00       		.string	""
 2510 0d1a 00       		.string	""
 2511 0d1b 00       		.string	""
 2512 0d1c 00       		.string	""
 2513 0d1d 00       		.string	""
 2514 0d1e 00       		.string	""
 2515 0d1f 00       		.string	""
 2516 0d20 00       		.string	""
 2517 0d21 00       		.string	""
 2518 0d22 00       		.string	""
 2519 0d23 00       		.string	""
 2520 0d24 00       		.string	""
 2521 0d25 00       		.string	""
 2522 0d26 00       		.string	""
 2523 0d27 00       		.string	""
 2524 0d28 00       		.string	""
 2525 0d29 00       		.string	""
 2526 0d2a 00       		.string	""
 2527 0d2b 00       		.string	""
 2528 0d2c 00       		.string	""
 2529 0d2d 00       		.string	""
 2530 0d2e 00       		.string	""
 2531 0d2f 00       		.string	""
 2532 0d30 00       		.string	""
 2533 0d31 00       		.string	""
 2534 0d32 00       		.string	""
 2535 0d33 00       		.string	""
 2536 0d34 00       		.string	""
 2537 0d35 00       		.string	""
 2538 0d36 00       		.string	""
 2539 0d37 00       		.string	""
 2540 0d38 00       		.string	""
GAS LISTING memory.s 			page 59


 2541 0d39 00       		.string	""
 2542 0d3a 00       		.string	""
 2543 0d3b 00       		.string	""
 2544 0d3c 00       		.string	""
 2545 0d3d 00       		.string	""
 2546 0d3e 00       		.string	""
 2547 0d3f 00       		.string	""
 2548 0d40 00       		.string	""
 2549 0d41 00       		.string	""
 2550 0d42 00       		.string	""
 2551 0d43 00       		.string	""
 2552 0d44 00       		.string	""
 2553 0d45 00       		.string	""
 2554 0d46 00       		.string	""
 2555 0d47 00       		.string	""
 2556 0d48 00       		.string	""
 2557 0d49 00       		.string	""
 2558 0d4a 00       		.string	""
 2559 0d4b 00       		.string	""
 2560 0d4c 00       		.string	""
 2561 0d4d 00       		.string	""
 2562 0d4e 00       		.string	""
 2563 0d4f 00       		.string	""
 2564 0d50 00       		.string	""
 2565 0d51 00       		.string	""
 2566 0d52 00       		.string	""
 2567 0d53 00       		.string	""
 2568 0d54 00       		.string	""
 2569 0d55 00       		.string	""
 2570 0d56 00       		.string	""
 2571 0d57 00       		.string	""
 2572 0d58 00       		.string	""
 2573 0d59 00       		.string	""
 2574 0d5a 00       		.string	""
 2575 0d5b 00       		.string	""
 2576 0d5c 00       		.string	""
 2577 0d5d 00       		.string	""
 2578 0d5e 00       		.string	""
 2579 0d5f 00       		.string	""
 2580 0d60 00       		.string	""
 2581 0d61 00       		.string	""
 2582 0d62 00       		.string	""
 2583 0d63 00       		.string	""
 2584 0d64 00       		.string	""
 2585 0d65 00       		.string	""
 2586 0d66 00       		.string	""
 2587 0d67 00       		.string	""
 2588 0d68 00       		.string	""
 2589 0d69 00       		.string	""
 2590 0d6a 00       		.string	""
 2591 0d6b 00       		.string	""
 2592 0d6c 00       		.string	""
 2593 0d6d 00       		.string	""
 2594 0d6e 00       		.string	""
 2595 0d6f 00       		.string	""
 2596 0d70 00       		.string	""
 2597 0d71 00       		.string	""
GAS LISTING memory.s 			page 60


 2598 0d72 00       		.string	""
 2599 0d73 00       		.string	""
 2600 0d74 00       		.string	""
 2601 0d75 00       		.string	""
 2602 0d76 00       		.string	""
 2603 0d77 00       		.string	""
 2604 0d78 00       		.string	""
 2605 0d79 00       		.string	""
 2606 0d7a 00       		.string	""
 2607 0d7b 00       		.string	""
 2608 0d7c 00       		.string	""
 2609 0d7d 00       		.string	""
 2610 0d7e 00       		.string	""
 2611 0d7f 00       		.string	""
 2612 0d80 00       		.string	""
 2613 0d81 00       		.string	""
 2614 0d82 00       		.string	""
 2615 0d83 00       		.string	""
 2616 0d84 00       		.string	""
 2617 0d85 00       		.string	""
 2618 0d86 00       		.string	""
 2619 0d87 00       		.string	""
 2620 0d88 00       		.string	""
 2621 0d89 00       		.string	""
 2622 0d8a 00       		.string	""
 2623 0d8b 00       		.string	""
 2624 0d8c 00       		.string	""
 2625 0d8d 00       		.string	""
 2626 0d8e 00       		.string	""
 2627 0d8f 00       		.string	""
 2628 0d90 00       		.string	""
 2629 0d91 00       		.string	""
 2630 0d92 00       		.string	""
 2631 0d93 00       		.string	""
 2632 0d94 00       		.string	""
 2633 0d95 00       		.string	""
 2634 0d96 00       		.string	""
 2635 0d97 00       		.string	""
 2636 0d98 00       		.string	""
 2637 0d99 00       		.string	""
 2638 0d9a 00       		.string	""
 2639 0d9b 00       		.string	""
 2640 0d9c 00       		.string	""
 2641 0d9d 00       		.string	""
 2642 0d9e 00       		.string	""
 2643 0d9f 00       		.string	""
 2644 0da0 00       		.string	""
 2645 0da1 00       		.string	""
 2646 0da2 00       		.string	""
 2647 0da3 00       		.string	""
 2648 0da4 00       		.string	""
 2649 0da5 00       		.string	""
 2650 0da6 00       		.string	""
 2651 0da7 00       		.string	""
 2652 0da8 00       		.string	""
 2653 0da9 00       		.string	""
 2654 0daa 00       		.string	""
GAS LISTING memory.s 			page 61


 2655 0dab 00       		.string	""
 2656 0dac 00       		.string	""
 2657 0dad 00       		.string	""
 2658 0dae 00       		.string	""
 2659 0daf 00       		.string	""
 2660 0db0 00       		.string	""
 2661 0db1 00       		.string	""
 2662 0db2 00       		.string	""
 2663 0db3 00       		.string	""
 2664 0db4 00       		.string	""
 2665 0db5 00       		.string	""
 2666 0db6 00       		.string	""
 2667 0db7 00       		.string	""
 2668 0db8 00       		.string	""
 2669 0db9 00       		.string	""
 2670 0dba 00       		.string	""
 2671 0dbb 00       		.string	""
 2672 0dbc 00       		.string	""
 2673 0dbd 00       		.string	""
 2674 0dbe 00       		.string	""
 2675 0dbf 00       		.string	""
 2676 0dc0 00       		.string	""
 2677 0dc1 00       		.string	""
 2678 0dc2 00       		.string	""
 2679 0dc3 00       		.string	""
 2680 0dc4 00       		.string	""
 2681 0dc5 00       		.string	""
 2682 0dc6 00       		.string	""
 2683 0dc7 00       		.string	""
 2684 0dc8 00       		.string	""
 2685 0dc9 00       		.string	""
 2686 0dca 00       		.string	""
 2687 0dcb 00       		.string	""
 2688 0dcc 00       		.string	""
 2689 0dcd 00       		.string	""
 2690 0dce 00       		.string	""
 2691 0dcf 00       		.string	""
 2692 0dd0 00       		.string	""
 2693 0dd1 00       		.string	""
 2694 0dd2 00       		.string	""
 2695 0dd3 00       		.string	""
 2696 0dd4 00       		.string	""
 2697 0dd5 00       		.string	""
 2698 0dd6 00       		.string	""
 2699 0dd7 00       		.string	""
 2700 0dd8 00       		.string	""
 2701 0dd9 00       		.string	""
 2702 0dda 00       		.string	""
 2703 0ddb 00       		.string	""
 2704 0ddc 00       		.string	""
 2705 0ddd 00       		.string	""
 2706 0dde 00       		.string	""
 2707 0ddf 00       		.string	""
 2708 0de0 00       		.string	""
 2709 0de1 00       		.string	""
 2710 0de2 00       		.string	""
 2711 0de3 00       		.string	""
GAS LISTING memory.s 			page 62


 2712 0de4 00       		.string	""
 2713 0de5 00       		.string	""
 2714 0de6 00       		.string	""
 2715 0de7 00       		.string	""
 2716 0de8 00       		.string	""
 2717 0de9 00       		.string	""
 2718 0dea 00       		.string	""
 2719 0deb 00       		.string	""
 2720 0dec 00       		.string	""
 2721 0ded 00       		.string	""
 2722 0dee 00       		.string	""
 2723 0def 00       		.string	""
 2724 0df0 00       		.string	""
 2725 0df1 00       		.string	""
 2726 0df2 00       		.string	""
 2727 0df3 00       		.string	""
 2728 0df4 00       		.string	""
 2729 0df5 00       		.string	""
 2730 0df6 00       		.string	""
 2731 0df7 00       		.string	""
 2732 0df8 00       		.string	""
 2733 0df9 00       		.string	""
 2734 0dfa 00       		.string	""
 2735 0dfb 00       		.string	""
 2736 0dfc 00       		.string	""
 2737 0dfd 00       		.string	""
 2738 0dfe 00       		.string	""
 2739 0dff 00       		.string	""
 2740 0e00 00       		.string	""
 2741 0e01 00       		.string	""
 2742 0e02 00       		.string	""
 2743 0e03 00       		.string	""
 2744 0e04 00       		.string	""
 2745 0e05 00       		.string	""
 2746 0e06 00       		.string	""
 2747 0e07 00       		.string	""
 2748 0e08 00       		.string	""
 2749 0e09 00       		.string	""
 2750 0e0a 00       		.string	""
 2751 0e0b 00       		.string	""
 2752 0e0c 00       		.string	""
 2753 0e0d 00       		.string	""
 2754 0e0e 00       		.string	""
 2755 0e0f 00       		.string	""
 2756 0e10 00       		.string	""
 2757 0e11 00       		.string	""
 2758 0e12 00       		.string	""
 2759 0e13 00       		.string	""
 2760 0e14 00       		.string	""
 2761 0e15 00       		.string	""
 2762 0e16 00       		.string	""
 2763 0e17 00       		.string	""
 2764 0e18 00       		.string	""
 2765 0e19 00       		.string	""
 2766 0e1a 00       		.string	""
 2767 0e1b 00       		.string	""
 2768 0e1c 00       		.string	""
GAS LISTING memory.s 			page 63


 2769 0e1d 00       		.string	""
 2770 0e1e 00       		.string	""
 2771 0e1f 00       		.string	""
 2772 0e20 00       		.string	""
 2773 0e21 00       		.string	""
 2774 0e22 00       		.string	""
 2775 0e23 00       		.string	""
 2776 0e24 00       		.string	""
 2777 0e25 00       		.string	""
 2778 0e26 00       		.string	""
 2779 0e27 00       		.string	""
 2780 0e28 00       		.string	""
 2781 0e29 00       		.string	""
 2782 0e2a 00       		.string	""
 2783 0e2b 00       		.string	""
 2784 0e2c 00       		.string	""
 2785 0e2d 00       		.string	""
 2786 0e2e 00       		.string	""
 2787 0e2f 00       		.string	""
 2788 0e30 00       		.string	""
 2789 0e31 00       		.string	""
 2790 0e32 00       		.string	""
 2791 0e33 00       		.string	""
 2792 0e34 00       		.string	""
 2793 0e35 00       		.string	""
 2794 0e36 00       		.string	""
 2795 0e37 00       		.string	""
 2796 0e38 00       		.string	""
 2797 0e39 00       		.string	""
 2798 0e3a 00       		.string	""
 2799 0e3b 00       		.string	""
 2800 0e3c 00       		.string	""
 2801 0e3d 00       		.string	""
 2802 0e3e 00       		.string	""
 2803 0e3f 00       		.string	""
 2804 0e40 00       		.string	""
 2805 0e41 00       		.string	""
 2806 0e42 00       		.string	""
 2807 0e43 00       		.string	""
 2808 0e44 00       		.string	""
 2809 0e45 00       		.string	""
 2810 0e46 00       		.string	""
 2811 0e47 00       		.string	""
 2812 0e48 00       		.string	""
 2813 0e49 00       		.string	""
 2814 0e4a 00       		.string	""
 2815 0e4b 00       		.string	""
 2816 0e4c 00       		.string	""
 2817 0e4d 00       		.string	""
 2818 0e4e 00       		.string	""
 2819 0e4f 00       		.string	""
 2820 0e50 00       		.string	""
 2821 0e51 00       		.string	""
 2822 0e52 00       		.string	""
 2823 0e53 00       		.string	""
 2824 0e54 00       		.string	""
 2825 0e55 00       		.string	""
GAS LISTING memory.s 			page 64


 2826 0e56 00       		.string	""
 2827 0e57 00       		.string	""
 2828 0e58 00       		.string	""
 2829 0e59 00       		.string	""
 2830 0e5a 00       		.string	""
 2831 0e5b 00       		.string	""
 2832 0e5c 00       		.string	""
 2833 0e5d 00       		.string	""
 2834 0e5e 00       		.string	""
 2835 0e5f 00       		.string	""
 2836 0e60 00       		.string	""
 2837 0e61 00       		.string	""
 2838 0e62 00       		.string	""
 2839 0e63 00       		.string	""
 2840 0e64 00       		.string	""
 2841 0e65 00       		.string	""
 2842 0e66 00       		.string	""
 2843 0e67 00       		.string	""
 2844 0e68 00       		.string	""
 2845 0e69 00       		.string	""
 2846 0e6a 00       		.string	""
 2847 0e6b 00       		.string	""
 2848 0e6c 00       		.string	""
 2849 0e6d 00       		.string	""
 2850 0e6e 00       		.string	""
 2851 0e6f 00       		.string	""
 2852 0e70 00       		.string	""
 2853 0e71 00       		.string	""
 2854 0e72 00       		.string	""
 2855 0e73 00       		.string	""
 2856 0e74 00       		.string	""
 2857 0e75 00       		.string	""
 2858 0e76 00       		.string	""
 2859 0e77 00       		.string	""
 2860 0e78 00       		.string	""
 2861 0e79 00       		.string	""
 2862 0e7a 00       		.string	""
 2863 0e7b 00       		.string	""
 2864 0e7c 00       		.string	""
 2865 0e7d 00       		.string	""
 2866 0e7e 00       		.string	""
 2867 0e7f 00       		.string	""
 2868 0e80 00       		.string	""
 2869 0e81 00       		.string	""
 2870 0e82 00       		.string	""
 2871 0e83 00       		.string	""
 2872 0e84 00       		.string	""
 2873 0e85 00       		.string	""
 2874 0e86 00       		.string	""
 2875 0e87 00       		.string	""
 2876 0e88 00       		.string	""
 2877 0e89 00       		.string	""
 2878 0e8a 00       		.string	""
 2879 0e8b 00       		.string	""
 2880 0e8c 00       		.string	""
 2881 0e8d 00       		.string	""
 2882 0e8e 00       		.string	""
GAS LISTING memory.s 			page 65


 2883 0e8f 00       		.string	""
 2884 0e90 00       		.string	""
 2885 0e91 00       		.string	""
 2886 0e92 00       		.string	""
 2887 0e93 00       		.string	""
 2888 0e94 00       		.string	""
 2889 0e95 00       		.string	""
 2890 0e96 00       		.string	""
 2891 0e97 00       		.string	""
 2892 0e98 00       		.string	""
 2893 0e99 00       		.string	""
 2894 0e9a 00       		.string	""
 2895 0e9b 00       		.string	""
 2896 0e9c 00       		.string	""
 2897 0e9d 00       		.string	""
 2898 0e9e 00       		.string	""
 2899 0e9f 00       		.string	""
 2900 0ea0 00       		.string	""
 2901 0ea1 00       		.string	""
 2902 0ea2 00       		.string	""
 2903 0ea3 00       		.string	""
 2904 0ea4 00       		.string	""
 2905 0ea5 00       		.string	""
 2906 0ea6 00       		.string	""
 2907 0ea7 00       		.string	""
 2908 0ea8 00       		.string	""
 2909 0ea9 00       		.string	""
 2910 0eaa 00       		.string	""
 2911 0eab 00       		.string	""
 2912 0eac 00       		.string	""
 2913 0ead 00       		.string	""
 2914 0eae 00       		.string	""
 2915 0eaf 00       		.string	""
 2916 0eb0 00       		.string	""
 2917 0eb1 00       		.string	""
 2918 0eb2 00       		.string	""
 2919 0eb3 00       		.string	""
 2920 0eb4 00       		.string	""
 2921 0eb5 00       		.string	""
 2922 0eb6 00       		.string	""
 2923 0eb7 00       		.string	""
 2924 0eb8 00       		.string	""
 2925 0eb9 00       		.string	""
 2926 0eba 00       		.string	""
 2927 0ebb 00       		.string	""
 2928 0ebc 00       		.string	""
 2929 0ebd 00       		.string	""
 2930 0ebe 00       		.string	""
 2931 0ebf 00       		.string	""
 2932 0ec0 00       		.string	""
 2933 0ec1 00       		.string	""
 2934 0ec2 00       		.string	""
 2935 0ec3 00       		.string	""
 2936 0ec4 00       		.string	""
 2937 0ec5 00       		.string	""
 2938 0ec6 00       		.string	""
 2939 0ec7 00       		.string	""
GAS LISTING memory.s 			page 66


 2940 0ec8 00       		.string	""
 2941 0ec9 00       		.string	""
 2942 0eca 00       		.string	""
 2943 0ecb 00       		.string	""
 2944 0ecc 00       		.string	""
 2945 0ecd 00       		.string	""
 2946 0ece 00       		.string	""
 2947 0ecf 00       		.string	""
 2948 0ed0 00       		.string	""
 2949 0ed1 00       		.string	""
 2950 0ed2 00       		.string	""
 2951 0ed3 00       		.string	""
 2952 0ed4 00       		.string	""
 2953 0ed5 00       		.string	""
 2954 0ed6 00       		.string	""
 2955 0ed7 00       		.string	""
 2956 0ed8 00       		.string	""
 2957 0ed9 00       		.string	""
 2958 0eda 00       		.string	""
 2959 0edb 00       		.string	""
 2960 0edc 00       		.string	""
 2961 0edd 00       		.string	""
 2962 0ede 00       		.string	""
 2963 0edf 00       		.string	""
 2964 0ee0 00       		.string	""
 2965 0ee1 00       		.string	""
 2966 0ee2 00       		.string	""
 2967 0ee3 00       		.string	""
 2968 0ee4 00       		.string	""
 2969 0ee5 00       		.string	""
 2970 0ee6 00       		.string	""
 2971 0ee7 00       		.string	""
 2972 0ee8 00       		.string	""
 2973 0ee9 00       		.string	""
 2974 0eea 00       		.string	""
 2975 0eeb 00       		.string	""
 2976 0eec 00       		.string	""
 2977 0eed 00       		.string	""
 2978 0eee 00       		.string	""
 2979 0eef 00       		.string	""
 2980 0ef0 00       		.string	""
 2981 0ef1 00       		.string	""
 2982 0ef2 00       		.string	""
 2983 0ef3 00       		.string	""
 2984 0ef4 00       		.string	""
 2985 0ef5 00       		.string	""
 2986 0ef6 00       		.string	""
 2987 0ef7 00       		.string	""
 2988 0ef8 00       		.string	""
 2989 0ef9 00       		.string	""
 2990 0efa 00       		.string	""
 2991 0efb 00       		.string	""
 2992 0efc 00       		.string	""
 2993 0efd 00       		.string	""
 2994 0efe 00       		.string	""
 2995 0eff 00       		.string	""
 2996 0f00 00       		.string	""
GAS LISTING memory.s 			page 67


 2997 0f01 00       		.string	""
 2998 0f02 00       		.string	""
 2999 0f03 00       		.string	""
 3000 0f04 00       		.string	""
 3001 0f05 00       		.string	""
 3002 0f06 00       		.string	""
 3003 0f07 00       		.string	""
 3004 0f08 00       		.string	""
 3005 0f09 00       		.string	""
 3006 0f0a 00       		.string	""
 3007 0f0b 00       		.string	""
 3008 0f0c 00       		.string	""
 3009 0f0d 00       		.string	""
 3010 0f0e 00       		.string	""
 3011 0f0f 00       		.string	""
 3012 0f10 00       		.string	""
 3013 0f11 00       		.string	""
 3014 0f12 00       		.string	""
 3015 0f13 00       		.string	""
 3016 0f14 00       		.string	""
 3017 0f15 00       		.string	""
 3018 0f16 00       		.string	""
 3019 0f17 00       		.string	""
 3020 0f18 00       		.string	""
 3021 0f19 00       		.string	""
 3022 0f1a 00       		.string	""
 3023 0f1b 00       		.string	""
 3024 0f1c 00       		.string	""
 3025 0f1d 00       		.string	""
 3026 0f1e 00       		.string	""
 3027 0f1f 00       		.string	""
 3028 0f20 00       		.string	""
 3029 0f21 00       		.string	""
 3030 0f22 00       		.string	""
 3031 0f23 00       		.string	""
 3032 0f24 00       		.string	""
 3033 0f25 00       		.string	""
 3034 0f26 00       		.string	""
 3035 0f27 00       		.string	""
 3036 0f28 00       		.string	""
 3037 0f29 00       		.string	""
 3038 0f2a 00       		.string	""
 3039 0f2b 00       		.string	""
 3040 0f2c 00       		.string	""
 3041 0f2d 00       		.string	""
 3042 0f2e 00       		.string	""
 3043 0f2f 00       		.string	""
 3044 0f30 00       		.string	""
 3045 0f31 00       		.string	""
 3046 0f32 00       		.string	""
 3047 0f33 00       		.string	""
 3048 0f34 00       		.string	""
 3049 0f35 00       		.string	""
 3050 0f36 00       		.string	""
 3051 0f37 00       		.string	""
 3052 0f38 00       		.string	""
 3053 0f39 00       		.string	""
GAS LISTING memory.s 			page 68


 3054 0f3a 00       		.string	""
 3055 0f3b 00       		.string	""
 3056 0f3c 00       		.string	""
 3057 0f3d 00       		.string	""
 3058 0f3e 00       		.string	""
 3059 0f3f 00       		.string	""
 3060 0f40 00       		.string	""
 3061 0f41 00       		.string	""
 3062 0f42 00       		.string	""
 3063 0f43 00       		.string	""
 3064 0f44 00       		.string	""
 3065 0f45 00       		.string	""
 3066 0f46 00       		.string	""
 3067 0f47 00       		.string	""
 3068 0f48 00       		.string	""
 3069 0f49 00       		.string	""
 3070 0f4a 00       		.string	""
 3071 0f4b 00       		.string	""
 3072 0f4c 00       		.string	""
 3073 0f4d 00       		.string	""
 3074 0f4e 00       		.string	""
 3075 0f4f 00       		.string	""
 3076 0f50 00       		.string	""
 3077 0f51 00       		.string	""
 3078 0f52 00       		.string	""
 3079 0f53 00       		.string	""
 3080 0f54 00       		.string	""
 3081 0f55 00       		.string	""
 3082 0f56 00       		.string	""
 3083 0f57 00       		.string	""
 3084 0f58 00       		.string	""
 3085 0f59 00       		.string	""
 3086 0f5a 00       		.string	""
 3087 0f5b 00       		.string	""
 3088 0f5c 00       		.string	""
 3089 0f5d 00       		.string	""
 3090 0f5e 00       		.string	""
 3091 0f5f 00       		.string	""
 3092 0f60 00       		.string	""
 3093 0f61 00       		.string	""
 3094 0f62 00       		.string	""
 3095 0f63 00       		.string	""
 3096 0f64 00       		.string	""
 3097 0f65 00       		.string	""
 3098 0f66 00       		.string	""
 3099 0f67 00       		.string	""
 3100 0f68 00       		.string	""
 3101 0f69 00       		.string	""
 3102 0f6a 00       		.string	""
 3103 0f6b 00       		.string	""
 3104 0f6c 00       		.string	""
 3105 0f6d 00       		.string	""
 3106 0f6e 00       		.string	""
 3107 0f6f 00       		.string	""
 3108 0f70 00       		.string	""
 3109 0f71 00       		.string	""
 3110 0f72 00       		.string	""
GAS LISTING memory.s 			page 69


 3111 0f73 00       		.string	""
 3112 0f74 00       		.string	""
 3113 0f75 00       		.string	""
 3114 0f76 00       		.string	""
 3115 0f77 00       		.string	""
 3116 0f78 00       		.string	""
 3117 0f79 00       		.string	""
 3118 0f7a 00       		.string	""
 3119 0f7b 00       		.string	""
 3120 0f7c 00       		.string	""
 3121 0f7d 00       		.string	""
 3122 0f7e 00       		.string	""
 3123 0f7f 00       		.string	""
 3124 0f80 00       		.string	""
 3125 0f81 00       		.string	""
 3126 0f82 00       		.string	""
 3127 0f83 00       		.string	""
 3128 0f84 00       		.string	""
 3129 0f85 00       		.string	""
 3130 0f86 00       		.string	""
 3131 0f87 00       		.string	""
 3132 0f88 00       		.string	""
 3133 0f89 00       		.string	""
 3134 0f8a 00       		.string	""
 3135 0f8b 00       		.string	""
 3136 0f8c 00       		.string	""
 3137 0f8d 00       		.string	""
 3138 0f8e 00       		.string	""
 3139 0f8f 00       		.string	""
 3140 0f90 00       		.string	""
 3141 0f91 00       		.string	""
 3142 0f92 00       		.string	""
 3143 0f93 00       		.string	""
 3144 0f94 00       		.string	""
 3145 0f95 00       		.string	""
 3146 0f96 00       		.string	""
 3147 0f97 00       		.string	""
 3148 0f98 00       		.string	""
 3149 0f99 00       		.string	""
 3150 0f9a 00       		.string	""
 3151 0f9b 00       		.string	""
 3152 0f9c 00       		.string	""
 3153 0f9d 00       		.string	""
 3154 0f9e 00       		.string	""
 3155 0f9f 00       		.string	""
 3156 0fa0 00       		.string	""
 3157 0fa1 00       		.string	""
 3158 0fa2 00       		.string	""
 3159 0fa3 00       		.string	""
 3160 0fa4 00       		.string	""
 3161 0fa5 00       		.string	""
 3162 0fa6 00       		.string	""
 3163 0fa7 00       		.string	""
 3164 0fa8 00       		.string	""
 3165 0fa9 00       		.string	""
 3166 0faa 00       		.string	""
 3167 0fab 00       		.string	""
GAS LISTING memory.s 			page 70


 3168 0fac 00       		.string	""
 3169 0fad 00       		.string	""
 3170 0fae 00       		.string	""
 3171 0faf 00       		.string	""
 3172 0fb0 00       		.string	""
 3173 0fb1 00       		.string	""
 3174 0fb2 00       		.string	""
 3175 0fb3 00       		.string	""
 3176 0fb4 00       		.string	""
 3177 0fb5 00       		.string	""
 3178 0fb6 00       		.string	""
 3179 0fb7 00       		.string	""
 3180 0fb8 00       		.string	""
 3181 0fb9 00       		.string	""
 3182 0fba 00       		.string	""
 3183 0fbb 00       		.string	""
 3184 0fbc 00       		.string	""
 3185 0fbd 00       		.string	""
 3186 0fbe 00       		.string	""
 3187 0fbf 00       		.string	""
 3188 0fc0 00       		.string	""
 3189 0fc1 00       		.string	""
 3190 0fc2 00       		.string	""
 3191 0fc3 00       		.string	""
 3192 0fc4 00       		.string	""
 3193 0fc5 00       		.string	""
 3194 0fc6 00       		.string	""
 3195 0fc7 00       		.string	""
 3196 0fc8 00       		.string	""
 3197 0fc9 00       		.string	""
 3198 0fca 00       		.string	""
 3199 0fcb 00       		.string	""
 3200 0fcc 00       		.string	""
 3201 0fcd 00       		.string	""
 3202 0fce 00       		.string	""
 3203 0fcf 00       		.string	""
 3204 0fd0 00       		.string	""
 3205 0fd1 00       		.string	""
 3206 0fd2 00       		.string	""
 3207 0fd3 00       		.string	""
 3208 0fd4 00       		.string	""
 3209 0fd5 00       		.string	""
 3210 0fd6 00       		.string	""
 3211 0fd7 00       		.string	""
 3212 0fd8 00       		.string	""
 3213 0fd9 00       		.string	""
 3214 0fda 00       		.string	""
 3215 0fdb 00       		.string	""
 3216 0fdc 00       		.string	""
 3217 0fdd 00       		.string	""
 3218 0fde 00       		.string	""
 3219 0fdf 00       		.string	""
 3220 0fe0 00       		.string	""
 3221 0fe1 00       		.string	""
 3222 0fe2 00       		.string	""
 3223 0fe3 00       		.string	""
 3224 0fe4 00       		.string	""
GAS LISTING memory.s 			page 71


 3225 0fe5 00       		.string	""
 3226 0fe6 00       		.string	""
 3227 0fe7 00       		.string	""
 3228 0fe8 00       		.string	""
 3229 0fe9 00       		.string	""
 3230 0fea 00       		.string	""
 3231 0feb 00       		.string	""
 3232 0fec 00       		.string	""
 3233 0fed 00       		.string	""
 3234 0fee 00       		.string	""
 3235 0fef 00       		.string	""
 3236 0ff0 00       		.string	""
 3237 0ff1 00       		.string	""
 3238 0ff2 00       		.string	""
 3239 0ff3 00       		.string	""
 3240 0ff4 00       		.string	""
 3241 0ff5 00       		.string	""
 3242 0ff6 00       		.string	""
 3243 0ff7 00       		.string	""
 3244 0ff8 00       		.string	""
 3245 0ff9 00       		.string	""
 3246 0ffa 00       		.string	""
 3247 0ffb 00       		.string	""
 3248 0ffc 00       		.string	""
 3249 0ffd 00       		.string	""
 3250 0ffe 00       		.string	""
 3251 0fff 00       		.string	""
 3252              		.globl	Pos
 3253              		.bss
 3254 02f8 00000000 		.align 32
 3254      00000000 
 3255              		.type	Pos, @object
 3256              		.size	Pos, 40
 3257              	Pos:
 3258 0300 00000000 		.zero	40
 3258      00000000 
 3258      00000000 
 3258      00000000 
 3258      00000000 
 3259              		.globl	buf
 3260 0328 00000000 		.align 32
 3260      00000000 
 3260      00000000 
 3260      00000000 
 3260      00000000 
 3261              		.type	buf, @object
 3262              		.size	buf, 4096
 3263              	buf:
 3264 0340 00000000 		.zero	4096
 3264      00000000 
 3264      00000000 
 3264      00000000 
 3264      00000000 
 3265              		.globl	ZONE_DMA_INDEX
 3266              		.align 4
 3267              		.type	ZONE_DMA_INDEX, @object
 3268              		.size	ZONE_DMA_INDEX, 4
GAS LISTING memory.s 			page 72


 3269              	ZONE_DMA_INDEX:
 3270 1340 00000000 		.zero	4
 3271              		.globl	ZONE_NORMAL_INDEX
 3272              		.align 4
 3273              		.type	ZONE_NORMAL_INDEX, @object
 3274              		.size	ZONE_NORMAL_INDEX, 4
 3275              	ZONE_NORMAL_INDEX:
 3276 1344 00000000 		.zero	4
 3277              		.globl	ZONE_UNMAPED_INDEX
 3278              		.align 4
 3279              		.type	ZONE_UNMAPED_INDEX, @object
 3280              		.size	ZONE_UNMAPED_INDEX, 4
 3281              	ZONE_UNMAPED_INDEX:
 3282 1348 00000000 		.zero	4
 3283              		.section	.rodata
 3284              		.align 8
 3285              	.LC0:
 3286 0000 44697370 		.string	"Display physics address Map,Type(1:RAM,2:ROM or Reserved,3:ACPI Reclaim Memory,4:ACPI NVS
 3286      6C617920 
 3286      70687973 
 3286      69637320 
 3286      61646472 
 3287 0073 00000000 		.align 8
 3287      00
 3288              	.LC1:
 3289 0078 61646472 		.string	"address:%#018lx\tLength:%#018lx\tType:%#010x\n"
 3289      6573733A 
 3289      25233031 
 3289      386C7809 
 3289      4C656E67 
 3290 00a4 00000000 		.align 8
 3291              	.LC2:
 3292 00a8 4F532043 		.string	"OS Can Used Total RAM:%#018lx\n"
 3292      616E2055 
 3292      73656420 
 3292      546F7461 
 3292      6C205241 
 3293 00c7 00       		.align 8
 3294              	.LC3:
 3295 00c8 4F532043 		.string	"OS Can Used Total 2M PAGEs:%#010x=%010d\n"
 3295      616E2055 
 3295      73656420 
 3295      546F7461 
 3295      6C20324D 
 3296 00f1 00000000 		.align 8
 3296      000000
 3297              	.LC4:
 3298 00f8 4E6F7720 		.string	"Now OS Can Used Total 2M PAGEs:%#010x=%010d\n"
 3298      4F532043 
 3298      616E2055 
 3298      73656420 
 3298      546F7461 
 3299 0125 000000   		.align 8
 3300              	.LC5:
 3301 0128 62697473 		.string	"bits_map:%#018lx,bits_size:%#018lx,bits_length:%#018lx\n"
 3301      5F6D6170 
 3301      3A252330 
GAS LISTING memory.s 			page 73


 3301      31386C78 
 3301      2C626974 
 3302              		.align 8
 3303              	.LC6:
 3304 0160 70616765 		.string	"pages_struct:%#018lx,pages_size:%#018lx,pages_length:%#018lx\n"
 3304      735F7374 
 3304      72756374 
 3304      3A252330 
 3304      31386C78 
 3305 019e 0000     		.align 8
 3306              	.LC7:
 3307 01a0 7A6F6E65 		.string	"zones_struct:%#018lx,zones_size:%#018lx,zones_length:%#018lx\n"
 3307      735F7374 
 3307      72756374 
 3307      3A252330 
 3307      31386C78 
 3308 01de 0000     		.align 8
 3309              	.LC8:
 3310 01e0 7A6F6E65 		.string	"zone_start_address:%#018lx,zone_end_address:%#018lx,zone_length:%#018lx,pages_group:%#018
 3310      5F737461 
 3310      72745F61 
 3310      64647265 
 3310      73733A25 
 3311 0252 00000000 		.align 8
 3311      0000
 3312              	.LC9:
 3313 0258 73746172 		.string	"start_code:%#018lx,end_code:%#018lx,end_data:%#018lx,end_brk:%#018lx,end_of_struct:%#018l
 3313      745F636F 
 3313      64653A25 
 3313      23303138 
 3313      6C782C65 
 3314              	.LC10:
 3315 02b4 476C6F62 		.string	"Global_CR3\t:%#018lx\n"
 3315      616C5F43 
 3315      5233093A 
 3315      25233031 
 3315      386C780A 
 3316              	.LC11:
 3317 02c9 2A476C6F 		.string	"*Global_CR3\t:%#018lx\n"
 3317      62616C5F 
 3317      43523309 
 3317      3A252330 
 3317      31386C78 
 3318              	.LC12:
 3319 02df 2A2A476C 		.string	"**Global_CR3\t:%#018lx\n"
 3319      6F62616C 
 3319      5F435233 
 3319      093A2523 
 3319      3031386C 
 3320              		.text
 3321              		.globl	init_memory
 3322              		.type	init_memory, @function
 3323              	init_memory:
 3324              	.LFB35:
 3325              		.file 3 "memory.c"
   1:memory.c      **** #include "memory.h"
   2:memory.c      **** #include "lib.h"
GAS LISTING memory.s 			page 74


   3:memory.c      **** #include "printk.h"
   4:memory.c      **** 
   5:memory.c      **** //rewirte in the future
   6:memory.c      **** int ZONE_DMA_INDEX=0;
   7:memory.c      **** int ZONE_NORMAL_INDEX=0;
   8:memory.c      **** int ZONE_UNMAPED_INDEX;
   9:memory.c      **** 
  10:memory.c      **** 
  11:memory.c      **** 
  12:memory.c      **** void init_memory(){
 3326              		.loc 3 12 19
 3327              		.cfi_startproc
 3328 0103 F30F1EFA 		endbr64	
 3329 0107 55       		pushq	%rbp	#
 3330              		.cfi_def_cfa_offset 16
 3331              		.cfi_offset 6, -16
 3332 0108 4889E5   		movq	%rsp, %rbp	#,
 3333              		.cfi_def_cfa_register 6
 3334 010b 4157     		pushq	%r15	#
 3335 010d 53       		pushq	%rbx	#
 3336 010e 4883EC70 		subq	$112, %rsp	#,
 3337              		.cfi_offset 15, -24
 3338              		.cfi_offset 3, -32
 3339              	.L40:
 3340 0112 488D1DF9 		leaq	.L40(%rip), %rbx	#, tmp82
 3340      FFFFFF
 3341 0119 49BB0000 		movabsq	$_GLOBAL_OFFSET_TABLE_-.L40, %r11	#,
 3341      00000000 
 3341      0000
 3342 0123 4C01DB   		addq	%r11, %rbx	#, tmp82
 3343              	# memory.c:15: 	unsigned long TotalMem =0;
  13:memory.c      **** 	int i,j;
  14:memory.c      **** 	
  15:memory.c      **** 	unsigned long TotalMem =0;
 3344              		.loc 3 15 16
 3345 0126 48C745E0 		movq	$0, -32(%rbp)	#, TotalMem
 3345      00000000 
 3346              	# memory.c:16: 	struct E820 *p =NULL;
  16:memory.c      **** 	struct E820 *p =NULL;
 3347              		.loc 3 16 15
 3348 012e 48C745D8 		movq	$0, -40(%rbp)	#, p
 3348      00000000 
 3349              	# memory.c:17: 	color_printk(BLUE,BLACK,"Display physics address Map,Type(1:RAM,2:ROM or Reserved,3
  17:memory.c      **** 	color_printk(BLUE,BLACK,"Display physics address Map,Type(1:RAM,2:ROM or Reserved,3:ACPI Reclaim M
 3350              		.loc 3 17 2
 3351 0136 48B80000 		movabsq	$.LC0@GOTOFF, %rax	#, tmp260
 3351      00000000 
 3351      0000
 3352 0140 488D0403 		leaq	(%rbx,%rax), %rax	#, tmp259
 3353 0144 4889C2   		movq	%rax, %rdx	# tmp259,
 3354 0147 BE000000 		movl	$0, %esi	#,
 3354      00
 3355 014c BFFF0000 		movl	$255, %edi	#,
 3355      00
 3356 0151 4989DF   		movq	%rbx, %r15	# tmp82,
 3357 0154 B8000000 		movl	$0, %eax	#,
 3357      00
GAS LISTING memory.s 			page 75


 3358 0159 48B90000 		movabsq	$color_printk@PLTOFF, %rcx	#, tmp261
 3358      00000000 
 3358      0000
 3359 0163 4801D9   		addq	%rbx, %rcx	# tmp82, tmp261
 3360 0166 FFD1     		call	*%rcx	# tmp261
 3361              	.LVL0:
 3362              	# memory.c:18: 	p=(struct E820 *)0xffff800000007e00;
  18:memory.c      **** 	p=(struct E820 *)0xffff800000007e00;
 3363              		.loc 3 18 3
 3364 0168 48B8007E 		movabsq	$-140737488323072, %rax	#, tmp589
 3364      00000080 
 3364      FFFF
 3365 0172 488945D8 		movq	%rax, -40(%rbp)	# tmp589, p
 3366              	.LBB2:
 3367              	# memory.c:19: 	for (int i = 0; i < 32; i++)
  19:memory.c      **** 	for (int i = 0; i < 32; i++)
 3368              		.loc 3 19 11
 3369 0176 C745D400 		movl	$0, -44(%rbp)	#, i
 3369      000000
 3370              	# memory.c:19: 	for (int i = 0; i < 32; i++)
 3371              		.loc 3 19 2
 3372 017d E9A20100 		jmp	.L13	#
 3372      00
 3373              	.L16:
 3374              	.LBB3:
 3375              	# memory.c:22: 		color_printk(ORANGE,BLACK,"address:%#018lx\tLength:%#018lx\tType:%#010x\n",p->addr
  20:memory.c      **** 	{
  21:memory.c      **** 		//Output in hexadecimal format starting with 0x, with a total width of 18 characters, left-padded
  22:memory.c      **** 		color_printk(ORANGE,BLACK,"address:%#018lx\tLength:%#018lx\tType:%#010x\n",p->address,p->length,p
 3376              		.loc 3 22 3
 3377 0182 488B45D8 		movq	-40(%rbp), %rax	# p, tmp262
 3378 0186 8B4810   		movl	16(%rax), %ecx	# p_188->type, _1
 3379 0189 488B45D8 		movq	-40(%rbp), %rax	# p, tmp263
 3380 018d 488B5008 		movq	8(%rax), %rdx	# p_188->length, _2
 3381 0191 488B45D8 		movq	-40(%rbp), %rax	# p, tmp264
 3382 0195 488B00   		movq	(%rax), %rax	# p_188->address, _3
 3383 0198 4189C9   		movl	%ecx, %r9d	# _1,
 3384 019b 4989D0   		movq	%rdx, %r8	# _2,
 3385 019e 4889C1   		movq	%rax, %rcx	# _3,
 3386 01a1 48B80000 		movabsq	$.LC1@GOTOFF, %rax	#, tmp266
 3386      00000000 
 3386      0000
 3387 01ab 488D0403 		leaq	(%rbx,%rax), %rax	#, tmp265
 3388 01af 4889C2   		movq	%rax, %rdx	# tmp265,
 3389 01b2 BE000000 		movl	$0, %esi	#,
 3389      00
 3390 01b7 BF0080FF 		movl	$16744448, %edi	#,
 3390      00
 3391 01bc 4989DF   		movq	%rbx, %r15	# tmp82,
 3392 01bf B8000000 		movl	$0, %eax	#,
 3392      00
 3393 01c4 49BA0000 		movabsq	$color_printk@PLTOFF, %r10	#, tmp267
 3393      00000000 
 3393      0000
 3394 01ce 4901DA   		addq	%rbx, %r10	# tmp82, tmp267
 3395 01d1 41FFD2   		call	*%r10	# tmp267
 3396              	.LVL1:
GAS LISTING memory.s 			page 76


 3397              	# memory.c:23: 		unsigned long tmp =0;
  23:memory.c      **** 		unsigned long tmp =0;
 3398              		.loc 3 23 17
 3399 01d4 48C745C0 		movq	$0, -64(%rbp)	#, tmp
 3399      00000000 
 3400              	# memory.c:24: 		if(p->type==1){
  24:memory.c      **** 		if(p->type==1){
 3401              		.loc 3 24 7
 3402 01dc 488B45D8 		movq	-40(%rbp), %rax	# p, tmp268
 3403 01e0 8B4010   		movl	16(%rax), %eax	# p_188->type, _4
 3404              	# memory.c:24: 		if(p->type==1){
 3405              		.loc 3 24 5
 3406 01e3 83F801   		cmpl	$1, %eax	#, _4
 3407 01e6 750C     		jne	.L14	#,
 3408              	# memory.c:25: 			TotalMem +=p->length;
  25:memory.c      **** 			TotalMem +=p->length;
 3409              		.loc 3 25 16
 3410 01e8 488B45D8 		movq	-40(%rbp), %rax	# p, tmp269
 3411 01ec 488B4008 		movq	8(%rax), %rax	# p_188->length, _5
 3412              	# memory.c:25: 			TotalMem +=p->length;
 3413              		.loc 3 25 13
 3414 01f0 480145E0 		addq	%rax, -32(%rbp)	# _5, TotalMem
 3415              	.L14:
 3416              	# memory.c:27: 		memory_management_struct.e820[i].address+=p->address;
  26:memory.c      **** 		}
  27:memory.c      **** 		memory_management_struct.e820[i].address+=p->address;
 3417              		.loc 3 27 35
 3418 01f4 48B90000 		movabsq	$memory_management_struct@GOTOFF, %rcx	#, tmp270
 3418      00000000 
 3418      0000
 3419 01fe 8B45D4   		movl	-44(%rbp), %eax	# i, tmp272
 3420 0201 4863D0   		movslq	%eax, %rdx	# tmp272, tmp271
 3421 0204 4801D9   		addq	%rbx, %rcx	# tmp82, tmp273
 3422 0207 4889D0   		movq	%rdx, %rax	# tmp271, tmp275
 3423 020a 48C1E002 		salq	$2, %rax	#, tmp275
 3424 020e 4801D0   		addq	%rdx, %rax	# tmp271, tmp275
 3425 0211 48C1E002 		salq	$2, %rax	#, tmp276
 3426 0215 4801C8   		addq	%rcx, %rax	# tmp273, tmp277
 3427 0218 488B10   		movq	(%rax), %rdx	# memory_management_struct.e820[i_189].address, _6
 3428              	# memory.c:27: 		memory_management_struct.e820[i].address+=p->address;
 3429              		.loc 3 27 46
 3430 021b 488B45D8 		movq	-40(%rbp), %rax	# p, tmp278
 3431 021f 488B00   		movq	(%rax), %rax	# p_188->address, _7
 3432              	# memory.c:27: 		memory_management_struct.e820[i].address+=p->address;
 3433              		.loc 3 27 43
 3434 0222 488D0C02 		leaq	(%rdx,%rax), %rcx	#, _8
 3435 0226 48BE0000 		movabsq	$memory_management_struct@GOTOFF, %rsi	#, tmp279
 3435      00000000 
 3435      0000
 3436 0230 8B45D4   		movl	-44(%rbp), %eax	# i, tmp281
 3437 0233 4863D0   		movslq	%eax, %rdx	# tmp281, tmp280
 3438 0236 4801DE   		addq	%rbx, %rsi	# tmp82, tmp282
 3439 0239 4889D0   		movq	%rdx, %rax	# tmp280, tmp284
 3440 023c 48C1E002 		salq	$2, %rax	#, tmp284
 3441 0240 4801D0   		addq	%rdx, %rax	# tmp280, tmp284
 3442 0243 48C1E002 		salq	$2, %rax	#, tmp285
 3443 0247 4801F0   		addq	%rsi, %rax	# tmp282, tmp286
GAS LISTING memory.s 			page 77


 3444 024a 488908   		movq	%rcx, (%rax)	# _8, memory_management_struct.e820[i_189].address
 3445              	# memory.c:28: 		memory_management_struct.e820[i].length+=p->length;
  28:memory.c      **** 		memory_management_struct.e820[i].length+=p->length;
 3446              		.loc 3 28 35
 3447 024d 48B90000 		movabsq	$memory_management_struct@GOTOFF, %rcx	#, tmp287
 3447      00000000 
 3447      0000
 3448 0257 8B45D4   		movl	-44(%rbp), %eax	# i, tmp289
 3449 025a 4863D0   		movslq	%eax, %rdx	# tmp289, tmp288
 3450 025d 4889D0   		movq	%rdx, %rax	# tmp288, tmp290
 3451 0260 48C1E002 		salq	$2, %rax	#, tmp290
 3452 0264 4801D0   		addq	%rdx, %rax	# tmp288, tmp290
 3453 0267 48C1E002 		salq	$2, %rax	#, tmp291
 3454 026b 4801D8   		addq	%rbx, %rax	# tmp82, tmp292
 3455 026e 4801C8   		addq	%rcx, %rax	# tmp287, tmp293
 3456 0271 4883C008 		addq	$8, %rax	#, tmp294
 3457 0275 488B10   		movq	(%rax), %rdx	# memory_management_struct.e820[i_189].length, _9
 3458              	# memory.c:28: 		memory_management_struct.e820[i].length+=p->length;
 3459              		.loc 3 28 45
 3460 0278 488B45D8 		movq	-40(%rbp), %rax	# p, tmp295
 3461 027c 488B4008 		movq	8(%rax), %rax	# p_188->length, _10
 3462              	# memory.c:28: 		memory_management_struct.e820[i].length+=p->length;
 3463              		.loc 3 28 42
 3464 0280 488D0C02 		leaq	(%rdx,%rax), %rcx	#, _11
 3465 0284 48BE0000 		movabsq	$memory_management_struct@GOTOFF, %rsi	#, tmp296
 3465      00000000 
 3465      0000
 3466 028e 8B45D4   		movl	-44(%rbp), %eax	# i, tmp298
 3467 0291 4863D0   		movslq	%eax, %rdx	# tmp298, tmp297
 3468 0294 4889D0   		movq	%rdx, %rax	# tmp297, tmp299
 3469 0297 48C1E002 		salq	$2, %rax	#, tmp299
 3470 029b 4801D0   		addq	%rdx, %rax	# tmp297, tmp299
 3471 029e 48C1E002 		salq	$2, %rax	#, tmp300
 3472 02a2 4801D8   		addq	%rbx, %rax	# tmp82, tmp301
 3473 02a5 4801F0   		addq	%rsi, %rax	# tmp296, tmp302
 3474 02a8 4883C008 		addq	$8, %rax	#, tmp303
 3475 02ac 488908   		movq	%rcx, (%rax)	# _11, memory_management_struct.e820[i_189].length
 3476              	# memory.c:29: 		memory_management_struct.e820[i].type=p->type;
  29:memory.c      **** 		memory_management_struct.e820[i].type=p->type;
 3477              		.loc 3 29 42
 3478 02af 488B45D8 		movq	-40(%rbp), %rax	# p, tmp304
 3479 02b3 8B4810   		movl	16(%rax), %ecx	# p_188->type, _12
 3480              	# memory.c:29: 		memory_management_struct.e820[i].type=p->type;
 3481              		.loc 3 29 40
 3482 02b6 48BE0000 		movabsq	$memory_management_struct@GOTOFF, %rsi	#, tmp305
 3482      00000000 
 3482      0000
 3483 02c0 8B45D4   		movl	-44(%rbp), %eax	# i, tmp307
 3484 02c3 4863D0   		movslq	%eax, %rdx	# tmp307, tmp306
 3485 02c6 4801DE   		addq	%rbx, %rsi	# tmp82, tmp308
 3486 02c9 4889D0   		movq	%rdx, %rax	# tmp306, tmp309
 3487 02cc 48C1E002 		salq	$2, %rax	#, tmp309
 3488 02d0 4801D0   		addq	%rdx, %rax	# tmp306, tmp309
 3489 02d3 48C1E002 		salq	$2, %rax	#, tmp310
 3490 02d7 4801F0   		addq	%rsi, %rax	# tmp308, tmp311
 3491 02da 4883C010 		addq	$16, %rax	#, tmp312
 3492 02de 8908     		movl	%ecx, (%rax)	# _12, memory_management_struct.e820[i_189].type
GAS LISTING memory.s 			page 78


 3493              	# memory.c:30: 		memory_management_struct.e820_length =i;
  30:memory.c      **** 		memory_management_struct.e820_length =i;
 3494              		.loc 3 30 40
 3495 02e0 8B45D4   		movl	-44(%rbp), %eax	# i, tmp313
 3496 02e3 4898     		cltq
 3497 02e5 48BA0000 		movabsq	$memory_management_struct@GOTOFF, %rdx	#, tmp314
 3497      00000000 
 3497      0000
 3498 02ef 48898413 		movq	%rax, 640(%rbx,%rdx)	# _13, memory_management_struct.e820_length
 3498      80020000 
 3499              	# memory.c:31: 		p++;
  31:memory.c      **** 		p++;
 3500              		.loc 3 31 4
 3501 02f7 488345D8 		addq	$20, -40(%rbp)	#, p
 3501      14
 3502              	# memory.c:32: 		if(p->type >4 ||p->length==0 || p->type<1){
  32:memory.c      **** 		if(p->type >4 ||p->length==0 || p->type<1){
 3503              		.loc 3 32 7
 3504 02fc 488B45D8 		movq	-40(%rbp), %rax	# p, tmp315
 3505 0300 8B4010   		movl	16(%rax), %eax	# p_213->type, _14
 3506              	# memory.c:32: 		if(p->type >4 ||p->length==0 || p->type<1){
 3507              		.loc 3 32 5
 3508 0303 83F804   		cmpl	$4, %eax	#, _14
 3509 0306 7726     		ja	.L15	#,
 3510              	# memory.c:32: 		if(p->type >4 ||p->length==0 || p->type<1){
 3511              		.loc 3 32 20 discriminator 1
 3512 0308 488B45D8 		movq	-40(%rbp), %rax	# p, tmp316
 3513 030c 488B4008 		movq	8(%rax), %rax	# p_213->length, _15
 3514              	# memory.c:32: 		if(p->type >4 ||p->length==0 || p->type<1){
 3515              		.loc 3 32 17 discriminator 1
 3516 0310 4885C0   		testq	%rax, %rax	# _15
 3517 0313 7419     		je	.L15	#,
 3518              	# memory.c:32: 		if(p->type >4 ||p->length==0 || p->type<1){
 3519              		.loc 3 32 36 discriminator 2
 3520 0315 488B45D8 		movq	-40(%rbp), %rax	# p, tmp317
 3521 0319 8B4010   		movl	16(%rax), %eax	# p_213->type, _16
 3522              	# memory.c:32: 		if(p->type >4 ||p->length==0 || p->type<1){
 3523              		.loc 3 32 32 discriminator 2
 3524 031c 85C0     		testl	%eax, %eax	# _16
 3525 031e 740E     		je	.L15	#,
 3526              	.LBE3:
 3527              	# memory.c:19: 	for (int i = 0; i < 32; i++)
  19:memory.c      **** 	{
 3528              		.loc 3 19 27 discriminator 2
 3529 0320 8345D401 		addl	$1, -44(%rbp)	#, i
 3530              	.L13:
 3531              	# memory.c:19: 	for (int i = 0; i < 32; i++)
  19:memory.c      **** 	{
 3532              		.loc 3 19 20 discriminator 1
 3533 0324 837DD41F 		cmpl	$31, -44(%rbp)	#, i
 3534 0328 0F8E54FE 		jle	.L16	#,
 3534      FFFF
 3535              	.L15:
 3536              	.LBE2:
 3537              	# memory.c:36: 	color_printk(ORANGE,BLACK,"OS Can Used Total RAM:%#018lx\n",TotalMem);
  33:memory.c      **** 			break;
  34:memory.c      **** 		}
GAS LISTING memory.s 			page 79


  35:memory.c      **** 	}
  36:memory.c      **** 	color_printk(ORANGE,BLACK,"OS Can Used Total RAM:%#018lx\n",TotalMem);
 3538              		.loc 3 36 2
 3539 032e 488B45E0 		movq	-32(%rbp), %rax	# TotalMem, tmp318
 3540 0332 4889C1   		movq	%rax, %rcx	# tmp318,
 3541 0335 48B80000 		movabsq	$.LC2@GOTOFF, %rax	#, tmp320
 3541      00000000 
 3541      0000
 3542 033f 488D0403 		leaq	(%rbx,%rax), %rax	#, tmp319
 3543 0343 4889C2   		movq	%rax, %rdx	# tmp319,
 3544 0346 BE000000 		movl	$0, %esi	#,
 3544      00
 3545 034b BF0080FF 		movl	$16744448, %edi	#,
 3545      00
 3546 0350 4989DF   		movq	%rbx, %r15	# tmp82,
 3547 0353 B8000000 		movl	$0, %eax	#,
 3547      00
 3548 0358 49B80000 		movabsq	$color_printk@PLTOFF, %r8	#, tmp321
 3548      00000000 
 3548      0000
 3549 0362 4901D8   		addq	%rbx, %r8	# tmp82, tmp321
 3550 0365 41FFD0   		call	*%r8	# tmp321
 3551              	.LVL2:
 3552              	# memory.c:37: 	TotalMem=0;
  37:memory.c      **** 	TotalMem=0;
 3553              		.loc 3 37 10
 3554 0368 48C745E0 		movq	$0, -32(%rbp)	#, TotalMem
 3554      00000000 
 3555              	# memory.c:39: 	for(i=0;i<=memory_management_struct.e820_length;i++){
  38:memory.c      **** 	//Calculate the memory size for 2M alignment, and this might require using <
  39:memory.c      **** 	for(i=0;i<=memory_management_struct.e820_length;i++){
 3556              		.loc 3 39 7
 3557 0370 C745EC00 		movl	$0, -20(%rbp)	#, i
 3557      000000
 3558              	# memory.c:39: 	for(i=0;i<=memory_management_struct.e820_length;i++){
 3559              		.loc 3 39 2
 3560 0377 E9ED0000 		jmp	.L17	#
 3560      00
 3561              	.L21:
 3562              	.LBB4:
 3563              	# memory.c:41: 		if(memory_management_struct.e820[i].type!=1){
  40:memory.c      **** 		unsigned long start,end;
  41:memory.c      **** 		if(memory_management_struct.e820[i].type!=1){
 3564              		.loc 3 41 38
 3565 037c 48B90000 		movabsq	$memory_management_struct@GOTOFF, %rcx	#, tmp322
 3565      00000000 
 3565      0000
 3566 0386 8B45EC   		movl	-20(%rbp), %eax	# i, tmp324
 3567 0389 4863D0   		movslq	%eax, %rdx	# tmp324, tmp323
 3568 038c 4801D9   		addq	%rbx, %rcx	# tmp82, tmp325
 3569 038f 4889D0   		movq	%rdx, %rax	# tmp323, tmp326
 3570 0392 48C1E002 		salq	$2, %rax	#, tmp326
 3571 0396 4801D0   		addq	%rdx, %rax	# tmp323, tmp326
 3572 0399 48C1E002 		salq	$2, %rax	#, tmp327
 3573 039d 4801C8   		addq	%rcx, %rax	# tmp325, tmp328
 3574 03a0 4883C010 		addq	$16, %rax	#, tmp329
 3575 03a4 8B00     		movl	(%rax), %eax	# memory_management_struct.e820[i_177].type, _17
GAS LISTING memory.s 			page 80


 3576              	# memory.c:41: 		if(memory_management_struct.e820[i].type!=1){
 3577              		.loc 3 41 5
 3578 03a6 83F801   		cmpl	$1, %eax	#, _17
 3579 03a9 0F85B200 		jne	.L36	#,
 3579      0000
 3580              	# memory.c:44: 		start=PAGE_2M_ALIGN(memory_management_struct.e820[i].address);
  42:memory.c      **** 			continue;
  43:memory.c      **** 		}
  44:memory.c      **** 		start=PAGE_2M_ALIGN(memory_management_struct.e820[i].address);
 3581              		.loc 3 44 9
 3582 03af 48B90000 		movabsq	$memory_management_struct@GOTOFF, %rcx	#, tmp330
 3582      00000000 
 3582      0000
 3583 03b9 8B45EC   		movl	-20(%rbp), %eax	# i, tmp332
 3584 03bc 4863D0   		movslq	%eax, %rdx	# tmp332, tmp331
 3585 03bf 4801D9   		addq	%rbx, %rcx	# tmp82, tmp333
 3586 03c2 4889D0   		movq	%rdx, %rax	# tmp331, tmp335
 3587 03c5 48C1E002 		salq	$2, %rax	#, tmp335
 3588 03c9 4801D0   		addq	%rdx, %rax	# tmp331, tmp335
 3589 03cc 48C1E002 		salq	$2, %rax	#, tmp336
 3590 03d0 4801C8   		addq	%rcx, %rax	# tmp333, tmp337
 3591 03d3 488B00   		movq	(%rax), %rax	# memory_management_struct.e820[i_177].address, _18
 3592 03d6 4805FFFF 		addq	$2097151, %rax	#, _19
 3592      1F00
 3593              	# memory.c:44: 		start=PAGE_2M_ALIGN(memory_management_struct.e820[i].address);
 3594              		.loc 3 44 8
 3595 03dc 48250000 		andq	$-2097152, %rax	#, tmp338
 3595      E0FF
 3596 03e2 48894588 		movq	%rax, -120(%rbp)	# tmp338, start
 3597              	# memory.c:45: 		end=((memory_management_struct.e820[i].address+memory_management_struct.e820[i].le
  45:memory.c      **** 		end=((memory_management_struct.e820[i].address+memory_management_struct.e820[i].length)>>PAGE_2M_
 3598              		.loc 3 45 41
 3599 03e6 48B90000 		movabsq	$memory_management_struct@GOTOFF, %rcx	#, tmp339
 3599      00000000 
 3599      0000
 3600 03f0 8B45EC   		movl	-20(%rbp), %eax	# i, tmp341
 3601 03f3 4863D0   		movslq	%eax, %rdx	# tmp341, tmp340
 3602 03f6 4801D9   		addq	%rbx, %rcx	# tmp82, tmp342
 3603 03f9 4889D0   		movq	%rdx, %rax	# tmp340, tmp344
 3604 03fc 48C1E002 		salq	$2, %rax	#, tmp344
 3605 0400 4801D0   		addq	%rdx, %rax	# tmp340, tmp344
 3606 0403 48C1E002 		salq	$2, %rax	#, tmp345
 3607 0407 4801C8   		addq	%rcx, %rax	# tmp342, tmp346
 3608 040a 488B08   		movq	(%rax), %rcx	# memory_management_struct.e820[i_177].address, _20
 3609              	# memory.c:45: 		end=((memory_management_struct.e820[i].address+memory_management_struct.e820[i].le
 3610              		.loc 3 45 82
 3611 040d 48BE0000 		movabsq	$memory_management_struct@GOTOFF, %rsi	#, tmp347
 3611      00000000 
 3611      0000
 3612 0417 8B45EC   		movl	-20(%rbp), %eax	# i, tmp349
 3613 041a 4863D0   		movslq	%eax, %rdx	# tmp349, tmp348
 3614 041d 4889D0   		movq	%rdx, %rax	# tmp348, tmp350
 3615 0420 48C1E002 		salq	$2, %rax	#, tmp350
 3616 0424 4801D0   		addq	%rdx, %rax	# tmp348, tmp350
 3617 0427 48C1E002 		salq	$2, %rax	#, tmp351
 3618 042b 4801D8   		addq	%rbx, %rax	# tmp82, tmp352
 3619 042e 4801F0   		addq	%rsi, %rax	# tmp347, tmp353
GAS LISTING memory.s 			page 81


 3620 0431 4883C008 		addq	$8, %rax	#, tmp354
 3621 0435 488B00   		movq	(%rax), %rax	# memory_management_struct.e820[i_177].length, _21
 3622              	# memory.c:45: 		end=((memory_management_struct.e820[i].address+memory_management_struct.e820[i].le
 3623              		.loc 3 45 49
 3624 0438 4801C8   		addq	%rcx, %rax	# _20, _22
 3625              	# memory.c:45: 		end=((memory_management_struct.e820[i].address+memory_management_struct.e820[i].le
 3626              		.loc 3 45 6
 3627 043b 48250000 		andq	$-2097152, %rax	#, tmp355
 3627      E0FF
 3628 0441 48894580 		movq	%rax, -128(%rbp)	# tmp355, end
 3629              	# memory.c:46: 		if(end<=start){
  46:memory.c      **** 		if(end<=start){
 3630              		.loc 3 46 5
 3631 0445 488B4580 		movq	-128(%rbp), %rax	# end, tmp356
 3632 0449 48394588 		cmpq	%rax, -120(%rbp)	# tmp356, start
 3633 044d 7315     		jnb	.L37	#,
 3634              	# memory.c:49: 		TotalMem+=(end-start)>>PAGE_2M_SHIFT;
  47:memory.c      **** 			continue;
  48:memory.c      **** 		}
  49:memory.c      **** 		TotalMem+=(end-start)>>PAGE_2M_SHIFT;
 3635              		.loc 3 49 17
 3636 044f 488B4580 		movq	-128(%rbp), %rax	# end, tmp357
 3637 0453 482B4588 		subq	-120(%rbp), %rax	# start, _23
 3638              	# memory.c:49: 		TotalMem+=(end-start)>>PAGE_2M_SHIFT;
 3639              		.loc 3 49 24
 3640 0457 48C1E815 		shrq	$21, %rax	#, _24
 3641              	# memory.c:49: 		TotalMem+=(end-start)>>PAGE_2M_SHIFT;
 3642              		.loc 3 49 11
 3643 045b 480145E0 		addq	%rax, -32(%rbp)	# _24, TotalMem
 3644 045f EB04     		jmp	.L19	#
 3645              	.L36:
 3646              	# memory.c:42: 			continue;
  42:memory.c      **** 		}
 3647              		.loc 3 42 4
 3648 0461 90       		nop	
 3649 0462 EB01     		jmp	.L19	#
 3650              	.L37:
 3651              	# memory.c:47: 			continue;
  47:memory.c      **** 			continue;
 3652              		.loc 3 47 4
 3653 0464 90       		nop	
 3654              	.L19:
 3655              	.LBE4:
 3656              	# memory.c:39: 	for(i=0;i<=memory_management_struct.e820_length;i++){
  39:memory.c      **** 		unsigned long start,end;
 3657              		.loc 3 39 51 discriminator 2
 3658 0465 8345EC01 		addl	$1, -20(%rbp)	#, i
 3659              	.L17:
 3660              	# memory.c:39: 	for(i=0;i<=memory_management_struct.e820_length;i++){
  39:memory.c      **** 		unsigned long start,end;
 3661              		.loc 3 39 11 discriminator 1
 3662 0469 8B45EC   		movl	-20(%rbp), %eax	# i, tmp358
 3663 046c 4898     		cltq
 3664              	# memory.c:39: 	for(i=0;i<=memory_management_struct.e820_length;i++){
  39:memory.c      **** 		unsigned long start,end;
 3665              		.loc 3 39 37 discriminator 1
 3666 046e 48BA0000 		movabsq	$memory_management_struct@GOTOFF, %rdx	#, tmp359
GAS LISTING memory.s 			page 82


 3666      00000000 
 3666      0000
 3667 0478 488B9413 		movq	640(%rbx,%rdx), %rdx	# memory_management_struct.e820_length, _26
 3667      80020000 
 3668              	# memory.c:39: 	for(i=0;i<=memory_management_struct.e820_length;i++){
  39:memory.c      **** 		unsigned long start,end;
 3669              		.loc 3 39 11 discriminator 1
 3670 0480 4839C2   		cmpq	%rax, %rdx	# _25, _26
 3671 0483 0F83F3FE 		jnb	.L21	#,
 3671      FFFF
 3672              	# memory.c:51: 	color_printk(ORANGE,BLACK,"OS Can Used Total 2M PAGEs:%#010x=%010d\n",TotalMem,Tota
  50:memory.c      **** 	}
  51:memory.c      **** 	color_printk(ORANGE,BLACK,"OS Can Used Total 2M PAGEs:%#010x=%010d\n",TotalMem,TotalMem);
 3673              		.loc 3 51 2
 3674 0489 488B55E0 		movq	-32(%rbp), %rdx	# TotalMem, tmp360
 3675 048d 488B45E0 		movq	-32(%rbp), %rax	# TotalMem, tmp361
 3676 0491 4989D0   		movq	%rdx, %r8	# tmp360,
 3677 0494 4889C1   		movq	%rax, %rcx	# tmp361,
 3678 0497 48B80000 		movabsq	$.LC3@GOTOFF, %rax	#, tmp363
 3678      00000000 
 3678      0000
 3679 04a1 488D0403 		leaq	(%rbx,%rax), %rax	#, tmp362
 3680 04a5 4889C2   		movq	%rax, %rdx	# tmp362,
 3681 04a8 BE000000 		movl	$0, %esi	#,
 3681      00
 3682 04ad BF0080FF 		movl	$16744448, %edi	#,
 3682      00
 3683 04b2 4989DF   		movq	%rbx, %r15	# tmp82,
 3684 04b5 B8000000 		movl	$0, %eax	#,
 3684      00
 3685 04ba 49B90000 		movabsq	$color_printk@PLTOFF, %r9	#, tmp364
 3685      00000000 
 3685      0000
 3686 04c4 4901D9   		addq	%rbx, %r9	# tmp82, tmp364
 3687 04c7 41FFD1   		call	*%r9	# tmp364
 3688              	.LVL3:
 3689              	# memory.c:52: 	TotalMem=memory_management_struct.e820[memory_management_struct.e820_length].addres
  52:memory.c      **** 	TotalMem=memory_management_struct.e820[memory_management_struct.e820_length].address+memory_manage
 3690              		.loc 3 52 65
 3691 04ca 48B80000 		movabsq	$memory_management_struct@GOTOFF, %rax	#, tmp365
 3691      00000000 
 3691      0000
 3692 04d4 488B9403 		movq	640(%rbx,%rax), %rdx	# memory_management_struct.e820_length, _27
 3692      80020000 
 3693              	# memory.c:52: 	TotalMem=memory_management_struct.e820[memory_management_struct.e820_length].addres
 3694              		.loc 3 52 78
 3695 04dc 48B80000 		movabsq	$memory_management_struct@GOTOFF, %rax	#, tmp366
 3695      00000000 
 3695      0000
 3696 04e6 488D0C03 		leaq	(%rbx,%rax), %rcx	#, tmp367
 3697 04ea 4889D0   		movq	%rdx, %rax	# _27, tmp369
 3698 04ed 48C1E002 		salq	$2, %rax	#, tmp369
 3699 04f1 4801D0   		addq	%rdx, %rax	# _27, tmp369
 3700 04f4 48C1E002 		salq	$2, %rax	#, tmp370
 3701 04f8 4801C8   		addq	%rcx, %rax	# tmp367, tmp371
 3702 04fb 488B08   		movq	(%rax), %rcx	# memory_management_struct.e820[_27].address, _28
 3703              	# memory.c:52: 	TotalMem=memory_management_struct.e820[memory_management_struct.e820_length].addres
GAS LISTING memory.s 			page 83


 3704              		.loc 3 52 141
 3705 04fe 48B80000 		movabsq	$memory_management_struct@GOTOFF, %rax	#, tmp372
 3705      00000000 
 3705      0000
 3706 0508 488B9403 		movq	640(%rbx,%rax), %rdx	# memory_management_struct.e820_length, _29
 3706      80020000 
 3707              	# memory.c:52: 	TotalMem=memory_management_struct.e820[memory_management_struct.e820_length].addres
 3708              		.loc 3 52 154
 3709 0510 48BE0000 		movabsq	$memory_management_struct@GOTOFF, %rsi	#, tmp373
 3709      00000000 
 3709      0000
 3710 051a 4889D0   		movq	%rdx, %rax	# _29, tmp374
 3711 051d 48C1E002 		salq	$2, %rax	#, tmp374
 3712 0521 4801D0   		addq	%rdx, %rax	# _29, tmp374
 3713 0524 48C1E002 		salq	$2, %rax	#, tmp375
 3714 0528 4801D8   		addq	%rbx, %rax	# tmp82, tmp376
 3715 052b 4801F0   		addq	%rsi, %rax	# tmp373, tmp377
 3716 052e 4883C008 		addq	$8, %rax	#, tmp378
 3717 0532 488B00   		movq	(%rax), %rax	# memory_management_struct.e820[_29].length, _30
 3718              	# memory.c:52: 	TotalMem=memory_management_struct.e820[memory_management_struct.e820_length].addres
 3719              		.loc 3 52 10
 3720 0535 4801C8   		addq	%rcx, %rax	# _28, tmp379
 3721 0538 488945E0 		movq	%rax, -32(%rbp)	# tmp379, TotalMem
 3722              	# memory.c:53: 	color_printk(ORANGE,BLACK,"Now OS Can Used Total 2M PAGEs:%#010x=%010d\n",TotalMem,
  53:memory.c      **** 	color_printk(ORANGE,BLACK,"Now OS Can Used Total 2M PAGEs:%#010x=%010d\n",TotalMem,TotalMem);
 3723              		.loc 3 53 2
 3724 053c 488B55E0 		movq	-32(%rbp), %rdx	# TotalMem, tmp380
 3725 0540 488B45E0 		movq	-32(%rbp), %rax	# TotalMem, tmp381
 3726 0544 4989D0   		movq	%rdx, %r8	# tmp380,
 3727 0547 4889C1   		movq	%rax, %rcx	# tmp381,
 3728 054a 48B80000 		movabsq	$.LC4@GOTOFF, %rax	#, tmp383
 3728      00000000 
 3728      0000
 3729 0554 488D0403 		leaq	(%rbx,%rax), %rax	#, tmp382
 3730 0558 4889C2   		movq	%rax, %rdx	# tmp382,
 3731 055b BE000000 		movl	$0, %esi	#,
 3731      00
 3732 0560 BF0080FF 		movl	$16744448, %edi	#,
 3732      00
 3733 0565 4989DF   		movq	%rbx, %r15	# tmp82,
 3734 0568 B8000000 		movl	$0, %eax	#,
 3734      00
 3735 056d 49B90000 		movabsq	$color_printk@PLTOFF, %r9	#, tmp384
 3735      00000000 
 3735      0000
 3736 0577 4901D9   		addq	%rbx, %r9	# tmp82, tmp384
 3737 057a 41FFD1   		call	*%r9	# tmp384
 3738              	.LVL4:
 3739              	# memory.c:63: 	memory_management_struct.bits_map=(unsigned long *)((memory_management_struct.end_b
  54:memory.c      **** 
  55:memory.c      **** 	//bits map contruction init
  56:memory.c      **** 	//Place the bitmap at the end of the kernel data segment and align it to a 4KB boundary.。
  57:memory.c      **** 	/*
  58:memory.c      **** 	(addr + 4096 - 1) & ~0xfff
  59:memory.c      **** 	↓
  60:memory.c      **** 	Align upwards to the nearest 4KB boundary
  61:memory.c      **** 	*/
GAS LISTING memory.s 			page 84


  62:memory.c      **** 
  63:memory.c      **** 	memory_management_struct.bits_map=(unsigned long *)((memory_management_struct.end_brk+PAGE_4K_SIZE
 3740              		.loc 3 63 79
 3741 057d 48B80000 		movabsq	$memory_management_struct@GOTOFF, %rax	#, tmp385
 3741      00000000 
 3741      0000
 3742 0587 488B8403 		movq	744(%rbx,%rax), %rax	# memory_management_struct.end_brk, _31
 3742      E8020000 
 3743              	# memory.c:63: 	memory_management_struct.bits_map=(unsigned long *)((memory_management_struct.end_b
 3744              		.loc 3 63 100
 3745 058f 4805FF0F 		addq	$4095, %rax	#, _32
 3745      0000
 3746              	# memory.c:63: 	memory_management_struct.bits_map=(unsigned long *)((memory_management_struct.end_b
 3747              		.loc 3 63 103
 3748 0595 482500F0 		andq	$-4096, %rax	#, _33
 3748      FFFF
 3749              	# memory.c:63: 	memory_management_struct.bits_map=(unsigned long *)((memory_management_struct.end_b
 3750              		.loc 3 63 36
 3751 059b 4889C2   		movq	%rax, %rdx	# _33, _34
 3752              	# memory.c:63: 	memory_management_struct.bits_map=(unsigned long *)((memory_management_struct.end_b
 3753              		.loc 3 63 35
 3754 059e 48B80000 		movabsq	$memory_management_struct@GOTOFF, %rax	#, tmp386
 3754      00000000 
 3754      0000
 3755 05a8 48899403 		movq	%rdx, 648(%rbx,%rax)	# _34, memory_management_struct.bits_map
 3755      88020000 
 3756              	# memory.c:70: 	memory_management_struct.bits_size=TotalMem>>PAGE_2M_SHIFT;	
  64:memory.c      **** 	//The number of pages for bitmap management
  65:memory.c      **** 	//Total number of bytes ÷ 2MB = Number of pages
  66:memory.c      **** 	//
  67:memory.c      **** 	//	TotalMem >> 21(PAGE_2M_SHIFT = 21） 
  68:memory.c      **** 
  69:memory.c      **** 
  70:memory.c      **** 	memory_management_struct.bits_size=TotalMem>>PAGE_2M_SHIFT;	
 3757              		.loc 3 70 45
 3758 05b0 488B45E0 		movq	-32(%rbp), %rax	# TotalMem, tmp387
 3759 05b4 48C1E815 		shrq	$21, %rax	#, tmp387
 3760 05b8 4889C2   		movq	%rax, %rdx	# tmp387, _35
 3761              	# memory.c:70: 	memory_management_struct.bits_size=TotalMem>>PAGE_2M_SHIFT;	
 3762              		.loc 3 70 36
 3763 05bb 48B80000 		movabsq	$memory_management_struct@GOTOFF, %rax	#, tmp388
 3763      00000000 
 3763      0000
 3764 05c5 48899403 		movq	%rdx, 656(%rbx,%rax)	# _35, memory_management_struct.bits_size
 3764      90020000 
 3765              	# memory.c:104: 	memory_management_struct.bits_length=(((unsigned long)(TotalMem>>PAGE_2M_SHIFT)+si
  71:memory.c      **** 	
  72:memory.c      **** 	/*
  73:memory.c      **** step 1: 2MB pages
  74:memory.c      **** (TotalMem >> PAGE_2M_SHIFT)
  75:memory.c      **** ↓
  76:memory.c      **** The 2MB pages that need to be managed
  77:memory.c      **** 
  78:memory.c      **** Step 2: Round up from bits to bytes
  79:memory.c      **** (pages + 7) / 8
  80:memory.c      **** ↓
  81:memory.c      **** Each byte stores the status of 8 pages.
GAS LISTING memory.s 			page 85


  82:memory.c      **** +7 is for rounding up to the nearest whole number.
  83:memory.c      **** 
  84:memory.c      **** Step 3: Byte → Long Alignment
  85:memory.c      **** 
  86:memory.c      **** & (~(sizeof(long) - 1))
  87:memory.c      **** ↓
  88:memory.c      **** ~7 = 0xffff...fff8（assume 64 bits long）
  89:memory.c      **** & 0xffff...fff8
  90:memory.c      **** ↓
  91:memory.c      **** Align to the 8-byte boundary (sizeof(long) = 8)
  92:memory.c      **** Complete example:
  93:memory.c      **** 
  94:memory.c      **** total memory 4GB = 2048 pages
  95:memory.c      **** ↓
  96:memory.c      **** (2048 + 7) / 8 = 256 bytes
  97:memory.c      **** ↓
  98:memory.c      **** 256 & ~7 = 256（Alignment completed）
  99:memory.c      **** Why align to sizeof(long)?
 100:memory.c      **** Bitmap operations are usually performed in units of unsigned long (processing 64 pages at a time fo
 101:memory.c      **** Alignment can avoid performance losses caused by non-aligned accesses
 102:memory.c      **** 	 */
 103:memory.c      **** 
 104:memory.c      **** 	memory_management_struct.bits_length=(((unsigned long)(TotalMem>>PAGE_2M_SHIFT)+sizeof(long)*8-1)/
 3766              		.loc 3 104 41
 3767 05cd 488B45E0 		movq	-32(%rbp), %rax	# TotalMem, tmp389
 3768 05d1 48C1E815 		shrq	$21, %rax	#, _36
 3769              	# memory.c:104: 	memory_management_struct.bits_length=(((unsigned long)(TotalMem>>PAGE_2M_SHIFT)+si
 3770              		.loc 3 104 96
 3771 05d5 4883C03F 		addq	$63, %rax	#, _37
 3772              	# memory.c:104: 	memory_management_struct.bits_length=(((unsigned long)(TotalMem>>PAGE_2M_SHIFT)+si
 3773              		.loc 3 104 99
 3774 05d9 48C1E803 		shrq	$3, %rax	#, _38
 3775              	# memory.c:104: 	memory_management_struct.bits_length=(((unsigned long)(TotalMem>>PAGE_2M_SHIFT)+si
 3776              		.loc 3 104 102
 3777 05dd 4883E0F8 		andq	$-8, %rax	#, _38
 3778 05e1 4889C2   		movq	%rax, %rdx	# _38, _39
 3779              	# memory.c:104: 	memory_management_struct.bits_length=(((unsigned long)(TotalMem>>PAGE_2M_SHIFT)+si
 3780              		.loc 3 104 38
 3781 05e4 48B80000 		movabsq	$memory_management_struct@GOTOFF, %rax	#, tmp390
 3781      00000000 
 3781      0000
 3782 05ee 48899403 		movq	%rdx, 664(%rbx,%rax)	# _39, memory_management_struct.bits_length
 3782      98020000 
 3783              	# memory.c:105: 	Cmemset(memory_management_struct.bits_map,0xff,memory_management_struct.bits_lengt
 105:memory.c      **** 	Cmemset(memory_management_struct.bits_map,0xff,memory_management_struct.bits_length);
 3784              		.loc 3 105 73
 3785 05f6 48B80000 		movabsq	$memory_management_struct@GOTOFF, %rax	#, tmp391
 3785      00000000 
 3785      0000
 3786 0600 488B8403 		movq	664(%rbx,%rax), %rax	# memory_management_struct.bits_length, _40
 3786      98020000 
 3787              	# memory.c:105: 	Cmemset(memory_management_struct.bits_map,0xff,memory_management_struct.bits_lengt
 3788              		.loc 3 105 2
 3789 0608 4889C2   		movq	%rax, %rdx	# _40, _41
 3790              	# memory.c:105: 	Cmemset(memory_management_struct.bits_map,0xff,memory_management_struct.bits_lengt
 3791              		.loc 3 105 34
 3792 060b 48B80000 		movabsq	$memory_management_struct@GOTOFF, %rax	#, tmp392
GAS LISTING memory.s 			page 86


 3792      00000000 
 3792      0000
 3793 0615 488B8403 		movq	648(%rbx,%rax), %rax	# memory_management_struct.bits_map, _42
 3793      88020000 
 3794              	# memory.c:105: 	Cmemset(memory_management_struct.bits_map,0xff,memory_management_struct.bits_lengt
 3795              		.loc 3 105 2
 3796 061d BEFF0000 		movl	$255, %esi	#,
 3796      00
 3797 0622 4889C7   		movq	%rax, %rdi	# _42,
 3798 0625 48B80000 		movabsq	$Cmemset@GOTOFF, %rax	#, tmp394
 3798      00000000 
 3798      0000
 3799 062f 488D0403 		leaq	(%rbx,%rax), %rax	#, tmp393
 3800 0633 FFD0     		call	*%rax	# tmp393
 3801              	.LVL5:
 3802              	# memory.c:123: memory_management_struct.pages_struct=(struct Page *)(((unsigned long)memory_manage
 106:memory.c      **** 
 107:memory.c      **** /*Memory layout illustration
 108:memory.c      **** ┌────────────────────────────────
 109:memory.c      **** │Kernel code segment (_text → _etext) │
 110:memory.c      **** ├────────────────────────────────
 111:memory.c      **** │kernel data segement (_edata → _end) │
 112:memory.c      **** ├────────────────────────────────
 113:memory.c      **** │  bits_map [page alignment]          │
 114:memory.c      **** │  ┌──┬──┬──┬──┬──┬──┬──┬──┐          │
 115:memory.c      **** │  │1 │0 │1 │..│0 │1 │0 │1 │        │
 116:memory.c      **** │  └──┴──┴──┴──┴──┴──┴──┴──┘        │
 117:memory.c      **** │   ↕ ↕ ↕                ↕ ↕        │
 118:memory.c      **** │occupy available ... available occupy│
 119:memory.c      **** └────────────────────────────────
 120:memory.c      **** */
 121:memory.c      **** 
 122:memory.c      **** //The operating system uses 2MB pages instead of the usual 4kb pages, which can reduce TLB misses: 
 123:memory.c      **** memory_management_struct.pages_struct=(struct Page *)(((unsigned long)memory_management_struct.bits
 3803              		.loc 3 123 95
 3804 0635 48B80000 		movabsq	$memory_management_struct@GOTOFF, %rax	#, tmp395
 3804      00000000 
 3804      0000
 3805 063f 488B8403 		movq	648(%rbx,%rax), %rax	# memory_management_struct.bits_map, _43
 3805      88020000 
 3806              	# memory.c:123: memory_management_struct.pages_struct=(struct Page *)(((unsigned long)memory_manage
 3807              		.loc 3 123 56
 3808 0647 4889C2   		movq	%rax, %rdx	# _43, _44
 3809              	# memory.c:123: memory_management_struct.pages_struct=(struct Page *)(((unsigned long)memory_manage
 3810              		.loc 3 123 129
 3811 064a 48B80000 		movabsq	$memory_management_struct@GOTOFF, %rax	#, tmp396
 3811      00000000 
 3811      0000
 3812 0654 488B8403 		movq	664(%rbx,%rax), %rax	# memory_management_struct.bits_length, _45
 3812      98020000 
 3813              	# memory.c:123: memory_management_struct.pages_struct=(struct Page *)(((unsigned long)memory_manage
 3814              		.loc 3 123 104
 3815 065c 4801D0   		addq	%rdx, %rax	# _44, _46
 3816              	# memory.c:123: memory_management_struct.pages_struct=(struct Page *)(((unsigned long)memory_manage
 3817              		.loc 3 123 154
 3818 065f 4805FF0F 		addq	$4095, %rax	#, _47
 3818      0000
GAS LISTING memory.s 			page 87


 3819              	# memory.c:123: memory_management_struct.pages_struct=(struct Page *)(((unsigned long)memory_manage
 3820              		.loc 3 123 157
 3821 0665 482500F0 		andq	$-4096, %rax	#, _48
 3821      FFFF
 3822              	# memory.c:123: memory_management_struct.pages_struct=(struct Page *)(((unsigned long)memory_manage
 3823              		.loc 3 123 39
 3824 066b 4889C2   		movq	%rax, %rdx	# _48, _49
 3825              	# memory.c:123: memory_management_struct.pages_struct=(struct Page *)(((unsigned long)memory_manage
 3826              		.loc 3 123 38
 3827 066e 48B80000 		movabsq	$memory_management_struct@GOTOFF, %rax	#, tmp397
 3827      00000000 
 3827      0000
 3828 0678 48899403 		movq	%rdx, 672(%rbx,%rax)	# _49, memory_management_struct.pages_struct
 3828      A0020000 
 3829              	# memory.c:124: memory_management_struct.pages_size=TotalMem>>PAGE_2M_SHIFT;
 124:memory.c      **** memory_management_struct.pages_size=TotalMem>>PAGE_2M_SHIFT;
 3830              		.loc 3 124 45
 3831 0680 488B45E0 		movq	-32(%rbp), %rax	# TotalMem, tmp398
 3832 0684 48C1E815 		shrq	$21, %rax	#, tmp398
 3833 0688 4889C2   		movq	%rax, %rdx	# tmp398, _50
 3834              	# memory.c:124: memory_management_struct.pages_size=TotalMem>>PAGE_2M_SHIFT;
 3835              		.loc 3 124 36
 3836 068b 48B80000 		movabsq	$memory_management_struct@GOTOFF, %rax	#, tmp399
 3836      00000000 
 3836      0000
 3837 0695 48899403 		movq	%rdx, 680(%rbx,%rax)	# _50, memory_management_struct.pages_size
 3837      A8020000 
 3838              	# memory.c:130: memory_management_struct.pages_length=((TotalMem>>PAGE_2M_SHIFT)*sizeof(struct Page
 125:memory.c      **** /*
 126:memory.c      **** // example (64-bit system)：
 127:memory.c      **** // sizeof(long) = 8, sizeof(long)-1 = 7, ~(sizeof(long)-1) = ~7 = 0xFFFFFFF8
 128:memory.c      **** // Alignment mask: 0xFFFFFFF8, which means the last 3 bits are cleared, achieving 8-byte alignment.
 129:memory.c      ****  */
 130:memory.c      **** memory_management_struct.pages_length=((TotalMem>>PAGE_2M_SHIFT)*sizeof(struct Page)+sizeof(long)-1
 3839              		.loc 3 130 49
 3840 069d 488B45E0 		movq	-32(%rbp), %rax	# TotalMem, tmp400
 3841 06a1 48C1E815 		shrq	$21, %rax	#, tmp400
 3842 06a5 4889C2   		movq	%rax, %rdx	# tmp400, _51
 3843              	# memory.c:130: memory_management_struct.pages_length=((TotalMem>>PAGE_2M_SHIFT)*sizeof(struct Page
 3844              		.loc 3 130 65
 3845 06a8 4889D0   		movq	%rdx, %rax	# _51, tmp401
 3846 06ab 48C1E002 		salq	$2, %rax	#, tmp401
 3847 06af 4801D0   		addq	%rdx, %rax	# _51, tmp401
 3848 06b2 48C1E003 		salq	$3, %rax	#, tmp402
 3849              	# memory.c:130: memory_management_struct.pages_length=((TotalMem>>PAGE_2M_SHIFT)*sizeof(struct Page
 3850              		.loc 3 130 98
 3851 06b6 4883C007 		addq	$7, %rax	#, _53
 3852              	# memory.c:130: memory_management_struct.pages_length=((TotalMem>>PAGE_2M_SHIFT)*sizeof(struct Page
 3853              		.loc 3 130 101
 3854 06ba 4883E0F8 		andq	$-8, %rax	#, _53
 3855 06be 4889C2   		movq	%rax, %rdx	# _53, _54
 3856              	# memory.c:130: memory_management_struct.pages_length=((TotalMem>>PAGE_2M_SHIFT)*sizeof(struct Page
 3857              		.loc 3 130 38
 3858 06c1 48B80000 		movabsq	$memory_management_struct@GOTOFF, %rax	#, tmp403
 3858      00000000 
 3858      0000
 3859 06cb 48899403 		movq	%rdx, 688(%rbx,%rax)	# _54, memory_management_struct.pages_length
GAS LISTING memory.s 			page 88


 3859      B0020000 
 3860              	# memory.c:132: Cmemset(memory_management_struct.pages_struct,0x00,memory_management_struct.pages_l
 131:memory.c      **** // Zero out and initialize the Page array
 132:memory.c      **** Cmemset(memory_management_struct.pages_struct,0x00,memory_management_struct.pages_length);
 3861              		.loc 3 132 76
 3862 06d3 48B80000 		movabsq	$memory_management_struct@GOTOFF, %rax	#, tmp404
 3862      00000000 
 3862      0000
 3863 06dd 488B8403 		movq	688(%rbx,%rax), %rax	# memory_management_struct.pages_length, _55
 3863      B0020000 
 3864              	# memory.c:132: Cmemset(memory_management_struct.pages_struct,0x00,memory_management_struct.pages_l
 3865              		.loc 3 132 1
 3866 06e5 4889C2   		movq	%rax, %rdx	# _55, _56
 3867              	# memory.c:132: Cmemset(memory_management_struct.pages_struct,0x00,memory_management_struct.pages_l
 3868              		.loc 3 132 33
 3869 06e8 48B80000 		movabsq	$memory_management_struct@GOTOFF, %rax	#, tmp405
 3869      00000000 
 3869      0000
 3870 06f2 488B8403 		movq	672(%rbx,%rax), %rax	# memory_management_struct.pages_struct, _57
 3870      A0020000 
 3871              	# memory.c:132: Cmemset(memory_management_struct.pages_struct,0x00,memory_management_struct.pages_l
 3872              		.loc 3 132 1
 3873 06fa BE000000 		movl	$0, %esi	#,
 3873      00
 3874 06ff 4889C7   		movq	%rax, %rdi	# _57,
 3875 0702 48B80000 		movabsq	$Cmemset@GOTOFF, %rax	#, tmp407
 3875      00000000 
 3875      0000
 3876 070c 488D0403 		leaq	(%rbx,%rax), %rax	#, tmp406
 3877 0710 FFD0     		call	*%rax	# tmp406
 3878              	.LVL6:
 3879              	# memory.c:134: memory_management_struct.zones_struct=(struct Zone*)(((unsigned long)memory_managem
 133:memory.c      **** 
 134:memory.c      **** memory_management_struct.zones_struct=(struct Zone*)(((unsigned long)memory_management_struct.pages
 3880              		.loc 3 134 94
 3881 0712 48B80000 		movabsq	$memory_management_struct@GOTOFF, %rax	#, tmp408
 3881      00000000 
 3881      0000
 3882 071c 488B8403 		movq	672(%rbx,%rax), %rax	# memory_management_struct.pages_struct, _58
 3882      A0020000 
 3883              	# memory.c:134: memory_management_struct.zones_struct=(struct Zone*)(((unsigned long)memory_managem
 3884              		.loc 3 134 55
 3885 0724 4889C2   		movq	%rax, %rdx	# _58, _59
 3886              	# memory.c:134: memory_management_struct.zones_struct=(struct Zone*)(((unsigned long)memory_managem
 3887              		.loc 3 134 132
 3888 0727 48B80000 		movabsq	$memory_management_struct@GOTOFF, %rax	#, tmp409
 3888      00000000 
 3888      0000
 3889 0731 488B8403 		movq	688(%rbx,%rax), %rax	# memory_management_struct.pages_length, _60
 3889      B0020000 
 3890              	# memory.c:134: memory_management_struct.zones_struct=(struct Zone*)(((unsigned long)memory_managem
 3891              		.loc 3 134 107
 3892 0739 4801D0   		addq	%rdx, %rax	# _59, _61
 3893              	# memory.c:134: memory_management_struct.zones_struct=(struct Zone*)(((unsigned long)memory_managem
 3894              		.loc 3 134 158
 3895 073c 4805FF0F 		addq	$4095, %rax	#, _62
 3895      0000
GAS LISTING memory.s 			page 89


 3896              	# memory.c:134: memory_management_struct.zones_struct=(struct Zone*)(((unsigned long)memory_managem
 3897              		.loc 3 134 161
 3898 0742 482500F0 		andq	$-4096, %rax	#, _63
 3898      FFFF
 3899              	# memory.c:134: memory_management_struct.zones_struct=(struct Zone*)(((unsigned long)memory_managem
 3900              		.loc 3 134 39
 3901 0748 4889C2   		movq	%rax, %rdx	# _63, _64
 3902              	# memory.c:134: memory_management_struct.zones_struct=(struct Zone*)(((unsigned long)memory_managem
 3903              		.loc 3 134 38
 3904 074b 48B80000 		movabsq	$memory_management_struct@GOTOFF, %rax	#, tmp410
 3904      00000000 
 3904      0000
 3905 0755 48899403 		movq	%rdx, 696(%rbx,%rax)	# _64, memory_management_struct.zones_struct
 3905      B8020000 
 3906              	# memory.c:147: memory_management_struct.zones_size=0;
 135:memory.c      **** /*
 136:memory.c      **** 0x12346000 ┌────────────────────┐ ← bits_map（bits m
 137:memory.c      ****            │    bits map area   │
 138:memory.c      ****            │    (128KB)         │
 139:memory.c      **** 0x12366000 ├────────────────────┤ ← pages_struct（Pa
 140:memory.c      ****            │Page struct array   │
 141:memory.c      ****            │    (80KB)          │
 142:memory.c      **** 0x1237A000 ├────────────────────┤ ← zones_struct（Zo
 143:memory.c      ****            │  zone struct array │
 144:memory.c      ****            │                    │
 145:memory.c      ****            └────────────────────┘
 146:memory.c      ****  */
 147:memory.c      **** memory_management_struct.zones_size=0;
 3907              		.loc 3 147 36
 3908 075d 48B80000 		movabsq	$memory_management_struct@GOTOFF, %rax	#, tmp411
 3908      00000000 
 3908      0000
 3909 0767 48C78403 		movq	$0, 704(%rbx,%rax)	#, memory_management_struct.zones_size
 3909      C0020000 
 3909      00000000 
 3910              	# memory.c:148: memory_management_struct.zones_length=(5*sizeof(struct Zone)+sizeof(long)-1)&(~(siz
 148:memory.c      **** memory_management_struct.zones_length=(5*sizeof(struct Zone)+sizeof(long)-1)&(~(sizeof(long)-1));
 3911              		.loc 3 148 38
 3912 0773 48B80000 		movabsq	$memory_management_struct@GOTOFF, %rax	#, tmp412
 3912      00000000 
 3912      0000
 3913 077d 48C78403 		movq	$400, 712(%rbx,%rax)	#, memory_management_struct.zones_length
 3913      C8020000 
 3913      90010000 
 3914              	# memory.c:149: Cmemset(memory_management_struct.zones_struct,0x00,memory_management_struct.zones_l
 149:memory.c      **** Cmemset(memory_management_struct.zones_struct,0x00,memory_management_struct.zones_length);
 3915              		.loc 3 149 76
 3916 0789 48B80000 		movabsq	$memory_management_struct@GOTOFF, %rax	#, tmp413
 3916      00000000 
 3916      0000
 3917 0793 488B8403 		movq	712(%rbx,%rax), %rax	# memory_management_struct.zones_length, _65
 3917      C8020000 
 3918              	# memory.c:149: Cmemset(memory_management_struct.zones_struct,0x00,memory_management_struct.zones_l
 3919              		.loc 3 149 1
 3920 079b 4889C2   		movq	%rax, %rdx	# _65, _66
 3921              	# memory.c:149: Cmemset(memory_management_struct.zones_struct,0x00,memory_management_struct.zones_l
 3922              		.loc 3 149 33
GAS LISTING memory.s 			page 90


 3923 079e 48B80000 		movabsq	$memory_management_struct@GOTOFF, %rax	#, tmp414
 3923      00000000 
 3923      0000
 3924 07a8 488B8403 		movq	696(%rbx,%rax), %rax	# memory_management_struct.zones_struct, _67
 3924      B8020000 
 3925              	# memory.c:149: Cmemset(memory_management_struct.zones_struct,0x00,memory_management_struct.zones_l
 3926              		.loc 3 149 1
 3927 07b0 BE000000 		movl	$0, %esi	#,
 3927      00
 3928 07b5 4889C7   		movq	%rax, %rdi	# _67,
 3929 07b8 48B80000 		movabsq	$Cmemset@GOTOFF, %rax	#, tmp416
 3929      00000000 
 3929      0000
 3930 07c2 488D0403 		leaq	(%rbx,%rax), %rax	#, tmp415
 3931 07c6 FFD0     		call	*%rax	# tmp415
 3932              	.LVL7:
 3933              	# memory.c:150: for(i=0;i<=memory_management_struct.e820_length;i++){
 150:memory.c      **** for(i=0;i<=memory_management_struct.e820_length;i++){
 3934              		.loc 3 150 6
 3935 07c8 C745EC00 		movl	$0, -20(%rbp)	#, i
 3935      000000
 3936              	# memory.c:150: for(i=0;i<=memory_management_struct.e820_length;i++){
 3937              		.loc 3 150 1
 3938 07cf E9F80200 		jmp	.L22	#
 3938      00
 3939              	.L28:
 3940              	.LBB5:
 3941              	# memory.c:154: 	if(memory_management_struct.e820[i].type!=1){
 151:memory.c      **** 	unsigned long start, end;
 152:memory.c      **** 	struct Zone *z;
 153:memory.c      **** 	struct Page *p;
 154:memory.c      **** 	if(memory_management_struct.e820[i].type!=1){
 3942              		.loc 3 154 37
 3943 07d4 48B90000 		movabsq	$memory_management_struct@GOTOFF, %rcx	#, tmp417
 3943      00000000 
 3943      0000
 3944 07de 8B45EC   		movl	-20(%rbp), %eax	# i, tmp419
 3945 07e1 4863D0   		movslq	%eax, %rdx	# tmp419, tmp418
 3946 07e4 4801D9   		addq	%rbx, %rcx	# tmp82, tmp420
 3947 07e7 4889D0   		movq	%rdx, %rax	# tmp418, tmp421
 3948 07ea 48C1E002 		salq	$2, %rax	#, tmp421
 3949 07ee 4801D0   		addq	%rdx, %rax	# tmp418, tmp421
 3950 07f1 48C1E002 		salq	$2, %rax	#, tmp422
 3951 07f5 4801C8   		addq	%rcx, %rax	# tmp420, tmp423
 3952 07f8 4883C010 		addq	$16, %rax	#, tmp424
 3953 07fc 8B00     		movl	(%rax), %eax	# memory_management_struct.e820[i_178].type, _68
 3954              	# memory.c:154: 	if(memory_management_struct.e820[i].type!=1){
 3955              		.loc 3 154 4
 3956 07fe 83F801   		cmpl	$1, %eax	#, _68
 3957 0801 0F85BD02 		jne	.L38	#,
 3957      0000
 3958              	# memory.c:157: 	start=PAGE_2M_ALIGN(memory_management_struct.e820[i].address);
 155:memory.c      **** 		continue;
 156:memory.c      **** 	}
 157:memory.c      **** 	start=PAGE_2M_ALIGN(memory_management_struct.e820[i].address);
 3959              		.loc 3 157 8
 3960 0807 48B90000 		movabsq	$memory_management_struct@GOTOFF, %rcx	#, tmp425
GAS LISTING memory.s 			page 91


 3960      00000000 
 3960      0000
 3961 0811 8B45EC   		movl	-20(%rbp), %eax	# i, tmp427
 3962 0814 4863D0   		movslq	%eax, %rdx	# tmp427, tmp426
 3963 0817 4801D9   		addq	%rbx, %rcx	# tmp82, tmp428
 3964 081a 4889D0   		movq	%rdx, %rax	# tmp426, tmp430
 3965 081d 48C1E002 		salq	$2, %rax	#, tmp430
 3966 0821 4801D0   		addq	%rdx, %rax	# tmp426, tmp430
 3967 0824 48C1E002 		salq	$2, %rax	#, tmp431
 3968 0828 4801C8   		addq	%rcx, %rax	# tmp428, tmp432
 3969 082b 488B00   		movq	(%rax), %rax	# memory_management_struct.e820[i_178].address, _69
 3970 082e 4805FFFF 		addq	$2097151, %rax	#, _70
 3970      1F00
 3971              	# memory.c:157: 	start=PAGE_2M_ALIGN(memory_management_struct.e820[i].address);
 3972              		.loc 3 157 7
 3973 0834 48250000 		andq	$-2097152, %rax	#, tmp433
 3973      E0FF
 3974 083a 488945A0 		movq	%rax, -96(%rbp)	# tmp433, start
 3975              	# memory.c:158: 	end=((memory_management_struct.e820[i].address+memory_management_struct.e820[i].le
 158:memory.c      **** 	end=((memory_management_struct.e820[i].address+memory_management_struct.e820[i].length)>>PAGE_2M_S
 3976              		.loc 3 158 40
 3977 083e 48B90000 		movabsq	$memory_management_struct@GOTOFF, %rcx	#, tmp434
 3977      00000000 
 3977      0000
 3978 0848 8B45EC   		movl	-20(%rbp), %eax	# i, tmp436
 3979 084b 4863D0   		movslq	%eax, %rdx	# tmp436, tmp435
 3980 084e 4801D9   		addq	%rbx, %rcx	# tmp82, tmp437
 3981 0851 4889D0   		movq	%rdx, %rax	# tmp435, tmp439
 3982 0854 48C1E002 		salq	$2, %rax	#, tmp439
 3983 0858 4801D0   		addq	%rdx, %rax	# tmp435, tmp439
 3984 085b 48C1E002 		salq	$2, %rax	#, tmp440
 3985 085f 4801C8   		addq	%rcx, %rax	# tmp437, tmp441
 3986 0862 488B08   		movq	(%rax), %rcx	# memory_management_struct.e820[i_178].address, _71
 3987              	# memory.c:158: 	end=((memory_management_struct.e820[i].address+memory_management_struct.e820[i].le
 3988              		.loc 3 158 81
 3989 0865 48BE0000 		movabsq	$memory_management_struct@GOTOFF, %rsi	#, tmp442
 3989      00000000 
 3989      0000
 3990 086f 8B45EC   		movl	-20(%rbp), %eax	# i, tmp444
 3991 0872 4863D0   		movslq	%eax, %rdx	# tmp444, tmp443
 3992 0875 4889D0   		movq	%rdx, %rax	# tmp443, tmp445
 3993 0878 48C1E002 		salq	$2, %rax	#, tmp445
 3994 087c 4801D0   		addq	%rdx, %rax	# tmp443, tmp445
 3995 087f 48C1E002 		salq	$2, %rax	#, tmp446
 3996 0883 4801D8   		addq	%rbx, %rax	# tmp82, tmp447
 3997 0886 4801F0   		addq	%rsi, %rax	# tmp442, tmp448
 3998 0889 4883C008 		addq	$8, %rax	#, tmp449
 3999 088d 488B00   		movq	(%rax), %rax	# memory_management_struct.e820[i_178].length, _72
 4000              	# memory.c:158: 	end=((memory_management_struct.e820[i].address+memory_management_struct.e820[i].le
 4001              		.loc 3 158 48
 4002 0890 4801C8   		addq	%rcx, %rax	# _71, _73
 4003              	# memory.c:158: 	end=((memory_management_struct.e820[i].address+memory_management_struct.e820[i].le
 4004              		.loc 3 158 5
 4005 0893 48250000 		andq	$-2097152, %rax	#, tmp450
 4005      E0FF
 4006 0899 48894598 		movq	%rax, -104(%rbp)	# tmp450, end
 4007              	# memory.c:159: 	if(end<=start){
GAS LISTING memory.s 			page 92


 159:memory.c      **** 	if(end<=start){
 4008              		.loc 3 159 4
 4009 089d 488B4598 		movq	-104(%rbp), %rax	# end, tmp451
 4010 08a1 483945A0 		cmpq	%rax, -96(%rbp)	# tmp451, start
 4011 08a5 0F831C02 		jnb	.L39	#,
 4011      0000
 4012              	# memory.c:163: 	z=memory_management_struct.zones_struct+memory_management_struct.zones_size;
 160:memory.c      **** 		continue;
 161:memory.c      **** 	}
 162:memory.c      **** 	//zone init
 163:memory.c      **** 	z=memory_management_struct.zones_struct+memory_management_struct.zones_size;
 4013              		.loc 3 163 28
 4014 08ab 48B80000 		movabsq	$memory_management_struct@GOTOFF, %rax	#, tmp452
 4014      00000000 
 4014      0000
 4015 08b5 488B8C03 		movq	696(%rbx,%rax), %rcx	# memory_management_struct.zones_struct, _74
 4015      B8020000 
 4016              	# memory.c:163: 	z=memory_management_struct.zones_struct+memory_management_struct.zones_size;
 4017              		.loc 3 163 66
 4018 08bd 48B80000 		movabsq	$memory_management_struct@GOTOFF, %rax	#, tmp453
 4018      00000000 
 4018      0000
 4019 08c7 488B9403 		movq	704(%rbx,%rax), %rdx	# memory_management_struct.zones_size, _75
 4019      C0020000 
 4020              	# memory.c:163: 	z=memory_management_struct.zones_struct+memory_management_struct.zones_size;
 4021              		.loc 3 163 41
 4022 08cf 4889D0   		movq	%rdx, %rax	# _75, tmp454
 4023 08d2 48C1E002 		salq	$2, %rax	#, tmp454
 4024 08d6 4801D0   		addq	%rdx, %rax	# _75, tmp454
 4025 08d9 48C1E004 		salq	$4, %rax	#, tmp455
 4026              	# memory.c:163: 	z=memory_management_struct.zones_struct+memory_management_struct.zones_size;
 4027              		.loc 3 163 3
 4028 08dd 4801C8   		addq	%rcx, %rax	# _74, tmp456
 4029 08e0 48894590 		movq	%rax, -112(%rbp)	# tmp456, z
 4030              	# memory.c:164: 	memory_management_struct.zones_size++;
 164:memory.c      **** 	memory_management_struct.zones_size++;
 4031              		.loc 3 164 26
 4032 08e4 48B80000 		movabsq	$memory_management_struct@GOTOFF, %rax	#, tmp457
 4032      00000000 
 4032      0000
 4033 08ee 488B8403 		movq	704(%rbx,%rax), %rax	# memory_management_struct.zones_size, _77
 4033      C0020000 
 4034              	# memory.c:164: 	memory_management_struct.zones_size++;
 4035              		.loc 3 164 37
 4036 08f6 488D5001 		leaq	1(%rax), %rdx	#, _78
 4037 08fa 48B80000 		movabsq	$memory_management_struct@GOTOFF, %rax	#, tmp458
 4037      00000000 
 4037      0000
 4038 0904 48899403 		movq	%rdx, 704(%rbx,%rax)	# _78, memory_management_struct.zones_size
 4038      C0020000 
 4039              	# memory.c:165: 	z->zone_start_address=start;
 165:memory.c      **** 	z->zone_start_address=start;
 4040              		.loc 3 165 23
 4041 090c 488B4590 		movq	-112(%rbp), %rax	# z, tmp459
 4042 0910 488B55A0 		movq	-96(%rbp), %rdx	# start, tmp460
 4043 0914 48895010 		movq	%rdx, 16(%rax)	# tmp460, z_266->zone_start_address
 4044              	# memory.c:166: 	z->zone_end_address=end;
GAS LISTING memory.s 			page 93


 166:memory.c      **** 	z->zone_end_address=end;
 4045              		.loc 3 166 21
 4046 0918 488B4590 		movq	-112(%rbp), %rax	# z, tmp461
 4047 091c 488B5598 		movq	-104(%rbp), %rdx	# end, tmp462
 4048 0920 48895018 		movq	%rdx, 24(%rax)	# tmp462, z_266->zone_end_address
 4049              	# memory.c:167: 	z->zone_length=end-start;
 167:memory.c      **** 	z->zone_length=end-start;
 4050              		.loc 3 167 20
 4051 0924 488B4598 		movq	-104(%rbp), %rax	# end, tmp463
 4052 0928 482B45A0 		subq	-96(%rbp), %rax	# start, tmp463
 4053 092c 4889C2   		movq	%rax, %rdx	# tmp463, _79
 4054              	# memory.c:167: 	z->zone_length=end-start;
 4055              		.loc 3 167 16
 4056 092f 488B4590 		movq	-112(%rbp), %rax	# z, tmp464
 4057 0933 48895020 		movq	%rdx, 32(%rax)	# _79, z_266->zone_length
 4058              	# memory.c:168: 	z->page_using_count=0;
 168:memory.c      **** 	z->page_using_count=0;
 4059              		.loc 3 168 21
 4060 0937 488B4590 		movq	-112(%rbp), %rax	# z, tmp465
 4061 093b 48C74038 		movq	$0, 56(%rax)	#, z_266->page_using_count
 4061      00000000 
 4062              	# memory.c:169: 	z->page_free_count=(end-start)>>PAGE_2M_SHIFT;
 169:memory.c      **** 	z->page_free_count=(end-start)>>PAGE_2M_SHIFT;
 4063              		.loc 3 169 25
 4064 0943 488B4598 		movq	-104(%rbp), %rax	# end, tmp466
 4065 0947 482B45A0 		subq	-96(%rbp), %rax	# start, _80
 4066              	# memory.c:169: 	z->page_free_count=(end-start)>>PAGE_2M_SHIFT;
 4067              		.loc 3 169 32
 4068 094b 48C1E815 		shrq	$21, %rax	#, _80
 4069 094f 4889C2   		movq	%rax, %rdx	# _80, _81
 4070              	# memory.c:169: 	z->page_free_count=(end-start)>>PAGE_2M_SHIFT;
 4071              		.loc 3 169 20
 4072 0952 488B4590 		movq	-112(%rbp), %rax	# z, tmp467
 4073 0956 48895040 		movq	%rdx, 64(%rax)	# _81, z_266->page_free_count
 4074              	# memory.c:170: 	z->total_pages_link=0;
 170:memory.c      **** 	z->total_pages_link=0;
 4075              		.loc 3 170 21
 4076 095a 488B4590 		movq	-112(%rbp), %rax	# z, tmp468
 4077 095e 48C74048 		movq	$0, 72(%rax)	#, z_266->total_pages_link
 4077      00000000 
 4078              	# memory.c:171: 	z->attribute=0;
 171:memory.c      **** 	z->attribute=0;
 4079              		.loc 3 171 14
 4080 0966 488B4590 		movq	-112(%rbp), %rax	# z, tmp469
 4081 096a 48C74028 		movq	$0, 40(%rax)	#, z_266->attribute
 4081      00000000 
 4082              	# memory.c:172: 	z->GMD_struct=&memory_management_struct;
 172:memory.c      **** 	z->GMD_struct=&memory_management_struct;
 4083              		.loc 3 172 15
 4084 0972 488B4590 		movq	-112(%rbp), %rax	# z, tmp470
 4085 0976 48BA0000 		movabsq	$memory_management_struct@GOTOFF, %rdx	#, tmp472
 4085      00000000 
 4085      0000
 4086 0980 488D1413 		leaq	(%rbx,%rdx), %rdx	#, tmp471
 4087 0984 48895030 		movq	%rdx, 48(%rax)	# tmp471, z_266->GMD_struct
 4088              	# memory.c:173: 	z->pages_length=(end-start)>>PAGE_2M_SHIFT;
 173:memory.c      **** 	z->pages_length=(end-start)>>PAGE_2M_SHIFT;
GAS LISTING memory.s 			page 94


 4089              		.loc 3 173 22
 4090 0988 488B4598 		movq	-104(%rbp), %rax	# end, tmp473
 4091 098c 482B45A0 		subq	-96(%rbp), %rax	# start, _82
 4092              	# memory.c:173: 	z->pages_length=(end-start)>>PAGE_2M_SHIFT;
 4093              		.loc 3 173 29
 4094 0990 48C1E815 		shrq	$21, %rax	#, _82
 4095 0994 4889C2   		movq	%rax, %rdx	# _82, _83
 4096              	# memory.c:173: 	z->pages_length=(end-start)>>PAGE_2M_SHIFT;
 4097              		.loc 3 173 17
 4098 0997 488B4590 		movq	-112(%rbp), %rax	# z, tmp474
 4099 099b 48895008 		movq	%rdx, 8(%rax)	# _83, z_266->pages_length
 4100              	# memory.c:174: 	z->pages_group=(struct Page*)(memory_management_struct.pages_struct+(start >>PAGE_
 174:memory.c      **** 	z->pages_group=(struct Page*)(memory_management_struct.pages_struct+(start >>PAGE_2M_SHIFT));
 4101              		.loc 3 174 56
 4102 099f 48B80000 		movabsq	$memory_management_struct@GOTOFF, %rax	#, tmp475
 4102      00000000 
 4102      0000
 4103 09a9 488B8C03 		movq	672(%rbx,%rax), %rcx	# memory_management_struct.pages_struct, _84
 4103      A0020000 
 4104              	# memory.c:174: 	z->pages_group=(struct Page*)(memory_management_struct.pages_struct+(start >>PAGE_
 4105              		.loc 3 174 77
 4106 09b1 488B45A0 		movq	-96(%rbp), %rax	# start, tmp476
 4107 09b5 48C1E815 		shrq	$21, %rax	#, tmp476
 4108 09b9 4889C2   		movq	%rax, %rdx	# tmp476, _85
 4109              	# memory.c:174: 	z->pages_group=(struct Page*)(memory_management_struct.pages_struct+(start >>PAGE_
 4110              		.loc 3 174 69
 4111 09bc 4889D0   		movq	%rdx, %rax	# _85, tmp477
 4112 09bf 48C1E002 		salq	$2, %rax	#, tmp477
 4113 09c3 4801D0   		addq	%rdx, %rax	# _85, tmp477
 4114 09c6 48C1E003 		salq	$3, %rax	#, tmp478
 4115              	# memory.c:174: 	z->pages_group=(struct Page*)(memory_management_struct.pages_struct+(start >>PAGE_
 4116              		.loc 3 174 17
 4117 09ca 488D1401 		leaq	(%rcx,%rax), %rdx	#, _87
 4118              	# memory.c:174: 	z->pages_group=(struct Page*)(memory_management_struct.pages_struct+(start >>PAGE_
 4119              		.loc 3 174 16
 4120 09ce 488B4590 		movq	-112(%rbp), %rax	# z, tmp479
 4121 09d2 488910   		movq	%rdx, (%rax)	# _87, z_266->pages_group
 4122              	# memory.c:177: 	p=z->pages_group;
 175:memory.c      **** 
 176:memory.c      **** 	//page init
 177:memory.c      **** 	p=z->pages_group;
 4123              		.loc 3 177 3
 4124 09d5 488B4590 		movq	-112(%rbp), %rax	# z, tmp480
 4125 09d9 488B00   		movq	(%rax), %rax	# z_266->pages_group, tmp481
 4126 09dc 488945C8 		movq	%rax, -56(%rbp)	# tmp481, p
 4127              	# memory.c:178: 	for(j=0;j<z->pages_length;j++,p++){
 178:memory.c      **** 	for(j=0;j<z->pages_length;j++,p++){
 4128              		.loc 3 178 7
 4129 09e0 C745E800 		movl	$0, -24(%rbp)	#, j
 4129      000000
 4130              	# memory.c:178: 	for(j=0;j<z->pages_length;j++,p++){
 4131              		.loc 3 178 2
 4132 09e7 E9BF0000 		jmp	.L26	#
 4132      00
 4133              	.L27:
 4134              	# memory.c:179: 		p->zone_struct=z;
 179:memory.c      **** 		p->zone_struct=z;
GAS LISTING memory.s 			page 95


 4135              		.loc 3 179 17
 4136 09ec 488B45C8 		movq	-56(%rbp), %rax	# p, tmp482
 4137 09f0 488B5590 		movq	-112(%rbp), %rdx	# z, tmp483
 4138 09f4 488910   		movq	%rdx, (%rax)	# tmp483, p_190->zone_struct
 4139              	# memory.c:180: 		p->PHY_address=start+PAGE_2M_SIZE*j;
 180:memory.c      **** 		p->PHY_address=start+PAGE_2M_SIZE*j;
 4140              		.loc 3 180 36
 4141 09f7 8B45E8   		movl	-24(%rbp), %eax	# j, tmp484
 4142 09fa 4898     		cltq
 4143 09fc 48C1E015 		salq	$21, %rax	#, _88
 4144 0a00 4889C2   		movq	%rax, %rdx	# _88, _89
 4145              	# memory.c:180: 		p->PHY_address=start+PAGE_2M_SIZE*j;
 4146              		.loc 3 180 23
 4147 0a03 488B45A0 		movq	-96(%rbp), %rax	# start, tmp485
 4148 0a07 4801C2   		addq	%rax, %rdx	# tmp485, _90
 4149              	# memory.c:180: 		p->PHY_address=start+PAGE_2M_SIZE*j;
 4150              		.loc 3 180 17
 4151 0a0a 488B45C8 		movq	-56(%rbp), %rax	# p, tmp486
 4152 0a0e 48895008 		movq	%rdx, 8(%rax)	# _90, p_190->PHY_address
 4153              	# memory.c:181: 		p->attribute=0;
 181:memory.c      **** 		p->attribute=0;
 4154              		.loc 3 181 15
 4155 0a12 488B45C8 		movq	-56(%rbp), %rax	# p, tmp487
 4156 0a16 48C74010 		movq	$0, 16(%rax)	#, p_190->attribute
 4156      00000000 
 4157              	# memory.c:182: 		p->reference_count=0;
 182:memory.c      **** 		p->reference_count=0;
 4158              		.loc 3 182 21
 4159 0a1e 488B45C8 		movq	-56(%rbp), %rax	# p, tmp488
 4160 0a22 48C74018 		movq	$0, 24(%rax)	#, p_190->reference_count
 4160      00000000 
 4161              	# memory.c:183: 		p->age=0;
 183:memory.c      **** 		p->age=0;
 4162              		.loc 3 183 9
 4163 0a2a 488B45C8 		movq	-56(%rbp), %rax	# p, tmp489
 4164 0a2e 48C74020 		movq	$0, 32(%rax)	#, p_190->age
 4164      00000000 
 4165              	# memory.c:231: 		*(memory_management_struct.bits_map+((p->PHY_address>>PAGE_2M_SHIFT)>>6))^=1UL <<
 184:memory.c      **** 
 185:memory.c      **** /*Step 1: Calculate the page number(page_number)
 186:memory.c      **** c
 187:memory.c      **** unsigned long page_number = p->PHY_address >> PAGE_2M_SHIFT;
 188:memory.c      **** The physical address is shifted 21 bits to the right (since 2MB = 2^21 bytes)
 189:memory.c      **** 
 190:memory.c      **** Obtain the index number of the page in the global context
 191:memory.c      **** Step 2: Calculate the bitmap array index (word_index)
 192:memory.c      **** c
 193:memory.c      **** unsigned long word_index = page_number >> 6;  // Equivalent to page_number / 64
 194:memory.c      **** Each unsigned long has 64 bits (for 64-bit systems)
 195:memory.c      **** An unsigned long can manage 64 pages.
 196:memory.c      **** Step 3: Calculate bit offset（bit_offset）
 197:memory.c      **** c
 198:memory.c      **** unsigned long bit_offset = page_number % 64;
 199:memory.c      **** The specific location of the page in the bitmap unsigned long data structure
 200:memory.c      **** example
 201:memory.c      **** 
 202:memory.c      **** text
GAS LISTING memory.s 			page 96


 203:memory.c      **** page_number = 129
 204:memory.c      **** bit_offset = 129 % 64 = 1 (First place, counting from 0)
 205:memory.c      **** 
 206:memory.c      **** Step 4: Construct the bit mask and perform the XOR operation
 207:memory.c      **** c
 208:memory.c      **** 1UL << bit_offset  // Create a mask where only the bit at the position of bit_offset is set to 1.
 209:memory.c      **** ^=                 // Exclusive OR operation, flipping the designated bit position
 210:memory.c      **** Complete calculation process:
 211:memory.c      **** 
 212:memory.c      **** text
 213:memory.c      **** assume：
 214:memory.c      **** bits_map address = 0x12346000
 215:memory.c      **** page_number = 129
 216:memory.c      **** 
 217:memory.c      **** caculate ：
 218:memory.c      **** 1. word_index = 129 >> 6 = 2
 219:memory.c      **** 2. Bitmap position = bits_map + 2 = 0x12346000 + 2*8 = 0x12346010
 220:memory.c      **** 3. bit_offset = 129 % 64 = 1
 221:memory.c      **** 4. mask = 1UL << 1 = 0x2 (二进制 10)
 222:memory.c      **** 5. Exclusive OR operation：bits_map[2] ^= 0x2
 223:memory.c      **** 
 224:memory.c      **** 4. Why use the exclusive OR operation ( ^= )? Background:
 225:memory.c      **** 
 226:memory.c      **** The bitmap is initialized with all values set to 0xFF (full 1s): All pages are marked as "occupied"
 227:memory.c      **** The available pages need to be marked as "idle" (0).
 228:memory.c      **** 		 */		
 229:memory.c      **** 
 230:memory.c      **** 
 231:memory.c      **** 		*(memory_management_struct.bits_map+((p->PHY_address>>PAGE_2M_SHIFT)>>6))^=1UL <<(p->PHY_address>
 4166              		.loc 3 231 29
 4167 0a36 48B80000 		movabsq	$memory_management_struct@GOTOFF, %rax	#, tmp490
 4167      00000000 
 4167      0000
 4168 0a40 488B9403 		movq	648(%rbx,%rax), %rdx	# memory_management_struct.bits_map, _91
 4168      88020000 
 4169              	# memory.c:231: 		*(memory_management_struct.bits_map+((p->PHY_address>>PAGE_2M_SHIFT)>>6))^=1UL <<
 4170              		.loc 3 231 42
 4171 0a48 488B45C8 		movq	-56(%rbp), %rax	# p, tmp491
 4172 0a4c 488B4008 		movq	8(%rax), %rax	# p_190->PHY_address, _92
 4173              	# memory.c:231: 		*(memory_management_struct.bits_map+((p->PHY_address>>PAGE_2M_SHIFT)>>6))^=1UL <<
 4174              		.loc 3 231 3
 4175 0a50 48C1E81B 		shrq	$27, %rax	#, _93
 4176 0a54 48C1E003 		salq	$3, %rax	#, _94
 4177 0a58 4801D0   		addq	%rdx, %rax	# _91, _95
 4178 0a5b 488B10   		movq	(%rax), %rdx	# *_95, _96
 4179              	# memory.c:231: 		*(memory_management_struct.bits_map+((p->PHY_address>>PAGE_2M_SHIFT)>>6))^=1UL <<
 4180              		.loc 3 231 86
 4181 0a5e 488B45C8 		movq	-56(%rbp), %rax	# p, tmp492
 4182 0a62 488B4008 		movq	8(%rax), %rax	# p_190->PHY_address, _97
 4183              	# memory.c:231: 		*(memory_management_struct.bits_map+((p->PHY_address>>PAGE_2M_SHIFT)>>6))^=1UL <<
 4184              		.loc 3 231 99
 4185 0a66 48C1E815 		shrq	$21, %rax	#, _98
 4186              	# memory.c:231: 		*(memory_management_struct.bits_map+((p->PHY_address>>PAGE_2M_SHIFT)>>6))^=1UL <<
 4187              		.loc 3 231 115
 4188 0a6a 83E03F   		andl	$63, %eax	#, _100
 4189              	# memory.c:231: 		*(memory_management_struct.bits_map+((p->PHY_address>>PAGE_2M_SHIFT)>>6))^=1UL <<
 4190              		.loc 3 231 82
GAS LISTING memory.s 			page 97


 4191 0a6d BE010000 		movl	$1, %esi	#, tmp493
 4191      00
 4192 0a72 89C1     		movl	%eax, %ecx	# _100, tmp600
 4193 0a74 48D3E6   		salq	%cl, %rsi	# tmp600, _101
 4194              	# memory.c:231: 		*(memory_management_struct.bits_map+((p->PHY_address>>PAGE_2M_SHIFT)>>6))^=1UL <<
 4195              		.loc 3 231 29
 4196 0a77 48B80000 		movabsq	$memory_management_struct@GOTOFF, %rax	#, tmp494
 4196      00000000 
 4196      0000
 4197 0a81 488B8C03 		movq	648(%rbx,%rax), %rcx	# memory_management_struct.bits_map, _102
 4197      88020000 
 4198              	# memory.c:231: 		*(memory_management_struct.bits_map+((p->PHY_address>>PAGE_2M_SHIFT)>>6))^=1UL <<
 4199              		.loc 3 231 42
 4200 0a89 488B45C8 		movq	-56(%rbp), %rax	# p, tmp495
 4201 0a8d 488B4008 		movq	8(%rax), %rax	# p_190->PHY_address, _103
 4202              	# memory.c:231: 		*(memory_management_struct.bits_map+((p->PHY_address>>PAGE_2M_SHIFT)>>6))^=1UL <<
 4203              		.loc 3 231 3
 4204 0a91 48C1E81B 		shrq	$27, %rax	#, _104
 4205 0a95 48C1E003 		salq	$3, %rax	#, _105
 4206 0a99 4801C8   		addq	%rcx, %rax	# _102, _106
 4207              	# memory.c:231: 		*(memory_management_struct.bits_map+((p->PHY_address>>PAGE_2M_SHIFT)>>6))^=1UL <<
 4208              		.loc 3 231 76
 4209 0a9c 4831F2   		xorq	%rsi, %rdx	# _101, _107
 4210 0a9f 488910   		movq	%rdx, (%rax)	# _107, *_106
 4211              	# memory.c:178: 	for(j=0;j<z->pages_length;j++,p++){
 178:memory.c      **** 		p->zone_struct=z;
 4212              		.loc 3 178 29 discriminator 3
 4213 0aa2 8345E801 		addl	$1, -24(%rbp)	#, j
 4214              	# memory.c:178: 	for(j=0;j<z->pages_length;j++,p++){
 178:memory.c      **** 		p->zone_struct=z;
 4215              		.loc 3 178 33 discriminator 3
 4216 0aa6 488345C8 		addq	$40, -56(%rbp)	#, p
 4216      28
 4217              	.L26:
 4218              	# memory.c:178: 	for(j=0;j<z->pages_length;j++,p++){
 178:memory.c      **** 		p->zone_struct=z;
 4219              		.loc 3 178 11 discriminator 1
 4220 0aab 8B45E8   		movl	-24(%rbp), %eax	# j, tmp496
 4221 0aae 4863D0   		movslq	%eax, %rdx	# tmp496, _108
 4222              	# memory.c:178: 	for(j=0;j<z->pages_length;j++,p++){
 178:memory.c      **** 		p->zone_struct=z;
 4223              		.loc 3 178 13 discriminator 1
 4224 0ab1 488B4590 		movq	-112(%rbp), %rax	# z, tmp497
 4225 0ab5 488B4008 		movq	8(%rax), %rax	# z_266->pages_length, _109
 4226              	# memory.c:178: 	for(j=0;j<z->pages_length;j++,p++){
 178:memory.c      **** 		p->zone_struct=z;
 4227              		.loc 3 178 11 discriminator 1
 4228 0ab9 4839C2   		cmpq	%rax, %rdx	# _109, _108
 4229 0abc 0F822AFF 		jb	.L27	#,
 4229      FFFF
 4230 0ac2 EB04     		jmp	.L24	#
 4231              	.L38:
 4232              	# memory.c:155: 		continue;
 155:memory.c      **** 	}
 4233              		.loc 3 155 3
 4234 0ac4 90       		nop	
 4235 0ac5 EB01     		jmp	.L24	#
GAS LISTING memory.s 			page 98


 4236              	.L39:
 4237              	# memory.c:160: 		continue;
 160:memory.c      **** 	}
 4238              		.loc 3 160 3
 4239 0ac7 90       		nop	
 4240              	.L24:
 4241              	.LBE5:
 4242              	# memory.c:150: for(i=0;i<=memory_management_struct.e820_length;i++){
 150:memory.c      **** 	unsigned long start, end;
 4243              		.loc 3 150 50 discriminator 2
 4244 0ac8 8345EC01 		addl	$1, -20(%rbp)	#, i
 4245              	.L22:
 4246              	# memory.c:150: for(i=0;i<=memory_management_struct.e820_length;i++){
 150:memory.c      **** 	unsigned long start, end;
 4247              		.loc 3 150 10 discriminator 1
 4248 0acc 8B45EC   		movl	-20(%rbp), %eax	# i, tmp498
 4249 0acf 4898     		cltq
 4250              	# memory.c:150: for(i=0;i<=memory_management_struct.e820_length;i++){
 150:memory.c      **** 	unsigned long start, end;
 4251              		.loc 3 150 36 discriminator 1
 4252 0ad1 48BA0000 		movabsq	$memory_management_struct@GOTOFF, %rdx	#, tmp499
 4252      00000000 
 4252      0000
 4253 0adb 488B9413 		movq	640(%rbx,%rdx), %rdx	# memory_management_struct.e820_length, _111
 4253      80020000 
 4254              	# memory.c:150: for(i=0;i<=memory_management_struct.e820_length;i++){
 150:memory.c      **** 	unsigned long start, end;
 4255              		.loc 3 150 10 discriminator 1
 4256 0ae3 4839C2   		cmpq	%rax, %rdx	# _110, _111
 4257 0ae6 0F83E8FC 		jnb	.L28	#,
 4257      FFFF
 4258              	# memory.c:234: memory_management_struct.pages_struct->zone_struct=memory_management_struct.zones_s
 232:memory.c      **** 	}
 233:memory.c      **** }
 234:memory.c      **** memory_management_struct.pages_struct->zone_struct=memory_management_struct.zones_struct;
 4259              		.loc 3 234 25
 4260 0aec 48B80000 		movabsq	$memory_management_struct@GOTOFF, %rax	#, tmp500
 4260      00000000 
 4260      0000
 4261 0af6 488B8403 		movq	672(%rbx,%rax), %rax	# memory_management_struct.pages_struct, _112
 4261      A0020000 
 4262              	# memory.c:234: memory_management_struct.pages_struct->zone_struct=memory_management_struct.zones_s
 4263              		.loc 3 234 76
 4264 0afe 48BA0000 		movabsq	$memory_management_struct@GOTOFF, %rdx	#, tmp501
 4264      00000000 
 4264      0000
 4265 0b08 488B9413 		movq	696(%rbx,%rdx), %rdx	# memory_management_struct.zones_struct, _113
 4265      B8020000 
 4266              	# memory.c:234: memory_management_struct.pages_struct->zone_struct=memory_management_struct.zones_s
 4267              		.loc 3 234 51
 4268 0b10 488910   		movq	%rdx, (%rax)	# _113, _112->zone_struct
 4269              	# memory.c:235: memory_management_struct.pages_struct->PHY_address=0UL;
 235:memory.c      **** memory_management_struct.pages_struct->PHY_address=0UL;
 4270              		.loc 3 235 25
 4271 0b13 48B80000 		movabsq	$memory_management_struct@GOTOFF, %rax	#, tmp502
 4271      00000000 
 4271      0000
GAS LISTING memory.s 			page 99


 4272 0b1d 488B8403 		movq	672(%rbx,%rax), %rax	# memory_management_struct.pages_struct, _114
 4272      A0020000 
 4273              	# memory.c:235: memory_management_struct.pages_struct->PHY_address=0UL;
 4274              		.loc 3 235 51
 4275 0b25 48C74008 		movq	$0, 8(%rax)	#, _114->PHY_address
 4275      00000000 
 4276              	# memory.c:236: memory_management_struct.pages_struct->attribute=0;
 236:memory.c      **** memory_management_struct.pages_struct->attribute=0;
 4277              		.loc 3 236 25
 4278 0b2d 48B80000 		movabsq	$memory_management_struct@GOTOFF, %rax	#, tmp503
 4278      00000000 
 4278      0000
 4279 0b37 488B8403 		movq	672(%rbx,%rax), %rax	# memory_management_struct.pages_struct, _115
 4279      A0020000 
 4280              	# memory.c:236: memory_management_struct.pages_struct->attribute=0;
 4281              		.loc 3 236 49
 4282 0b3f 48C74010 		movq	$0, 16(%rax)	#, _115->attribute
 4282      00000000 
 4283              	# memory.c:237: memory_management_struct.pages_struct->reference_count=0;
 237:memory.c      **** memory_management_struct.pages_struct->reference_count=0;
 4284              		.loc 3 237 25
 4285 0b47 48B80000 		movabsq	$memory_management_struct@GOTOFF, %rax	#, tmp504
 4285      00000000 
 4285      0000
 4286 0b51 488B8403 		movq	672(%rbx,%rax), %rax	# memory_management_struct.pages_struct, _116
 4286      A0020000 
 4287              	# memory.c:237: memory_management_struct.pages_struct->reference_count=0;
 4288              		.loc 3 237 55
 4289 0b59 48C74018 		movq	$0, 24(%rax)	#, _116->reference_count
 4289      00000000 
 4290              	# memory.c:238: memory_management_struct.pages_struct->age=0;
 238:memory.c      **** memory_management_struct.pages_struct->age=0;
 4291              		.loc 3 238 25
 4292 0b61 48B80000 		movabsq	$memory_management_struct@GOTOFF, %rax	#, tmp505
 4292      00000000 
 4292      0000
 4293 0b6b 488B8403 		movq	672(%rbx,%rax), %rax	# memory_management_struct.pages_struct, _117
 4293      A0020000 
 4294              	# memory.c:238: memory_management_struct.pages_struct->age=0;
 4295              		.loc 3 238 43
 4296 0b73 48C74020 		movq	$0, 32(%rax)	#, _117->age
 4296      00000000 
 4297              	# memory.c:239: memory_management_struct.zones_length=(memory_management_struct.zones_size*sizeof(s
 239:memory.c      **** memory_management_struct.zones_length=(memory_management_struct.zones_size*sizeof(struct Zone)+size
 4298              		.loc 3 239 64
 4299 0b7b 48B80000 		movabsq	$memory_management_struct@GOTOFF, %rax	#, tmp506
 4299      00000000 
 4299      0000
 4300 0b85 488B9403 		movq	704(%rbx,%rax), %rdx	# memory_management_struct.zones_size, _118
 4300      C0020000 
 4301              	# memory.c:239: memory_management_struct.zones_length=(memory_management_struct.zones_size*sizeof(s
 4302              		.loc 3 239 75
 4303 0b8d 4889D0   		movq	%rdx, %rax	# _118, tmp507
 4304 0b90 48C1E002 		salq	$2, %rax	#, tmp507
 4305 0b94 4801D0   		addq	%rdx, %rax	# _118, tmp507
 4306 0b97 48C1E004 		salq	$4, %rax	#, tmp508
 4307              	# memory.c:239: memory_management_struct.zones_length=(memory_management_struct.zones_size*sizeof(s
GAS LISTING memory.s 			page 100


 4308              		.loc 3 239 108
 4309 0b9b 4883C007 		addq	$7, %rax	#, _120
 4310              	# memory.c:239: memory_management_struct.zones_length=(memory_management_struct.zones_size*sizeof(s
 4311              		.loc 3 239 111
 4312 0b9f 4883E0F8 		andq	$-8, %rax	#, _120
 4313 0ba3 4889C2   		movq	%rax, %rdx	# _120, _121
 4314              	# memory.c:239: memory_management_struct.zones_length=(memory_management_struct.zones_size*sizeof(s
 4315              		.loc 3 239 38
 4316 0ba6 48B80000 		movabsq	$memory_management_struct@GOTOFF, %rax	#, tmp509
 4316      00000000 
 4316      0000
 4317 0bb0 48899403 		movq	%rdx, 712(%rbx,%rax)	# _121, memory_management_struct.zones_length
 4317      C8020000 
 4318              	# memory.c:241: color_printk(ORANGE,BLACK,"bits_map:%#018lx,bits_size:%#018lx,bits_length:%#018lx\n
 240:memory.c      **** 
 241:memory.c      **** color_printk(ORANGE,BLACK,"bits_map:%#018lx,bits_size:%#018lx,bits_length:%#018lx\n",memory_managem
 4319              		.loc 3 241 1
 4320 0bb8 48B80000 		movabsq	$memory_management_struct@GOTOFF, %rax	#, tmp510
 4320      00000000 
 4320      0000
 4321 0bc2 488B8C03 		movq	664(%rbx,%rax), %rcx	# memory_management_struct.bits_length, _122
 4321      98020000 
 4322 0bca 48B80000 		movabsq	$memory_management_struct@GOTOFF, %rax	#, tmp511
 4322      00000000 
 4322      0000
 4323 0bd4 488B9403 		movq	656(%rbx,%rax), %rdx	# memory_management_struct.bits_size, _123
 4323      90020000 
 4324 0bdc 48B80000 		movabsq	$memory_management_struct@GOTOFF, %rax	#, tmp512
 4324      00000000 
 4324      0000
 4325 0be6 488B8403 		movq	648(%rbx,%rax), %rax	# memory_management_struct.bits_map, _124
 4325      88020000 
 4326 0bee 4989C9   		movq	%rcx, %r9	# _122,
 4327 0bf1 4989D0   		movq	%rdx, %r8	# _123,
 4328 0bf4 4889C1   		movq	%rax, %rcx	# _124,
 4329 0bf7 48B80000 		movabsq	$.LC5@GOTOFF, %rax	#, tmp514
 4329      00000000 
 4329      0000
 4330 0c01 488D0403 		leaq	(%rbx,%rax), %rax	#, tmp513
 4331 0c05 4889C2   		movq	%rax, %rdx	# tmp513,
 4332 0c08 BE000000 		movl	$0, %esi	#,
 4332      00
 4333 0c0d BF0080FF 		movl	$16744448, %edi	#,
 4333      00
 4334 0c12 4989DF   		movq	%rbx, %r15	# tmp82,
 4335 0c15 B8000000 		movl	$0, %eax	#,
 4335      00
 4336 0c1a 49BA0000 		movabsq	$color_printk@PLTOFF, %r10	#, tmp515
 4336      00000000 
 4336      0000
 4337 0c24 4901DA   		addq	%rbx, %r10	# tmp82, tmp515
 4338 0c27 41FFD2   		call	*%r10	# tmp515
 4339              	.LVL8:
 4340              	# memory.c:242: color_printk(ORANGE,BLACK,"pages_struct:%#018lx,pages_size:%#018lx,pages_length:%#0
 242:memory.c      **** color_printk(ORANGE,BLACK,"pages_struct:%#018lx,pages_size:%#018lx,pages_length:%#018lx\n",memory_m
 4341              		.loc 3 242 1
 4342 0c2a 48B80000 		movabsq	$memory_management_struct@GOTOFF, %rax	#, tmp516
GAS LISTING memory.s 			page 101


 4342      00000000 
 4342      0000
 4343 0c34 488B8C03 		movq	688(%rbx,%rax), %rcx	# memory_management_struct.pages_length, _125
 4343      B0020000 
 4344 0c3c 48B80000 		movabsq	$memory_management_struct@GOTOFF, %rax	#, tmp517
 4344      00000000 
 4344      0000
 4345 0c46 488B9403 		movq	680(%rbx,%rax), %rdx	# memory_management_struct.pages_size, _126
 4345      A8020000 
 4346 0c4e 48B80000 		movabsq	$memory_management_struct@GOTOFF, %rax	#, tmp518
 4346      00000000 
 4346      0000
 4347 0c58 488B8403 		movq	672(%rbx,%rax), %rax	# memory_management_struct.pages_struct, _127
 4347      A0020000 
 4348 0c60 4989C9   		movq	%rcx, %r9	# _125,
 4349 0c63 4989D0   		movq	%rdx, %r8	# _126,
 4350 0c66 4889C1   		movq	%rax, %rcx	# _127,
 4351 0c69 48B80000 		movabsq	$.LC6@GOTOFF, %rax	#, tmp520
 4351      00000000 
 4351      0000
 4352 0c73 488D0403 		leaq	(%rbx,%rax), %rax	#, tmp519
 4353 0c77 4889C2   		movq	%rax, %rdx	# tmp519,
 4354 0c7a BE000000 		movl	$0, %esi	#,
 4354      00
 4355 0c7f BF0080FF 		movl	$16744448, %edi	#,
 4355      00
 4356 0c84 4989DF   		movq	%rbx, %r15	# tmp82,
 4357 0c87 B8000000 		movl	$0, %eax	#,
 4357      00
 4358 0c8c 49BA0000 		movabsq	$color_printk@PLTOFF, %r10	#, tmp521
 4358      00000000 
 4358      0000
 4359 0c96 4901DA   		addq	%rbx, %r10	# tmp82, tmp521
 4360 0c99 41FFD2   		call	*%r10	# tmp521
 4361              	.LVL9:
 4362              	# memory.c:243: color_printk(ORANGE,BLACK,"zones_struct:%#018lx,zones_size:%#018lx,zones_length:%#0
 243:memory.c      **** color_printk(ORANGE,BLACK,"zones_struct:%#018lx,zones_size:%#018lx,zones_length:%#018lx\n",memory_m
 4363              		.loc 3 243 1
 4364 0c9c 48B80000 		movabsq	$memory_management_struct@GOTOFF, %rax	#, tmp522
 4364      00000000 
 4364      0000
 4365 0ca6 488B8C03 		movq	712(%rbx,%rax), %rcx	# memory_management_struct.zones_length, _128
 4365      C8020000 
 4366 0cae 48B80000 		movabsq	$memory_management_struct@GOTOFF, %rax	#, tmp523
 4366      00000000 
 4366      0000
 4367 0cb8 488B9403 		movq	704(%rbx,%rax), %rdx	# memory_management_struct.zones_size, _129
 4367      C0020000 
 4368 0cc0 48B80000 		movabsq	$memory_management_struct@GOTOFF, %rax	#, tmp524
 4368      00000000 
 4368      0000
 4369 0cca 488B8403 		movq	696(%rbx,%rax), %rax	# memory_management_struct.zones_struct, _130
 4369      B8020000 
 4370 0cd2 4989C9   		movq	%rcx, %r9	# _128,
 4371 0cd5 4989D0   		movq	%rdx, %r8	# _129,
 4372 0cd8 4889C1   		movq	%rax, %rcx	# _130,
 4373 0cdb 48B80000 		movabsq	$.LC7@GOTOFF, %rax	#, tmp526
GAS LISTING memory.s 			page 102


 4373      00000000 
 4373      0000
 4374 0ce5 488D0403 		leaq	(%rbx,%rax), %rax	#, tmp525
 4375 0ce9 4889C2   		movq	%rax, %rdx	# tmp525,
 4376 0cec BE000000 		movl	$0, %esi	#,
 4376      00
 4377 0cf1 BF0080FF 		movl	$16744448, %edi	#,
 4377      00
 4378 0cf6 4989DF   		movq	%rbx, %r15	# tmp82,
 4379 0cf9 B8000000 		movl	$0, %eax	#,
 4379      00
 4380 0cfe 49BA0000 		movabsq	$color_printk@PLTOFF, %r10	#, tmp527
 4380      00000000 
 4380      0000
 4381 0d08 4901DA   		addq	%rbx, %r10	# tmp82, tmp527
 4382 0d0b 41FFD2   		call	*%r10	# tmp527
 4383              	.LVL10:
 4384              	# memory.c:246: for(i=0;i<memory_management_struct.zones_size;i++){
 244:memory.c      **** 
 245:memory.c      **** //need rewirte in the future
 246:memory.c      **** for(i=0;i<memory_management_struct.zones_size;i++){
 4385              		.loc 3 246 6
 4386 0d0e C745EC00 		movl	$0, -20(%rbp)	#, i
 4386      000000
 4387              	# memory.c:246: for(i=0;i<memory_management_struct.zones_size;i++){
 4388              		.loc 3 246 1
 4389 0d15 E9C10000 		jmp	.L29	#
 4389      00
 4390              	.L31:
 4391              	.LBB6:
 4392              	# memory.c:247: 	struct Zone *z=memory_management_struct.zones_struct+i;
 247:memory.c      **** 	struct Zone *z=memory_management_struct.zones_struct+i;
 4393              		.loc 3 247 41
 4394 0d1a 48B80000 		movabsq	$memory_management_struct@GOTOFF, %rax	#, tmp528
 4394      00000000 
 4394      0000
 4395 0d24 488B8C03 		movq	696(%rbx,%rax), %rcx	# memory_management_struct.zones_struct, _131
 4395      B8020000 
 4396              	# memory.c:247: 	struct Zone *z=memory_management_struct.zones_struct+i;
 4397              		.loc 3 247 54
 4398 0d2c 8B45EC   		movl	-20(%rbp), %eax	# i, tmp529
 4399 0d2f 4863D0   		movslq	%eax, %rdx	# tmp529, _132
 4400 0d32 4889D0   		movq	%rdx, %rax	# _132, tmp530
 4401 0d35 48C1E002 		salq	$2, %rax	#, tmp530
 4402 0d39 4801D0   		addq	%rdx, %rax	# _132, tmp530
 4403 0d3c 48C1E004 		salq	$4, %rax	#, tmp531
 4404              	# memory.c:247: 	struct Zone *z=memory_management_struct.zones_struct+i;
 4405              		.loc 3 247 15
 4406 0d40 4801C8   		addq	%rcx, %rax	# _131, tmp532
 4407 0d43 488945A8 		movq	%rax, -88(%rbp)	# tmp532, z
 4408              	# memory.c:248: 	color_printk(ORANGE,BLACK,"zone_start_address:%#018lx,zone_end_address:%#018lx,zon
 248:memory.c      **** 	color_printk(ORANGE,BLACK,"zone_start_address:%#018lx,zone_end_address:%#018lx,zone_length:%#018lx
 4409              		.loc 3 248 2
 4410 0d47 488B45A8 		movq	-88(%rbp), %rax	# z, tmp533
 4411 0d4b 488B4808 		movq	8(%rax), %rcx	# z_260->pages_length, _134
 4412 0d4f 488B45A8 		movq	-88(%rbp), %rax	# z, tmp534
 4413 0d53 488B10   		movq	(%rax), %rdx	# z_260->pages_group, _135
GAS LISTING memory.s 			page 103


 4414 0d56 488B45A8 		movq	-88(%rbp), %rax	# z, tmp535
 4415 0d5a 488B7820 		movq	32(%rax), %rdi	# z_260->zone_length, _136
 4416 0d5e 488B45A8 		movq	-88(%rbp), %rax	# z, tmp536
 4417 0d62 488B7018 		movq	24(%rax), %rsi	# z_260->zone_end_address, _137
 4418 0d66 488B45A8 		movq	-88(%rbp), %rax	# z, tmp537
 4419 0d6a 488B4010 		movq	16(%rax), %rax	# z_260->zone_start_address, _138
 4420 0d6e 51       		pushq	%rcx	# _134
 4421 0d6f 52       		pushq	%rdx	# _135
 4422 0d70 4989F9   		movq	%rdi, %r9	# _136,
 4423 0d73 4989F0   		movq	%rsi, %r8	# _137,
 4424 0d76 4889C1   		movq	%rax, %rcx	# _138,
 4425 0d79 48B80000 		movabsq	$.LC8@GOTOFF, %rax	#, tmp539
 4425      00000000 
 4425      0000
 4426 0d83 488D0403 		leaq	(%rbx,%rax), %rax	#, tmp538
 4427 0d87 4889C2   		movq	%rax, %rdx	# tmp538,
 4428 0d8a BE000000 		movl	$0, %esi	#,
 4428      00
 4429 0d8f BF0080FF 		movl	$16744448, %edi	#,
 4429      00
 4430 0d94 4989DF   		movq	%rbx, %r15	# tmp82,
 4431 0d97 B8000000 		movl	$0, %eax	#,
 4431      00
 4432 0d9c 49BA0000 		movabsq	$color_printk@PLTOFF, %r10	#, tmp540
 4432      00000000 
 4432      0000
 4433 0da6 4901DA   		addq	%rbx, %r10	# tmp82, tmp540
 4434 0da9 41FFD2   		call	*%r10	# tmp540
 4435              	.LVL11:
 4436 0dac 4883C410 		addq	$16, %rsp	#,
 4437              	# memory.c:250: 	if(z->zone_start_address==0x100000000){
 249:memory.c      **** 
 250:memory.c      **** 	if(z->zone_start_address==0x100000000){
 4438              		.loc 3 250 6
 4439 0db0 488B45A8 		movq	-88(%rbp), %rax	# z, tmp541
 4440 0db4 488B5010 		movq	16(%rax), %rdx	# z_260->zone_start_address, _139
 4441              	# memory.c:250: 	if(z->zone_start_address==0x100000000){
 4442              		.loc 3 250 4
 4443 0db8 48B80000 		movabsq	$4294967296, %rax	#, tmp542
 4443      00000100 
 4443      0000
 4444 0dc2 4839C2   		cmpq	%rax, %rdx	# tmp542, _139
 4445 0dc5 7510     		jne	.L30	#,
 4446              	# memory.c:251: 		ZONE_UNMAPED_INDEX=i;
 251:memory.c      **** 		ZONE_UNMAPED_INDEX=i;
 4447              		.loc 3 251 21
 4448 0dc7 48BA0000 		movabsq	$ZONE_UNMAPED_INDEX@GOTOFF, %rdx	#, tmp543
 4448      00000000 
 4448      0000
 4449 0dd1 8B45EC   		movl	-20(%rbp), %eax	# i, tmp544
 4450 0dd4 890413   		movl	%eax, (%rbx,%rdx)	# tmp544, ZONE_UNMAPED_INDEX
 4451              	.L30:
 4452              	.LBE6:
 4453              	# memory.c:246: for(i=0;i<memory_management_struct.zones_size;i++){
 246:memory.c      **** 	struct Zone *z=memory_management_struct.zones_struct+i;
 4454              		.loc 3 246 48 discriminator 2
 4455 0dd7 8345EC01 		addl	$1, -20(%rbp)	#, i
GAS LISTING memory.s 			page 104


 4456              	.L29:
 4457              	# memory.c:246: for(i=0;i<memory_management_struct.zones_size;i++){
 246:memory.c      **** 	struct Zone *z=memory_management_struct.zones_struct+i;
 4458              		.loc 3 246 10 discriminator 1
 4459 0ddb 8B45EC   		movl	-20(%rbp), %eax	# i, tmp545
 4460 0dde 4863D0   		movslq	%eax, %rdx	# tmp545, _140
 4461              	# memory.c:246: for(i=0;i<memory_management_struct.zones_size;i++){
 246:memory.c      **** 	struct Zone *z=memory_management_struct.zones_struct+i;
 4462              		.loc 3 246 35 discriminator 1
 4463 0de1 48B80000 		movabsq	$memory_management_struct@GOTOFF, %rax	#, tmp546
 4463      00000000 
 4463      0000
 4464 0deb 488B8403 		movq	704(%rbx,%rax), %rax	# memory_management_struct.zones_size, _141
 4464      C0020000 
 4465              	# memory.c:246: for(i=0;i<memory_management_struct.zones_size;i++){
 246:memory.c      **** 	struct Zone *z=memory_management_struct.zones_struct+i;
 4466              		.loc 3 246 10 discriminator 1
 4467 0df3 4839C2   		cmpq	%rax, %rdx	# _141, _140
 4468 0df6 0F821EFF 		jb	.L31	#,
 4468      FFFF
 4469              	# memory.c:259: 	memory_management_struct.end_of_struct=(unsigned long)((unsigned long)memory_manag
 252:memory.c      **** 	}
 253:memory.c      **** 	}
 254:memory.c      **** 	//Reserve some space to prevent unauthorized access:+ sizeof(long) * 32.
 255:memory.c      **** 	/*
 256:memory.c      **** 	Align downward to the "long" boundary & (~(sizeof(long) - 1))
 257:memory.c      **** 	Make sure the address is a multiple of sizeof(long) 64-bit system: 8-byte alignment
 258:memory.c      **** 	 */
 259:memory.c      **** 	memory_management_struct.end_of_struct=(unsigned long)((unsigned long)memory_management_struct.zon
 4470              		.loc 3 259 96
 4471 0dfc 48B80000 		movabsq	$memory_management_struct@GOTOFF, %rax	#, tmp547
 4471      00000000 
 4471      0000
 4472 0e06 488B8403 		movq	696(%rbx,%rax), %rax	# memory_management_struct.zones_struct, _142
 4472      B8020000 
 4473              	# memory.c:259: 	memory_management_struct.end_of_struct=(unsigned long)((unsigned long)memory_manag
 4474              		.loc 3 259 57
 4475 0e0e 4889C2   		movq	%rax, %rdx	# _142, _143
 4476              	# memory.c:259: 	memory_management_struct.end_of_struct=(unsigned long)((unsigned long)memory_manag
 4477              		.loc 3 259 134
 4478 0e11 48B80000 		movabsq	$memory_management_struct@GOTOFF, %rax	#, tmp548
 4478      00000000 
 4478      0000
 4479 0e1b 488B8403 		movq	712(%rbx,%rax), %rax	# memory_management_struct.zones_length, _144
 4479      C8020000 
 4480              	# memory.c:259: 	memory_management_struct.end_of_struct=(unsigned long)((unsigned long)memory_manag
 4481              		.loc 3 259 109
 4482 0e23 4801D0   		addq	%rdx, %rax	# _143, _145
 4483              	# memory.c:259: 	memory_management_struct.end_of_struct=(unsigned long)((unsigned long)memory_manag
 4484              		.loc 3 259 41
 4485 0e26 48050001 		addq	$256, %rax	#, _146
 4485      0000
 4486              	# memory.c:259: 	memory_management_struct.end_of_struct=(unsigned long)((unsigned long)memory_manag
 4487              		.loc 3 259 164
 4488 0e2c 4883E0F8 		andq	$-8, %rax	#, _146
 4489 0e30 4889C2   		movq	%rax, %rdx	# _146, _147
 4490              	# memory.c:259: 	memory_management_struct.end_of_struct=(unsigned long)((unsigned long)memory_manag
GAS LISTING memory.s 			page 105


 4491              		.loc 3 259 40
 4492 0e33 48B80000 		movabsq	$memory_management_struct@GOTOFF, %rax	#, tmp549
 4492      00000000 
 4492      0000
 4493 0e3d 48899403 		movq	%rdx, 752(%rbx,%rax)	# _147, memory_management_struct.end_of_struct
 4493      F0020000 
 4494              	# memory.c:278: 	color_printk(ORANGE,BLACK,"start_code:%#018lx,end_code:%#018lx,end_data:%#018lx,en
 260:memory.c      **** 	/*
 261:memory.c      **** 	// Assume a 64-bit system (with 8-byte alignment)
 262:memory.c      **** Memory layoutMemory layout：
 263:memory.c      **** 
 264:memory.c      **** 0x1000000000 ┌────────────────────┐ ← Physical memory
 265:memory.c      ****              │Kernel code and data│
 266:memory.c      ****              ├────────────────────┤
 267:memory.c      ****              │    bits_map        │
 268:memory.c      **** 0x1000100000 ├────────────────────┤ ← bits_map
 269:memory.c      ****              │Page Struct array   │
 270:memory.c      **** 0x1000180000 ├────────────────────┤ ← pages_struct
 271:memory.c      ****              │Zone Struct array   │
 272:memory.c      **** 0x10001A0000 ├────────────────────┤ ← zones_struct
 273:memory.c      ****              │  Reserved space    │ ← +32*8=256字节
 274:memory.c      **** 0x10001A0100 ├────────────────────┤ ← end_of_struct (
 275:memory.c      ****              │Available memory area│ ← From here, physical memory allocation begins.
 276:memory.c      ****              └────────────────────┘
 277:memory.c      **** 	 */
 278:memory.c      **** 	color_printk(ORANGE,BLACK,"start_code:%#018lx,end_code:%#018lx,end_data:%#018lx,end_brk:%#018lx,en
 4495              		.loc 3 278 2
 4496 0e45 48B80000 		movabsq	$memory_management_struct@GOTOFF, %rax	#, tmp550
 4496      00000000 
 4496      0000
 4497 0e4f 488B8C03 		movq	752(%rbx,%rax), %rcx	# memory_management_struct.end_of_struct, _148
 4497      F0020000 
 4498 0e57 48B80000 		movabsq	$memory_management_struct@GOTOFF, %rax	#, tmp551
 4498      00000000 
 4498      0000
 4499 0e61 488B9403 		movq	744(%rbx,%rax), %rdx	# memory_management_struct.end_brk, _149
 4499      E8020000 
 4500 0e69 48B80000 		movabsq	$memory_management_struct@GOTOFF, %rax	#, tmp552
 4500      00000000 
 4500      0000
 4501 0e73 488BBC03 		movq	736(%rbx,%rax), %rdi	# memory_management_struct.end_data, _150
 4501      E0020000 
 4502 0e7b 48B80000 		movabsq	$memory_management_struct@GOTOFF, %rax	#, tmp553
 4502      00000000 
 4502      0000
 4503 0e85 488BB403 		movq	728(%rbx,%rax), %rsi	# memory_management_struct.end_code, _151
 4503      D8020000 
 4504 0e8d 48B80000 		movabsq	$memory_management_struct@GOTOFF, %rax	#, tmp554
 4504      00000000 
 4504      0000
 4505 0e97 488B8403 		movq	720(%rbx,%rax), %rax	# memory_management_struct.start_code, _152
 4505      D0020000 
 4506 0e9f 51       		pushq	%rcx	# _148
 4507 0ea0 52       		pushq	%rdx	# _149
 4508 0ea1 4989F9   		movq	%rdi, %r9	# _150,
 4509 0ea4 4989F0   		movq	%rsi, %r8	# _151,
 4510 0ea7 4889C1   		movq	%rax, %rcx	# _152,
GAS LISTING memory.s 			page 106


 4511 0eaa 48B80000 		movabsq	$.LC9@GOTOFF, %rax	#, tmp556
 4511      00000000 
 4511      0000
 4512 0eb4 488D0403 		leaq	(%rbx,%rax), %rax	#, tmp555
 4513 0eb8 4889C2   		movq	%rax, %rdx	# tmp555,
 4514 0ebb BE000000 		movl	$0, %esi	#,
 4514      00
 4515 0ec0 BF0080FF 		movl	$16744448, %edi	#,
 4515      00
 4516 0ec5 4989DF   		movq	%rbx, %r15	# tmp82,
 4517 0ec8 B8000000 		movl	$0, %eax	#,
 4517      00
 4518 0ecd 49BA0000 		movabsq	$color_printk@PLTOFF, %r10	#, tmp557
 4518      00000000 
 4518      0000
 4519 0ed7 4901DA   		addq	%rbx, %r10	# tmp82, tmp557
 4520 0eda 41FFD2   		call	*%r10	# tmp557
 4521              	.LVL12:
 4522 0edd 4883C410 		addq	$16, %rsp	#,
 4523              	# memory.c:279: 	i=Virt_To_Phy(memory_management_struct.end_of_struct)>>PAGE_2M_SHIFT;
 279:memory.c      **** 	i=Virt_To_Phy(memory_management_struct.end_of_struct)>>PAGE_2M_SHIFT;
 4524              		.loc 3 279 4
 4525 0ee1 48B80000 		movabsq	$memory_management_struct@GOTOFF, %rax	#, tmp558
 4525      00000000 
 4525      0000
 4526 0eeb 488B8403 		movq	752(%rbx,%rax), %rax	# memory_management_struct.end_of_struct, _153
 4526      F0020000 
 4527 0ef3 48BA0000 		movabsq	$140737488355328, %rdx	#, tmp559
 4527      00000080 
 4527      0000
 4528 0efd 4801D0   		addq	%rdx, %rax	# tmp559, _154
 4529              	# memory.c:279: 	i=Virt_To_Phy(memory_management_struct.end_of_struct)>>PAGE_2M_SHIFT;
 4530              		.loc 3 279 55
 4531 0f00 48C1E815 		shrq	$21, %rax	#, _155
 4532              	# memory.c:279: 	i=Virt_To_Phy(memory_management_struct.end_of_struct)>>PAGE_2M_SHIFT;
 4533              		.loc 3 279 3
 4534 0f04 8945EC   		movl	%eax, -20(%rbp)	# _155, i
 4535              	# memory.c:280: 	for(j=0;j<=i;j++){
 280:memory.c      **** 	for(j=0;j<=i;j++){
 4536              		.loc 3 280 7
 4537 0f07 C745E800 		movl	$0, -24(%rbp)	#, j
 4537      000000
 4538              	# memory.c:280: 	for(j=0;j<=i;j++){
 4539              		.loc 3 280 2
 4540 0f0e EB45     		jmp	.L32	#
 4541              	.L33:
 4542              	# memory.c:281: 		page_init(memory_management_struct.pages_struct+j,PG_PTable_Maped|PG_Kernel_Init|
 281:memory.c      **** 		page_init(memory_management_struct.pages_struct+j,PG_PTable_Maped|PG_Kernel_Init|PG_Active|PG_Ker
 4543              		.loc 3 281 37
 4544 0f10 48B80000 		movabsq	$memory_management_struct@GOTOFF, %rax	#, tmp560
 4544      00000000 
 4544      0000
 4545 0f1a 488B8C03 		movq	672(%rbx,%rax), %rcx	# memory_management_struct.pages_struct, _156
 4545      A0020000 
 4546              	# memory.c:281: 		page_init(memory_management_struct.pages_struct+j,PG_PTable_Maped|PG_Kernel_Init|
 4547              		.loc 3 281 50
 4548 0f22 8B45E8   		movl	-24(%rbp), %eax	# j, tmp561
GAS LISTING memory.s 			page 107


 4549 0f25 4863D0   		movslq	%eax, %rdx	# tmp561, _157
 4550 0f28 4889D0   		movq	%rdx, %rax	# _157, tmp562
 4551 0f2b 48C1E002 		salq	$2, %rax	#, tmp562
 4552 0f2f 4801D0   		addq	%rdx, %rax	# _157, tmp562
 4553 0f32 48C1E003 		salq	$3, %rax	#, tmp563
 4554              	# memory.c:281: 		page_init(memory_management_struct.pages_struct+j,PG_PTable_Maped|PG_Kernel_Init|
 4555              		.loc 3 281 3
 4556 0f36 4801C8   		addq	%rcx, %rax	# _156, _159
 4557 0f39 BE930000 		movl	$147, %esi	#,
 4557      00
 4558 0f3e 4889C7   		movq	%rax, %rdi	# _159,
 4559 0f41 48B80000 		movabsq	$page_init@GOTOFF, %rax	#, tmp565
 4559      00000000 
 4559      0000
 4560 0f4b 488D0403 		leaq	(%rbx,%rax), %rax	#, tmp564
 4561 0f4f FFD0     		call	*%rax	# tmp564
 4562              	.LVL13:
 4563              	# memory.c:280: 	for(j=0;j<=i;j++){
 280:memory.c      **** 	for(j=0;j<=i;j++){
 4564              		.loc 3 280 16 discriminator 3
 4565 0f51 8345E801 		addl	$1, -24(%rbp)	#, j
 4566              	.L32:
 4567              	# memory.c:280: 	for(j=0;j<=i;j++){
 280:memory.c      **** 	for(j=0;j<=i;j++){
 4568              		.loc 3 280 11 discriminator 1
 4569 0f55 8B45E8   		movl	-24(%rbp), %eax	# j, tmp566
 4570 0f58 3B45EC   		cmpl	-20(%rbp), %eax	# i, tmp566
 4571 0f5b 7EB3     		jle	.L33	#,
 4572              	# memory.c:284: 	unsigned long Global_CR3=Get_gdt();
 282:memory.c      **** 
 283:memory.c      **** 	}
 284:memory.c      **** 	unsigned long Global_CR3=Get_gdt();
 4573              		.loc 3 284 27
 4574 0f5d B8000000 		movl	$0, %eax	#,
 4574      00
 4575 0f62 48BA0000 		movabsq	$Get_gdt@GOTOFF, %rdx	#, tmp568
 4575      00000000 
 4575      0000
 4576 0f6c 488D1413 		leaq	(%rbx,%rdx), %rdx	#, tmp567
 4577 0f70 FFD2     		call	*%rdx	# tmp567
 4578              	.LVL14:
 4579              	# memory.c:284: 	unsigned long Global_CR3=Get_gdt();
 4580              		.loc 3 284 16 discriminator 1
 4581 0f72 488945B8 		movq	%rax, -72(%rbp)	# _160, Global_CR3
 4582              	# memory.c:285: 	color_printk(INDIGO,BLACK,"Global_CR3\t:%#018lx\n",Global_CR3);
 285:memory.c      **** 	color_printk(INDIGO,BLACK,"Global_CR3\t:%#018lx\n",Global_CR3);
 4583              		.loc 3 285 2
 4584 0f76 488B45B8 		movq	-72(%rbp), %rax	# Global_CR3, tmp569
 4585 0f7a 4889C1   		movq	%rax, %rcx	# tmp569,
 4586 0f7d 48B80000 		movabsq	$.LC10@GOTOFF, %rax	#, tmp571
 4586      00000000 
 4586      0000
 4587 0f87 488D0403 		leaq	(%rbx,%rax), %rax	#, tmp570
 4588 0f8b 4889C2   		movq	%rax, %rdx	# tmp570,
 4589 0f8e BE000000 		movl	$0, %esi	#,
 4589      00
 4590 0f93 BFFFFF00 		movl	$65535, %edi	#,
GAS LISTING memory.s 			page 108


 4590      00
 4591 0f98 4989DF   		movq	%rbx, %r15	# tmp82,
 4592 0f9b B8000000 		movl	$0, %eax	#,
 4592      00
 4593 0fa0 49B80000 		movabsq	$color_printk@PLTOFF, %r8	#, tmp572
 4593      00000000 
 4593      0000
 4594 0faa 4901D8   		addq	%rbx, %r8	# tmp82, tmp572
 4595 0fad 41FFD0   		call	*%r8	# tmp572
 4596              	.LVL15:
 4597              	# memory.c:286: 	color_printk(INDIGO,BLACK,"*Global_CR3\t:%#018lx\n",*Phy_To_Virt(Global_CR3));
 286:memory.c      **** 	color_printk(INDIGO,BLACK,"*Global_CR3\t:%#018lx\n",*Phy_To_Virt(Global_CR3));
 4598              		.loc 3 286 55
 4599 0fb0 48BA0000 		movabsq	$-140737488355328, %rdx	#, tmp573
 4599      00000080 
 4599      FFFF
 4600 0fba 488B45B8 		movq	-72(%rbp), %rax	# Global_CR3, tmp574
 4601 0fbe 4801D0   		addq	%rdx, %rax	# tmp573, _161
 4602              	# memory.c:286: 	color_printk(INDIGO,BLACK,"*Global_CR3\t:%#018lx\n",*Phy_To_Virt(Global_CR3));
 4603              		.loc 3 286 2
 4604 0fc1 488B00   		movq	(%rax), %rax	# *_162, _163
 4605 0fc4 4889C1   		movq	%rax, %rcx	# _163,
 4606 0fc7 48B80000 		movabsq	$.LC11@GOTOFF, %rax	#, tmp576
 4606      00000000 
 4606      0000
 4607 0fd1 488D0403 		leaq	(%rbx,%rax), %rax	#, tmp575
 4608 0fd5 4889C2   		movq	%rax, %rdx	# tmp575,
 4609 0fd8 BE000000 		movl	$0, %esi	#,
 4609      00
 4610 0fdd BFFFFF00 		movl	$65535, %edi	#,
 4610      00
 4611 0fe2 4989DF   		movq	%rbx, %r15	# tmp82,
 4612 0fe5 B8000000 		movl	$0, %eax	#,
 4612      00
 4613 0fea 49B80000 		movabsq	$color_printk@PLTOFF, %r8	#, tmp577
 4613      00000000 
 4613      0000
 4614 0ff4 4901D8   		addq	%rbx, %r8	# tmp82, tmp577
 4615 0ff7 41FFD0   		call	*%r8	# tmp577
 4616              	.LVL16:
 4617              	# memory.c:287: 	color_printk(INDIGO,BLACK,"**Global_CR3\t:%#018lx\n",*Phy_To_Virt(*Phy_To_Virt(Glo
 287:memory.c      **** 	color_printk(INDIGO,BLACK,"**Global_CR3\t:%#018lx\n",*Phy_To_Virt(*Phy_To_Virt(Global_CR3)&(~0xff)
 4618              		.loc 3 287 56
 4619 0ffa 48BA0000 		movabsq	$-140737488355328, %rdx	#, tmp578
 4619      00000080 
 4619      FFFF
 4620 1004 488B45B8 		movq	-72(%rbp), %rax	# Global_CR3, tmp579
 4621 1008 4801D0   		addq	%rdx, %rax	# tmp578, _164
 4622 100b 488B00   		movq	(%rax), %rax	# *_165, _166
 4623 100e B000     		movb	$0, %al	#, _166
 4624 1010 4889C2   		movq	%rax, %rdx	# _166, _167
 4625 1013 48B80000 		movabsq	$-140737488355328, %rax	#, tmp580
 4625      00000080 
 4625      FFFF
 4626 101d 4801D0   		addq	%rdx, %rax	# _167, _168
 4627              	# memory.c:287: 	color_printk(INDIGO,BLACK,"**Global_CR3\t:%#018lx\n",*Phy_To_Virt(*Phy_To_Virt(Glo
 4628              		.loc 3 287 55
GAS LISTING memory.s 			page 109


 4629 1020 488B00   		movq	(%rax), %rax	# *_169, _170
 4630              	# memory.c:287: 	color_printk(INDIGO,BLACK,"**Global_CR3\t:%#018lx\n",*Phy_To_Virt(*Phy_To_Virt(Glo
 4631              		.loc 3 287 2
 4632 1023 B000     		movb	$0, %al	#, _171
 4633 1025 4889C1   		movq	%rax, %rcx	# _171,
 4634 1028 48B80000 		movabsq	$.LC12@GOTOFF, %rax	#, tmp582
 4634      00000000 
 4634      0000
 4635 1032 488D0403 		leaq	(%rbx,%rax), %rax	#, tmp581
 4636 1036 4889C2   		movq	%rax, %rdx	# tmp581,
 4637 1039 BE000000 		movl	$0, %esi	#,
 4637      00
 4638 103e BFFFFF00 		movl	$65535, %edi	#,
 4638      00
 4639 1043 4989DF   		movq	%rbx, %r15	# tmp82,
 4640 1046 B8000000 		movl	$0, %eax	#,
 4640      00
 4641 104b 49B80000 		movabsq	$color_printk@PLTOFF, %r8	#, tmp583
 4641      00000000 
 4641      0000
 4642 1055 4901D8   		addq	%rbx, %r8	# tmp82, tmp583
 4643 1058 41FFD0   		call	*%r8	# tmp583
 4644              	.LVL17:
 4645              	# memory.c:288: 	for(i=0;i<10;i++){
 288:memory.c      **** 	for(i=0;i<10;i++){
 4646              		.loc 3 288 7
 4647 105b C745EC00 		movl	$0, -20(%rbp)	#, i
 4647      000000
 4648              	# memory.c:288: 	for(i=0;i<10;i++){
 4649              		.loc 3 288 2
 4650 1062 EB2C     		jmp	.L34	#
 4651              	.L35:
 4652              	# memory.c:289: 		*(Phy_To_Virt(Global_CR3)+i)=0UL;
 289:memory.c      **** 		*(Phy_To_Virt(Global_CR3)+i)=0UL;
 4653              		.loc 3 289 28
 4654 1064 8B45EC   		movl	-20(%rbp), %eax	# i, tmp584
 4655 1067 4898     		cltq
 4656 1069 488D14C5 		leaq	0(,%rax,8), %rdx	#, _173
 4656      00000000 
 4657 1071 488B45B8 		movq	-72(%rbp), %rax	# Global_CR3, tmp585
 4658 1075 4801C2   		addq	%rax, %rdx	# tmp585, _174
 4659 1078 48B80000 		movabsq	$-140737488355328, %rax	#, tmp586
 4659      00000080 
 4659      FFFF
 4660 1082 4801D0   		addq	%rdx, %rax	# _174, _175
 4661              	# memory.c:289: 		*(Phy_To_Virt(Global_CR3)+i)=0UL;
 4662              		.loc 3 289 31
 4663 1085 48C70000 		movq	$0, (%rax)	#, *_176
 4663      000000
 4664              	# memory.c:288: 	for(i=0;i<10;i++){
 288:memory.c      **** 	for(i=0;i<10;i++){
 4665              		.loc 3 288 16 discriminator 3
 4666 108c 8345EC01 		addl	$1, -20(%rbp)	#, i
 4667              	.L34:
 4668              	# memory.c:288: 	for(i=0;i<10;i++){
 288:memory.c      **** 	for(i=0;i<10;i++){
 4669              		.loc 3 288 11 discriminator 1
GAS LISTING memory.s 			page 110


 4670 1090 837DEC09 		cmpl	$9, -20(%rbp)	#, i
 4671 1094 7ECE     		jle	.L35	#,
 4672              	.LBB7:
 4673              	# memory.c:291: 	flush_tlb();
 290:memory.c      **** 	}
 291:memory.c      **** 	flush_tlb();
 4674              		.loc 3 291 2
 4675              	#APP
 4676              	# 291 "memory.c" 1
 292 1099 0F22D8   	}
 293              	
 4677              		movq %cr3, %rax	# tmpreq
 4678              		movq %rax, %cr3	# tmpreq
 4679              	# 0 "" 2
 4680              	#NO_APP
 4681 109c 488945B0 		movq	%rax, -80(%rbp)	# tmpreq, tmpreq
 4682              	.LBE7:
 4683              	# memory.c:292: }
 292:memory.c      **** 
 4684              		.loc 3 292 1
 4685 10a0 90       		nop	
 4686 10a1 488D65F0 		leaq	-16(%rbp), %rsp	#,
 4687 10a5 5B       		popq	%rbx	#
 4688 10a6 415F     		popq	%r15	#
 4689 10a8 5D       		popq	%rbp	#
 4690              		.cfi_def_cfa 7, 8
 4691 10a9 C3       		ret	
 4692              		.cfi_endproc
 4693              	.LFE35:
 4694              		.size	init_memory, .-init_memory
 4695              		.globl	page_init
 4696              		.type	page_init, @function
 4697              	page_init:
 4698              	.LFB36:
 294:memory.c      **** 
 295:memory.c      **** 
 296:memory.c      **** unsigned long page_init(struct Page * page,unsigned long flags){
 4699              		.loc 3 296 64
 4700              		.cfi_startproc
 4701 10aa F30F1EFA 		endbr64	
 4702 10ae 55       		pushq	%rbp	#
 4703              		.cfi_def_cfa_offset 16
 4704              		.cfi_offset 6, -16
 4705 10af 4889E5   		movq	%rsp, %rbp	#,
 4706              		.cfi_def_cfa_register 6
 4707              	.L47:
 4708 10b2 488D05F9 		leaq	.L47(%rip), %rax	#, tmp82
 4708      FFFFFF
 4709 10b9 49BB0000 		movabsq	$_GLOBAL_OFFSET_TABLE_-.L47, %r11	#,
 4709      00000000 
 4709      0000
 4710 10c3 4C01D8   		addq	%r11, %rax	#, tmp82
 4711 10c6 48897DF8 		movq	%rdi, -8(%rbp)	# page, page
 4712 10ca 488975F0 		movq	%rsi, -16(%rbp)	# flags, flags
 4713              	# memory.c:297: 	if(!page->attribute){
 297:memory.c      **** 	if(!page->attribute){
 4714              		.loc 3 297 10
GAS LISTING memory.s 			page 111


 4715 10ce 488B55F8 		movq	-8(%rbp), %rdx	# page, tmp146
 4716 10d2 488B5210 		movq	16(%rdx), %rdx	# page_64(D)->attribute, _1
 4717              	# memory.c:297: 	if(!page->attribute){
 4718              		.loc 3 297 4
 4719 10d6 4885D2   		testq	%rdx, %rdx	# _1
 4720 10d9 0F85D000 		jne	.L42	#,
 4720      0000
 4721              	# memory.c:298: 		*(memory_management_struct.bits_map+((page->PHY_address>>PAGE_2M_SHIFT)>>6)) |= 1
 298:memory.c      **** 		*(memory_management_struct.bits_map+((page->PHY_address>>PAGE_2M_SHIFT)>>6)) |= 1UL << (page->PHY
 4722              		.loc 3 298 29
 4723 10df 48BA0000 		movabsq	$memory_management_struct@GOTOFF, %rdx	#, tmp147
 4723      00000000 
 4723      0000
 4724 10e9 488B8C10 		movq	648(%rax,%rdx), %rcx	# memory_management_struct.bits_map, _2
 4724      88020000 
 4725              	# memory.c:298: 		*(memory_management_struct.bits_map+((page->PHY_address>>PAGE_2M_SHIFT)>>6)) |= 1
 4726              		.loc 3 298 45
 4727 10f1 488B55F8 		movq	-8(%rbp), %rdx	# page, tmp148
 4728 10f5 488B5208 		movq	8(%rdx), %rdx	# page_64(D)->PHY_address, _3
 4729              	# memory.c:298: 		*(memory_management_struct.bits_map+((page->PHY_address>>PAGE_2M_SHIFT)>>6)) |= 1
 4730              		.loc 3 298 3
 4731 10f9 48C1EA1B 		shrq	$27, %rdx	#, _4
 4732 10fd 48C1E203 		salq	$3, %rdx	#, _5
 4733 1101 4801CA   		addq	%rcx, %rdx	# _2, _6
 4734 1104 488B32   		movq	(%rdx), %rsi	# *_6, _7
 4735              	# memory.c:298: 		*(memory_management_struct.bits_map+((page->PHY_address>>PAGE_2M_SHIFT)>>6)) |= 1
 4736              		.loc 3 298 95
 4737 1107 488B55F8 		movq	-8(%rbp), %rdx	# page, tmp149
 4738 110b 488B5208 		movq	8(%rdx), %rdx	# page_64(D)->PHY_address, _8
 4739              	# memory.c:298: 		*(memory_management_struct.bits_map+((page->PHY_address>>PAGE_2M_SHIFT)>>6)) |= 1
 4740              		.loc 3 298 108
 4741 110f 48C1EA15 		shrq	$21, %rdx	#, _9
 4742              	# memory.c:298: 		*(memory_management_struct.bits_map+((page->PHY_address>>PAGE_2M_SHIFT)>>6)) |= 1
 4743              		.loc 3 298 124
 4744 1113 83E23F   		andl	$63, %edx	#, _11
 4745              	# memory.c:298: 		*(memory_management_struct.bits_map+((page->PHY_address>>PAGE_2M_SHIFT)>>6)) |= 1
 4746              		.loc 3 298 87
 4747 1116 BF010000 		movl	$1, %edi	#, tmp150
 4747      00
 4748 111b 89D1     		movl	%edx, %ecx	# _11, tmp180
 4749 111d 48D3E7   		salq	%cl, %rdi	# tmp180, tmp150
 4750 1120 4889F9   		movq	%rdi, %rcx	# tmp150, _12
 4751              	# memory.c:298: 		*(memory_management_struct.bits_map+((page->PHY_address>>PAGE_2M_SHIFT)>>6)) |= 1
 4752              		.loc 3 298 29
 4753 1123 48BA0000 		movabsq	$memory_management_struct@GOTOFF, %rdx	#, tmp151
 4753      00000000 
 4753      0000
 4754 112d 488B9410 		movq	648(%rax,%rdx), %rdx	# memory_management_struct.bits_map, _13
 4754      88020000 
 4755              	# memory.c:298: 		*(memory_management_struct.bits_map+((page->PHY_address>>PAGE_2M_SHIFT)>>6)) |= 1
 4756              		.loc 3 298 45
 4757 1135 488B45F8 		movq	-8(%rbp), %rax	# page, tmp152
 4758 1139 488B4008 		movq	8(%rax), %rax	# page_64(D)->PHY_address, _14
 4759              	# memory.c:298: 		*(memory_management_struct.bits_map+((page->PHY_address>>PAGE_2M_SHIFT)>>6)) |= 1
 4760              		.loc 3 298 3
 4761 113d 48C1E81B 		shrq	$27, %rax	#, _15
 4762 1141 48C1E003 		salq	$3, %rax	#, _16
GAS LISTING memory.s 			page 112


 4763 1145 4801D0   		addq	%rdx, %rax	# _13, _17
 4764              	# memory.c:298: 		*(memory_management_struct.bits_map+((page->PHY_address>>PAGE_2M_SHIFT)>>6)) |= 1
 4765              		.loc 3 298 80
 4766 1148 4809CE   		orq	%rcx, %rsi	# _12, _7
 4767 114b 4889F2   		movq	%rsi, %rdx	# _7, _18
 4768 114e 488910   		movq	%rdx, (%rax)	# _18, *_17
 4769              	# memory.c:299: 		page->attribute = flags;
 299:memory.c      **** 		page->attribute = flags;
 4770              		.loc 3 299 19
 4771 1151 488B45F8 		movq	-8(%rbp), %rax	# page, tmp153
 4772 1155 488B55F0 		movq	-16(%rbp), %rdx	# flags, tmp154
 4773 1159 48895010 		movq	%rdx, 16(%rax)	# tmp154, page_64(D)->attribute
 4774              	# memory.c:300: 		page->reference_count++;
 300:memory.c      **** 		page->reference_count++;
 4775              		.loc 3 300 7
 4776 115d 488B45F8 		movq	-8(%rbp), %rax	# page, tmp155
 4777 1161 488B4018 		movq	24(%rax), %rax	# page_64(D)->reference_count, _19
 4778              	# memory.c:300: 		page->reference_count++;
 4779              		.loc 3 300 24
 4780 1165 488D5001 		leaq	1(%rax), %rdx	#, _20
 4781 1169 488B45F8 		movq	-8(%rbp), %rax	# page, tmp156
 4782 116d 48895018 		movq	%rdx, 24(%rax)	# _20, page_64(D)->reference_count
 4783              	# memory.c:301: 		page->zone_struct->page_using_count++;
 301:memory.c      **** 		page->zone_struct->page_using_count++;
 4784              		.loc 3 301 7
 4785 1171 488B45F8 		movq	-8(%rbp), %rax	# page, tmp157
 4786 1175 488B00   		movq	(%rax), %rax	# page_64(D)->zone_struct, _21
 4787              	# memory.c:301: 		page->zone_struct->page_using_count++;
 4788              		.loc 3 301 20
 4789 1178 488B5038 		movq	56(%rax), %rdx	# _21->page_using_count, _22
 4790              	# memory.c:301: 		page->zone_struct->page_using_count++;
 4791              		.loc 3 301 38
 4792 117c 4883C201 		addq	$1, %rdx	#, _23
 4793 1180 48895038 		movq	%rdx, 56(%rax)	# _23, _21->page_using_count
 4794              	# memory.c:302: 		page->zone_struct->page_free_count--;
 302:memory.c      **** 		page->zone_struct->page_free_count--;
 4795              		.loc 3 302 7
 4796 1184 488B45F8 		movq	-8(%rbp), %rax	# page, tmp158
 4797 1188 488B00   		movq	(%rax), %rax	# page_64(D)->zone_struct, _24
 4798              	# memory.c:302: 		page->zone_struct->page_free_count--;
 4799              		.loc 3 302 20
 4800 118b 488B5040 		movq	64(%rax), %rdx	# _24->page_free_count, _25
 4801              	# memory.c:302: 		page->zone_struct->page_free_count--;
 4802              		.loc 3 302 37
 4803 118f 4883EA01 		subq	$1, %rdx	#, _26
 4804 1193 48895040 		movq	%rdx, 64(%rax)	# _26, _24->page_free_count
 4805              	# memory.c:303: 		page->zone_struct->total_pages_link++;
 303:memory.c      **** 		page->zone_struct->total_pages_link++;
 4806              		.loc 3 303 7
 4807 1197 488B45F8 		movq	-8(%rbp), %rax	# page, tmp159
 4808 119b 488B00   		movq	(%rax), %rax	# page_64(D)->zone_struct, _27
 4809              	# memory.c:303: 		page->zone_struct->total_pages_link++;
 4810              		.loc 3 303 20
 4811 119e 488B5048 		movq	72(%rax), %rdx	# _27->total_pages_link, _28
 4812              	# memory.c:303: 		page->zone_struct->total_pages_link++;
 4813              		.loc 3 303 38
 4814 11a2 4883C201 		addq	$1, %rdx	#, _29
GAS LISTING memory.s 			page 113


 4815 11a6 48895048 		movq	%rdx, 72(%rax)	# _29, _27->total_pages_link
 4816 11aa E90A0100 		jmp	.L43	#
 4816      00
 4817              	.L42:
 4818              	# memory.c:304: 	}else if((page ->attribute & PG_Referenced)||(page->attribute & PG_K_Share_To_U)||
 304:memory.c      **** 	}else if((page ->attribute & PG_Referenced)||(page->attribute & PG_K_Share_To_U)||(flags & PG_Refe
 4819              		.loc 3 304 17
 4820 11af 488B55F8 		movq	-8(%rbp), %rdx	# page, tmp160
 4821 11b3 488B5210 		movq	16(%rdx), %rdx	# page_64(D)->attribute, _30
 4822              	# memory.c:304: 	}else if((page ->attribute & PG_Referenced)||(page->attribute & PG_K_Share_To_U)||
 4823              		.loc 3 304 29
 4824 11b7 83E204   		andl	$4, %edx	#, _31
 4825              	# memory.c:304: 	}else if((page ->attribute & PG_Referenced)||(page->attribute & PG_K_Share_To_U)||
 4826              		.loc 3 304 10
 4827 11ba 4885D2   		testq	%rdx, %rdx	# _31
 4828 11bd 752E     		jne	.L44	#,
 4829              	# memory.c:304: 	}else if((page ->attribute & PG_Referenced)||(page->attribute & PG_K_Share_To_U)||
 4830              		.loc 3 304 52 discriminator 1
 4831 11bf 488B55F8 		movq	-8(%rbp), %rdx	# page, tmp161
 4832 11c3 488B5210 		movq	16(%rdx), %rdx	# page_64(D)->attribute, _32
 4833              	# memory.c:304: 	}else if((page ->attribute & PG_Referenced)||(page->attribute & PG_K_Share_To_U)||
 4834              		.loc 3 304 64 discriminator 1
 4835 11c7 81E20001 		andl	$256, %edx	#, _33
 4835      0000
 4836              	# memory.c:304: 	}else if((page ->attribute & PG_Referenced)||(page->attribute & PG_K_Share_To_U)||
 4837              		.loc 3 304 45 discriminator 1
 4838 11cd 4885D2   		testq	%rdx, %rdx	# _33
 4839 11d0 751B     		jne	.L44	#,
 4840              	# memory.c:304: 	}else if((page ->attribute & PG_Referenced)||(page->attribute & PG_K_Share_To_U)||
 4841              		.loc 3 304 91 discriminator 2
 4842 11d2 488B55F0 		movq	-16(%rbp), %rdx	# flags, tmp162
 4843 11d6 83E204   		andl	$4, %edx	#, _34
 4844              	# memory.c:304: 	}else if((page ->attribute & PG_Referenced)||(page->attribute & PG_K_Share_To_U)||
 4845              		.loc 3 304 82 discriminator 2
 4846 11d9 4885D2   		testq	%rdx, %rdx	# _34
 4847 11dc 750F     		jne	.L44	#,
 4848              	# memory.c:304: 	}else if((page ->attribute & PG_Referenced)||(page->attribute & PG_K_Share_To_U)||
 4849              		.loc 3 304 116 discriminator 3
 4850 11de 488B55F0 		movq	-16(%rbp), %rdx	# flags, tmp163
 4851 11e2 81E20001 		andl	$256, %edx	#, _35
 4851      0000
 4852              	# memory.c:304: 	}else if((page ->attribute & PG_Referenced)||(page->attribute & PG_K_Share_To_U)||
 4853              		.loc 3 304 107 discriminator 3
 4854 11e8 4885D2   		testq	%rdx, %rdx	# _35
 4855 11eb 7443     		je	.L45	#,
 4856              	.L44:
 4857              	# memory.c:310: 		page->attribute |= flags;
 305:memory.c      **** 		//The "||" is a logical OR operator. As long as one of the two operands is true, the result of th
 306:memory.c      **** 		/*The symbol "|" is called "bitwise OR". It has two operands (both of which must be integers), 
 307:memory.c      **** 		and its function is to perform an "OR" operation on the corresponding binary digits of the two nu
 308:memory.c      **** 		The operation rule is: if one is true, the result is true.
 309:memory.c      **** 		*/
 310:memory.c      **** 		page->attribute |= flags;
 4858              		.loc 3 310 7
 4859 11ed 488B45F8 		movq	-8(%rbp), %rax	# page, tmp164
 4860 11f1 488B4010 		movq	16(%rax), %rax	# page_64(D)->attribute, _36
 4861              	# memory.c:310: 		page->attribute |= flags;
GAS LISTING memory.s 			page 114


 4862              		.loc 3 310 19
 4863 11f5 480B45F0 		orq	-16(%rbp), %rax	# flags, _36
 4864 11f9 4889C2   		movq	%rax, %rdx	# _36, _37
 4865 11fc 488B45F8 		movq	-8(%rbp), %rax	# page, tmp165
 4866 1200 48895010 		movq	%rdx, 16(%rax)	# _37, page_64(D)->attribute
 4867              	# memory.c:311: 		page->reference_count++;
 311:memory.c      **** 		page->reference_count++;
 4868              		.loc 3 311 7
 4869 1204 488B45F8 		movq	-8(%rbp), %rax	# page, tmp166
 4870 1208 488B4018 		movq	24(%rax), %rax	# page_64(D)->reference_count, _38
 4871              	# memory.c:311: 		page->reference_count++;
 4872              		.loc 3 311 24
 4873 120c 488D5001 		leaq	1(%rax), %rdx	#, _39
 4874 1210 488B45F8 		movq	-8(%rbp), %rax	# page, tmp167
 4875 1214 48895018 		movq	%rdx, 24(%rax)	# _39, page_64(D)->reference_count
 4876              	# memory.c:312: 		page->zone_struct->total_pages_link++;
 312:memory.c      **** 		page->zone_struct->total_pages_link++;
 4877              		.loc 3 312 7
 4878 1218 488B45F8 		movq	-8(%rbp), %rax	# page, tmp168
 4879 121c 488B00   		movq	(%rax), %rax	# page_64(D)->zone_struct, _40
 4880              	# memory.c:312: 		page->zone_struct->total_pages_link++;
 4881              		.loc 3 312 20
 4882 121f 488B5048 		movq	72(%rax), %rdx	# _40->total_pages_link, _41
 4883              	# memory.c:312: 		page->zone_struct->total_pages_link++;
 4884              		.loc 3 312 38
 4885 1223 4883C201 		addq	$1, %rdx	#, _42
 4886 1227 48895048 		movq	%rdx, 72(%rax)	# _42, _40->total_pages_link
 4887 122b E9890000 		jmp	.L43	#
 4887      00
 4888              	.L45:
 4889              	# memory.c:314: 		*(memory_management_struct.bits_map+((page->PHY_address>>PAGE_2M_SHIFT)>>6)) |= 1
 313:memory.c      **** 	}else{
 314:memory.c      **** 		*(memory_management_struct.bits_map+((page->PHY_address>>PAGE_2M_SHIFT)>>6)) |= 1UL << (page->PHY
 4890              		.loc 3 314 29
 4891 1230 48BA0000 		movabsq	$memory_management_struct@GOTOFF, %rdx	#, tmp169
 4891      00000000 
 4891      0000
 4892 123a 488B8C10 		movq	648(%rax,%rdx), %rcx	# memory_management_struct.bits_map, _43
 4892      88020000 
 4893              	# memory.c:314: 		*(memory_management_struct.bits_map+((page->PHY_address>>PAGE_2M_SHIFT)>>6)) |= 1
 4894              		.loc 3 314 45
 4895 1242 488B55F8 		movq	-8(%rbp), %rdx	# page, tmp170
 4896 1246 488B5208 		movq	8(%rdx), %rdx	# page_64(D)->PHY_address, _44
 4897              	# memory.c:314: 		*(memory_management_struct.bits_map+((page->PHY_address>>PAGE_2M_SHIFT)>>6)) |= 1
 4898              		.loc 3 314 3
 4899 124a 48C1EA1B 		shrq	$27, %rdx	#, _45
 4900 124e 48C1E203 		salq	$3, %rdx	#, _46
 4901 1252 4801CA   		addq	%rcx, %rdx	# _43, _47
 4902 1255 488B32   		movq	(%rdx), %rsi	# *_47, _48
 4903              	# memory.c:314: 		*(memory_management_struct.bits_map+((page->PHY_address>>PAGE_2M_SHIFT)>>6)) |= 1
 4904              		.loc 3 314 95
 4905 1258 488B55F8 		movq	-8(%rbp), %rdx	# page, tmp171
 4906 125c 488B5208 		movq	8(%rdx), %rdx	# page_64(D)->PHY_address, _49
 4907              	# memory.c:314: 		*(memory_management_struct.bits_map+((page->PHY_address>>PAGE_2M_SHIFT)>>6)) |= 1
 4908              		.loc 3 314 108
 4909 1260 48C1EA15 		shrq	$21, %rdx	#, _50
 4910              	# memory.c:314: 		*(memory_management_struct.bits_map+((page->PHY_address>>PAGE_2M_SHIFT)>>6)) |= 1
GAS LISTING memory.s 			page 115


 4911              		.loc 3 314 124
 4912 1264 83E23F   		andl	$63, %edx	#, _52
 4913              	# memory.c:314: 		*(memory_management_struct.bits_map+((page->PHY_address>>PAGE_2M_SHIFT)>>6)) |= 1
 4914              		.loc 3 314 87
 4915 1267 BF010000 		movl	$1, %edi	#, tmp172
 4915      00
 4916 126c 89D1     		movl	%edx, %ecx	# _52, tmp184
 4917 126e 48D3E7   		salq	%cl, %rdi	# tmp184, tmp172
 4918 1271 4889F9   		movq	%rdi, %rcx	# tmp172, _53
 4919              	# memory.c:314: 		*(memory_management_struct.bits_map+((page->PHY_address>>PAGE_2M_SHIFT)>>6)) |= 1
 4920              		.loc 3 314 29
 4921 1274 48BA0000 		movabsq	$memory_management_struct@GOTOFF, %rdx	#, tmp173
 4921      00000000 
 4921      0000
 4922 127e 488B9410 		movq	648(%rax,%rdx), %rdx	# memory_management_struct.bits_map, _54
 4922      88020000 
 4923              	# memory.c:314: 		*(memory_management_struct.bits_map+((page->PHY_address>>PAGE_2M_SHIFT)>>6)) |= 1
 4924              		.loc 3 314 45
 4925 1286 488B45F8 		movq	-8(%rbp), %rax	# page, tmp174
 4926 128a 488B4008 		movq	8(%rax), %rax	# page_64(D)->PHY_address, _55
 4927              	# memory.c:314: 		*(memory_management_struct.bits_map+((page->PHY_address>>PAGE_2M_SHIFT)>>6)) |= 1
 4928              		.loc 3 314 3
 4929 128e 48C1E81B 		shrq	$27, %rax	#, _56
 4930 1292 48C1E003 		salq	$3, %rax	#, _57
 4931 1296 4801D0   		addq	%rdx, %rax	# _54, _58
 4932              	# memory.c:314: 		*(memory_management_struct.bits_map+((page->PHY_address>>PAGE_2M_SHIFT)>>6)) |= 1
 4933              		.loc 3 314 80
 4934 1299 4809CE   		orq	%rcx, %rsi	# _53, _48
 4935 129c 4889F2   		movq	%rsi, %rdx	# _48, _59
 4936 129f 488910   		movq	%rdx, (%rax)	# _59, *_58
 4937              	# memory.c:315: 		page->attribute |= flags;
 315:memory.c      **** 		page->attribute |= flags;
 4938              		.loc 3 315 7
 4939 12a2 488B45F8 		movq	-8(%rbp), %rax	# page, tmp175
 4940 12a6 488B4010 		movq	16(%rax), %rax	# page_64(D)->attribute, _60
 4941              	# memory.c:315: 		page->attribute |= flags;
 4942              		.loc 3 315 19
 4943 12aa 480B45F0 		orq	-16(%rbp), %rax	# flags, _60
 4944 12ae 4889C2   		movq	%rax, %rdx	# _60, _61
 4945 12b1 488B45F8 		movq	-8(%rbp), %rax	# page, tmp176
 4946 12b5 48895010 		movq	%rdx, 16(%rax)	# _61, page_64(D)->attribute
 4947              	.L43:
 4948              	# memory.c:317: 	return 0;
 316:memory.c      **** 	}
 317:memory.c      **** 	return 0;
 4949              		.loc 3 317 9
 4950 12b9 B8000000 		movl	$0, %eax	#, _77
 4950      00
 4951              	# memory.c:318: }
 318:memory.c      **** }
 4952              		.loc 3 318 1
 4953 12be 5D       		popq	%rbp	#
 4954              		.cfi_def_cfa 7, 8
 4955 12bf C3       		ret	
 4956              		.cfi_endproc
 4957              	.LFE36:
 4958              		.size	page_init, .-page_init
GAS LISTING memory.s 			page 116


 4959              	.Letext0:
 4960              		.file 4 "font.h"
 4961              		.file 5 "printk.h"
 4962              		.section	.debug_info,"",@progbits
 4963              	.Ldebug_info0:
 4964 0000 35070000 		.long	0x735
 4965 0004 0500     		.value	0x5
 4966 0006 01       		.byte	0x1
 4967 0007 08       		.byte	0x8
 4968 0008 00000000 		.long	.Ldebug_abbrev0
 4969 000c 14       		.uleb128 0x14
 4970 000d 00000000 		.long	.LASF66
 4971 0011 1D       		.byte	0x1d
 4972 0012 00000000 		.long	.LASF0
 4973 0016 00000000 		.long	.LASF1
 4974 001a 00000000 		.quad	.Ltext0
 4974      00000000 
 4975 0022 C0120000 		.quad	.Letext0-.Ltext0
 4975      00000000 
 4976 002a 00000000 		.long	.Ldebug_line0
 4977 002e 07       		.uleb128 0x7
 4978 002f 04       		.byte	0x4
 4979 0030 07       		.byte	0x7
 4980 0031 00000000 		.long	.LASF5
 4981 0035 11       		.uleb128 0x11
 4982 0036 00000000 		.long	.LASF7
 4983 003a 14       		.byte	0x14
 4984 003b 01       		.byte	0x1
 4985 003c CC       		.byte	0xcc
 4986 003d 69000000 		.long	0x69
 4987 0041 03       		.uleb128 0x3
 4988 0042 00000000 		.long	.LASF2
 4989 0046 01       		.byte	0x1
 4990 0047 CE       		.byte	0xce
 4991 0048 13       		.byte	0x13
 4992 0049 69000000 		.long	0x69
 4993 004d 00       		.byte	0
 4994 004e 03       		.uleb128 0x3
 4995 004f 00000000 		.long	.LASF3
 4996 0053 01       		.byte	0x1
 4997 0054 CF       		.byte	0xcf
 4998 0055 13       		.byte	0x13
 4999 0056 69000000 		.long	0x69
 5000 005a 08       		.byte	0x8
 5001 005b 03       		.uleb128 0x3
 5002 005c 00000000 		.long	.LASF4
 5003 0060 01       		.byte	0x1
 5004 0061 D0       		.byte	0xd0
 5005 0062 12       		.byte	0x12
 5006 0063 2E000000 		.long	0x2e
 5007 0067 10       		.byte	0x10
 5008 0068 00       		.byte	0
 5009 0069 07       		.uleb128 0x7
 5010 006a 08       		.byte	0x8
 5011 006b 07       		.byte	0x7
 5012 006c 00000000 		.long	.LASF6
 5013 0070 15       		.uleb128 0x15
GAS LISTING memory.s 			page 117


 5014 0071 00000000 		.long	.LASF8
 5015 0075 F802     		.value	0x2f8
 5016 0077 01       		.byte	0x1
 5017 0078 D5       		.byte	0xd5
 5018 0079 08       		.byte	0x8
 5019 007a 4F010000 		.long	0x14f
 5020 007e 03       		.uleb128 0x3
 5021 007f 00000000 		.long	.LASF9
 5022 0083 01       		.byte	0x1
 5023 0084 D7       		.byte	0xd7
 5024 0085 0E       		.byte	0xe
 5025 0086 4F010000 		.long	0x14f
 5026 008a 00       		.byte	0
 5027 008b 05       		.uleb128 0x5
 5028 008c 00000000 		.long	.LASF10
 5029 0090 D8       		.byte	0xd8
 5030 0091 10       		.byte	0x10
 5031 0092 69000000 		.long	0x69
 5032 0096 8002     		.value	0x280
 5033 0098 05       		.uleb128 0x5
 5034 0099 00000000 		.long	.LASF11
 5035 009d E4       		.byte	0xe4
 5036 009e 12       		.byte	0x12
 5037 009f 5F010000 		.long	0x15f
 5038 00a3 8802     		.value	0x288
 5039 00a5 05       		.uleb128 0x5
 5040 00a6 00000000 		.long	.LASF12
 5041 00aa E5       		.byte	0xe5
 5042 00ab 10       		.byte	0x10
 5043 00ac 69000000 		.long	0x69
 5044 00b0 9002     		.value	0x290
 5045 00b2 05       		.uleb128 0x5
 5046 00b3 00000000 		.long	.LASF13
 5047 00b7 E6       		.byte	0xe6
 5048 00b8 10       		.byte	0x10
 5049 00b9 69000000 		.long	0x69
 5050 00bd 9802     		.value	0x298
 5051 00bf 05       		.uleb128 0x5
 5052 00c0 00000000 		.long	.LASF14
 5053 00c4 EF       		.byte	0xef
 5054 00c5 10       		.byte	0x10
 5055 00c6 B3010000 		.long	0x1b3
 5056 00ca A002     		.value	0x2a0
 5057 00cc 05       		.uleb128 0x5
 5058 00cd 00000000 		.long	.LASF15
 5059 00d1 F0       		.byte	0xf0
 5060 00d2 10       		.byte	0x10
 5061 00d3 69000000 		.long	0x69
 5062 00d7 A802     		.value	0x2a8
 5063 00d9 05       		.uleb128 0x5
 5064 00da 00000000 		.long	.LASF16
 5065 00de F1       		.byte	0xf1
 5066 00df 10       		.byte	0x10
 5067 00e0 69000000 		.long	0x69
 5068 00e4 B002     		.value	0x2b0
 5069 00e6 05       		.uleb128 0x5
 5070 00e7 00000000 		.long	.LASF17
GAS LISTING memory.s 			page 118


 5071 00eb F9       		.byte	0xf9
 5072 00ec 10       		.byte	0x10
 5073 00ed 47020000 		.long	0x247
 5074 00f1 B802     		.value	0x2b8
 5075 00f3 05       		.uleb128 0x5
 5076 00f4 00000000 		.long	.LASF18
 5077 00f8 FA       		.byte	0xfa
 5078 00f9 10       		.byte	0x10
 5079 00fa 69000000 		.long	0x69
 5080 00fe C002     		.value	0x2c0
 5081 0100 05       		.uleb128 0x5
 5082 0101 00000000 		.long	.LASF19
 5083 0105 FB       		.byte	0xfb
 5084 0106 10       		.byte	0x10
 5085 0107 69000000 		.long	0x69
 5086 010b C802     		.value	0x2c8
 5087 010d 08       		.uleb128 0x8
 5088 010e 00000000 		.long	.LASF20
 5089 0112 0801     		.value	0x108
 5090 0114 69000000 		.long	0x69
 5091 0118 D002     		.value	0x2d0
 5092 011a 08       		.uleb128 0x8
 5093 011b 00000000 		.long	.LASF21
 5094 011f 0901     		.value	0x109
 5095 0121 69000000 		.long	0x69
 5096 0125 D802     		.value	0x2d8
 5097 0127 08       		.uleb128 0x8
 5098 0128 00000000 		.long	.LASF22
 5099 012c 0A01     		.value	0x10a
 5100 012e 69000000 		.long	0x69
 5101 0132 E002     		.value	0x2e0
 5102 0134 08       		.uleb128 0x8
 5103 0135 00000000 		.long	.LASF23
 5104 0139 0B01     		.value	0x10b
 5105 013b 69000000 		.long	0x69
 5106 013f E802     		.value	0x2e8
 5107 0141 08       		.uleb128 0x8
 5108 0142 00000000 		.long	.LASF24
 5109 0146 0D01     		.value	0x10d
 5110 0148 69000000 		.long	0x69
 5111 014c F002     		.value	0x2f0
 5112 014e 00       		.byte	0
 5113 014f 0D       		.uleb128 0xd
 5114 0150 35000000 		.long	0x35
 5115 0154 5F010000 		.long	0x15f
 5116 0158 0E       		.uleb128 0xe
 5117 0159 69000000 		.long	0x69
 5118 015d 1F       		.byte	0x1f
 5119 015e 00       		.byte	0
 5120 015f 06       		.uleb128 0x6
 5121 0160 69000000 		.long	0x69
 5122 0164 12       		.uleb128 0x12
 5123 0165 00000000 		.long	.LASF25
 5124 0169 28       		.byte	0x28
 5125 016a 2401     		.value	0x124
 5126 016c B3010000 		.long	0x1b3
 5127 0170 02       		.uleb128 0x2
GAS LISTING memory.s 			page 119


 5128 0171 00000000 		.long	.LASF26
 5129 0175 2501     		.value	0x125
 5130 0177 12       		.byte	0x12
 5131 0178 47020000 		.long	0x247
 5132 017c 00       		.byte	0
 5133 017d 02       		.uleb128 0x2
 5134 017e 00000000 		.long	.LASF27
 5135 0182 2601     		.value	0x126
 5136 0184 13       		.byte	0x13
 5137 0185 69000000 		.long	0x69
 5138 0189 08       		.byte	0x8
 5139 018a 02       		.uleb128 0x2
 5140 018b 00000000 		.long	.LASF28
 5141 018f 2701     		.value	0x127
 5142 0191 13       		.byte	0x13
 5143 0192 69000000 		.long	0x69
 5144 0196 10       		.byte	0x10
 5145 0197 02       		.uleb128 0x2
 5146 0198 00000000 		.long	.LASF29
 5147 019c 2801     		.value	0x128
 5148 019e 13       		.byte	0x13
 5149 019f 69000000 		.long	0x69
 5150 01a3 18       		.byte	0x18
 5151 01a4 16       		.uleb128 0x16
 5152 01a5 61676500 		.string	"age"
 5153 01a9 01       		.byte	0x1
 5154 01aa 2901     		.value	0x129
 5155 01ac 13       		.byte	0x13
 5156 01ad 69000000 		.long	0x69
 5157 01b1 20       		.byte	0x20
 5158 01b2 00       		.byte	0
 5159 01b3 06       		.uleb128 0x6
 5160 01b4 64010000 		.long	0x164
 5161 01b8 12       		.uleb128 0x12
 5162 01b9 00000000 		.long	.LASF30
 5163 01bd 50       		.byte	0x50
 5164 01be 4401     		.value	0x144
 5165 01c0 47020000 		.long	0x247
 5166 01c4 02       		.uleb128 0x2
 5167 01c5 00000000 		.long	.LASF31
 5168 01c9 4501     		.value	0x145
 5169 01cb 10       		.byte	0x10
 5170 01cc B3010000 		.long	0x1b3
 5171 01d0 00       		.byte	0
 5172 01d1 02       		.uleb128 0x2
 5173 01d2 00000000 		.long	.LASF16
 5174 01d6 4601     		.value	0x146
 5175 01d8 10       		.byte	0x10
 5176 01d9 69000000 		.long	0x69
 5177 01dd 08       		.byte	0x8
 5178 01de 02       		.uleb128 0x2
 5179 01df 00000000 		.long	.LASF32
 5180 01e3 4701     		.value	0x147
 5181 01e5 10       		.byte	0x10
 5182 01e6 69000000 		.long	0x69
 5183 01ea 10       		.byte	0x10
 5184 01eb 02       		.uleb128 0x2
GAS LISTING memory.s 			page 120


 5185 01ec 00000000 		.long	.LASF33
 5186 01f0 4801     		.value	0x148
 5187 01f2 10       		.byte	0x10
 5188 01f3 69000000 		.long	0x69
 5189 01f7 18       		.byte	0x18
 5190 01f8 02       		.uleb128 0x2
 5191 01f9 00000000 		.long	.LASF34
 5192 01fd 4901     		.value	0x149
 5193 01ff 10       		.byte	0x10
 5194 0200 69000000 		.long	0x69
 5195 0204 20       		.byte	0x20
 5196 0205 02       		.uleb128 0x2
 5197 0206 00000000 		.long	.LASF28
 5198 020a 4A01     		.value	0x14a
 5199 020c 10       		.byte	0x10
 5200 020d 69000000 		.long	0x69
 5201 0211 28       		.byte	0x28
 5202 0212 02       		.uleb128 0x2
 5203 0213 00000000 		.long	.LASF35
 5204 0217 4C01     		.value	0x14c
 5205 0219 24       		.byte	0x24
 5206 021a 4C020000 		.long	0x24c
 5207 021e 30       		.byte	0x30
 5208 021f 02       		.uleb128 0x2
 5209 0220 00000000 		.long	.LASF36
 5210 0224 4D01     		.value	0x14d
 5211 0226 10       		.byte	0x10
 5212 0227 69000000 		.long	0x69
 5213 022b 38       		.byte	0x38
 5214 022c 02       		.uleb128 0x2
 5215 022d 00000000 		.long	.LASF37
 5216 0231 4E01     		.value	0x14e
 5217 0233 10       		.byte	0x10
 5218 0234 69000000 		.long	0x69
 5219 0238 40       		.byte	0x40
 5220 0239 02       		.uleb128 0x2
 5221 023a 00000000 		.long	.LASF38
 5222 023e 5001     		.value	0x150
 5223 0240 10       		.byte	0x10
 5224 0241 69000000 		.long	0x69
 5225 0245 48       		.byte	0x48
 5226 0246 00       		.byte	0
 5227 0247 06       		.uleb128 0x6
 5228 0248 B8010000 		.long	0x1b8
 5229 024c 06       		.uleb128 0x6
 5230 024d 70000000 		.long	0x70
 5231 0251 17       		.uleb128 0x17
 5232 0252 00000000 		.long	.LASF40
 5233 0256 01       		.byte	0x1
 5234 0257 5301     		.value	0x153
 5235 0259 21       		.byte	0x21
 5236 025a 70000000 		.long	0x70
 5237 025e 09       		.uleb128 0x9
 5238 025f 03       		.byte	0x3
 5239 0260 00000000 		.quad	memory_management_struct
 5239      00000000 
 5240 0268 18       		.uleb128 0x18
GAS LISTING memory.s 			page 121


 5241 0269 08       		.byte	0x8
 5242 026a 0D       		.uleb128 0xd
 5243 026b 80020000 		.long	0x280
 5244 026f 80020000 		.long	0x280
 5245 0273 0E       		.uleb128 0xe
 5246 0274 69000000 		.long	0x69
 5247 0278 FF       		.byte	0xff
 5248 0279 0E       		.uleb128 0xe
 5249 027a 69000000 		.long	0x69
 5250 027e 0F       		.byte	0xf
 5251 027f 00       		.byte	0
 5252 0280 07       		.uleb128 0x7
 5253 0281 01       		.byte	0x1
 5254 0282 08       		.byte	0x8
 5255 0283 00000000 		.long	.LASF39
 5256 0287 0A       		.uleb128 0xa
 5257 0288 00000000 		.long	.LASF41
 5258 028c 04       		.byte	0x4
 5259 028d 06       		.byte	0x6
 5260 028e 0F       		.byte	0xf
 5261 028f 6A020000 		.long	0x26a
 5262 0293 09       		.uleb128 0x9
 5263 0294 03       		.byte	0x3
 5264 0295 00000000 		.quad	font_ascii
 5264      00000000 
 5265 029d 11       		.uleb128 0x11
 5266 029e 00000000 		.long	.LASF42
 5267 02a2 28       		.byte	0x28
 5268 02a3 05       		.byte	0x5
 5269 02a4 20       		.byte	0x20
 5270 02a5 12030000 		.long	0x312
 5271 02a9 03       		.uleb128 0x3
 5272 02aa 00000000 		.long	.LASF43
 5273 02ae 05       		.byte	0x5
 5274 02af 22       		.byte	0x22
 5275 02b0 09       		.byte	0x9
 5276 02b1 12030000 		.long	0x312
 5277 02b5 00       		.byte	0
 5278 02b6 03       		.uleb128 0x3
 5279 02b7 00000000 		.long	.LASF44
 5280 02bb 05       		.byte	0x5
 5281 02bc 23       		.byte	0x23
 5282 02bd 09       		.byte	0x9
 5283 02be 12030000 		.long	0x312
 5284 02c2 04       		.byte	0x4
 5285 02c3 03       		.uleb128 0x3
 5286 02c4 00000000 		.long	.LASF45
 5287 02c8 05       		.byte	0x5
 5288 02c9 24       		.byte	0x24
 5289 02ca 09       		.byte	0x9
 5290 02cb 12030000 		.long	0x312
 5291 02cf 08       		.byte	0x8
 5292 02d0 03       		.uleb128 0x3
 5293 02d1 00000000 		.long	.LASF46
 5294 02d5 05       		.byte	0x5
 5295 02d6 25       		.byte	0x25
 5296 02d7 09       		.byte	0x9
GAS LISTING memory.s 			page 122


 5297 02d8 12030000 		.long	0x312
 5298 02dc 0C       		.byte	0xc
 5299 02dd 03       		.uleb128 0x3
 5300 02de 00000000 		.long	.LASF47
 5301 02e2 05       		.byte	0x5
 5302 02e3 26       		.byte	0x26
 5303 02e4 09       		.byte	0x9
 5304 02e5 12030000 		.long	0x312
 5305 02e9 10       		.byte	0x10
 5306 02ea 03       		.uleb128 0x3
 5307 02eb 00000000 		.long	.LASF48
 5308 02ef 05       		.byte	0x5
 5309 02f0 27       		.byte	0x27
 5310 02f1 09       		.byte	0x9
 5311 02f2 12030000 		.long	0x312
 5312 02f6 14       		.byte	0x14
 5313 02f7 03       		.uleb128 0x3
 5314 02f8 00000000 		.long	.LASF49
 5315 02fc 05       		.byte	0x5
 5316 02fd 28       		.byte	0x28
 5317 02fe 14       		.byte	0x14
 5318 02ff 19030000 		.long	0x319
 5319 0303 18       		.byte	0x18
 5320 0304 03       		.uleb128 0x3
 5321 0305 00000000 		.long	.LASF50
 5322 0309 05       		.byte	0x5
 5323 030a 29       		.byte	0x29
 5324 030b 13       		.byte	0x13
 5325 030c 69000000 		.long	0x69
 5326 0310 20       		.byte	0x20
 5327 0311 00       		.byte	0
 5328 0312 19       		.uleb128 0x19
 5329 0313 04       		.byte	0x4
 5330 0314 05       		.byte	0x5
 5331 0315 696E7400 		.string	"int"
 5332 0319 06       		.uleb128 0x6
 5333 031a 2E000000 		.long	0x2e
 5334 031e 13       		.uleb128 0x13
 5335 031f 506F7300 		.string	"Pos"
 5336 0323 2A       		.byte	0x2a
 5337 0324 02       		.byte	0x2
 5338 0325 9D020000 		.long	0x29d
 5339 0329 09       		.uleb128 0x9
 5340 032a 03       		.byte	0x3
 5341 032b 00000000 		.quad	Pos
 5341      00000000 
 5342 0333 0D       		.uleb128 0xd
 5343 0334 44030000 		.long	0x344
 5344 0338 44030000 		.long	0x344
 5345 033c 1A       		.uleb128 0x1a
 5346 033d 69000000 		.long	0x69
 5347 0341 FF0F     		.value	0xfff
 5348 0343 00       		.byte	0
 5349 0344 07       		.uleb128 0x7
 5350 0345 01       		.byte	0x1
 5351 0346 06       		.byte	0x6
 5352 0347 00000000 		.long	.LASF51
GAS LISTING memory.s 			page 123


 5353 034b 1B       		.uleb128 0x1b
 5354 034c 44030000 		.long	0x344
 5355 0350 13       		.uleb128 0x13
 5356 0351 62756600 		.string	"buf"
 5357 0355 2E       		.byte	0x2e
 5358 0356 06       		.byte	0x6
 5359 0357 33030000 		.long	0x333
 5360 035b 09       		.uleb128 0x9
 5361 035c 03       		.byte	0x3
 5362 035d 00000000 		.quad	buf
 5362      00000000 
 5363 0365 0A       		.uleb128 0xa
 5364 0366 00000000 		.long	.LASF52
 5365 036a 03       		.byte	0x3
 5366 036b 06       		.byte	0x6
 5367 036c 05       		.byte	0x5
 5368 036d 12030000 		.long	0x312
 5369 0371 09       		.uleb128 0x9
 5370 0372 03       		.byte	0x3
 5371 0373 00000000 		.quad	ZONE_DMA_INDEX
 5371      00000000 
 5372 037b 0A       		.uleb128 0xa
 5373 037c 00000000 		.long	.LASF53
 5374 0380 03       		.byte	0x3
 5375 0381 07       		.byte	0x7
 5376 0382 05       		.byte	0x5
 5377 0383 12030000 		.long	0x312
 5378 0387 09       		.uleb128 0x9
 5379 0388 03       		.byte	0x3
 5380 0389 00000000 		.quad	ZONE_NORMAL_INDEX
 5380      00000000 
 5381 0391 0A       		.uleb128 0xa
 5382 0392 00000000 		.long	.LASF54
 5383 0396 03       		.byte	0x3
 5384 0397 08       		.byte	0x8
 5385 0398 05       		.byte	0x5
 5386 0399 12030000 		.long	0x312
 5387 039d 09       		.uleb128 0x9
 5388 039e 03       		.byte	0x3
 5389 039f 00000000 		.quad	ZONE_UNMAPED_INDEX
 5389      00000000 
 5390 03a7 1C       		.uleb128 0x1c
 5391 03a8 00000000 		.long	.LASF67
 5392 03ac 05       		.byte	0x5
 5393 03ad 3B       		.byte	0x3b
 5394 03ae 05       		.byte	0x5
 5395 03af 12030000 		.long	0x312
 5396 03b3 C8030000 		.long	0x3c8
 5397 03b7 0F       		.uleb128 0xf
 5398 03b8 2E000000 		.long	0x2e
 5399 03bc 0F       		.uleb128 0xf
 5400 03bd 2E000000 		.long	0x2e
 5401 03c1 0F       		.uleb128 0xf
 5402 03c2 C8030000 		.long	0x3c8
 5403 03c6 1D       		.uleb128 0x1d
 5404 03c7 00       		.byte	0
 5405 03c8 06       		.uleb128 0x6
GAS LISTING memory.s 			page 124


 5406 03c9 4B030000 		.long	0x34b
 5407 03cd 1E       		.uleb128 0x1e
 5408 03ce 00000000 		.long	.LASF68
 5409 03d2 03       		.byte	0x3
 5410 03d3 2801     		.value	0x128
 5411 03d5 0F       		.byte	0xf
 5412 03d6 69000000 		.long	0x69
 5413 03da 00000000 		.quad	.LFB36
 5413      00000000 
 5414 03e2 16020000 		.quad	.LFE36-.LFB36
 5414      00000000 
 5415 03ea 01       		.uleb128 0x1
 5416 03eb 9C       		.byte	0x9c
 5417 03ec 11040000 		.long	0x411
 5418 03f0 0B       		.uleb128 0xb
 5419 03f1 00000000 		.long	.LASF55
 5420 03f5 03       		.byte	0x3
 5421 03f6 2801     		.value	0x128
 5422 03f8 27       		.byte	0x27
 5423 03f9 B3010000 		.long	0x1b3
 5424 03fd 02       		.uleb128 0x2
 5425 03fe 91       		.byte	0x91
 5426 03ff 68       		.sleb128 -24
 5427 0400 0B       		.uleb128 0xb
 5428 0401 00000000 		.long	.LASF56
 5429 0405 03       		.byte	0x3
 5430 0406 2801     		.value	0x128
 5431 0408 3A       		.byte	0x3a
 5432 0409 69000000 		.long	0x69
 5433 040d 02       		.uleb128 0x2
 5434 040e 91       		.byte	0x91
 5435 040f 60       		.sleb128 -32
 5436 0410 00       		.byte	0
 5437 0411 1F       		.uleb128 0x1f
 5438 0412 00000000 		.long	.LASF69
 5439 0416 03       		.byte	0x3
 5440 0417 0C       		.byte	0xc
 5441 0418 06       		.byte	0x6
 5442 0419 00000000 		.quad	.LFB35
 5442      00000000 
 5443 0421 A70F0000 		.quad	.LFE35-.LFB35
 5443      00000000 
 5444 0429 01       		.uleb128 0x1
 5445 042a 9C       		.byte	0x9c
 5446 042b 76060000 		.long	0x676
 5447 042f 04       		.uleb128 0x4
 5448 0430 6900     		.string	"i"
 5449 0432 03       		.byte	0x3
 5450 0433 0D       		.byte	0xd
 5451 0434 06       		.byte	0x6
 5452 0435 12030000 		.long	0x312
 5453 0439 02       		.uleb128 0x2
 5454 043a 91       		.byte	0x91
 5455 043b 5C       		.sleb128 -36
 5456 043c 04       		.uleb128 0x4
 5457 043d 6A00     		.string	"j"
 5458 043f 03       		.byte	0x3
GAS LISTING memory.s 			page 125


 5459 0440 0D       		.byte	0xd
 5460 0441 08       		.byte	0x8
 5461 0442 12030000 		.long	0x312
 5462 0446 02       		.uleb128 0x2
 5463 0447 91       		.byte	0x91
 5464 0448 58       		.sleb128 -40
 5465 0449 10       		.uleb128 0x10
 5466 044a 00000000 		.long	.LASF57
 5467 044e 0F       		.byte	0xf
 5468 044f 10       		.byte	0x10
 5469 0450 69000000 		.long	0x69
 5470 0454 02       		.uleb128 0x2
 5471 0455 91       		.byte	0x91
 5472 0456 50       		.sleb128 -48
 5473 0457 04       		.uleb128 0x4
 5474 0458 7000     		.string	"p"
 5475 045a 03       		.byte	0x3
 5476 045b 10       		.byte	0x10
 5477 045c 0F       		.byte	0xf
 5478 045d 76060000 		.long	0x676
 5479 0461 02       		.uleb128 0x2
 5480 0462 91       		.byte	0x91
 5481 0463 48       		.sleb128 -56
 5482 0464 0C       		.uleb128 0xc
 5483 0465 00000000 		.long	.LASF58
 5484 0469 03       		.byte	0x3
 5485 046a 1C01     		.value	0x11c
 5486 046c 10       		.byte	0x10
 5487 046d 69000000 		.long	0x69
 5488 0471 03       		.uleb128 0x3
 5489 0472 91       		.byte	0x91
 5490 0473 A87F     		.sleb128 -88
 5491 0475 09       		.uleb128 0x9
 5492 0476 00000000 		.quad	.LBB2
 5492      00000000 
 5493 047e B8010000 		.quad	.LBE2-.LBB2
 5493      00000000 
 5494 0486 C7040000 		.long	0x4c7
 5495 048a 04       		.uleb128 0x4
 5496 048b 6900     		.string	"i"
 5497 048d 03       		.byte	0x3
 5498 048e 13       		.byte	0x13
 5499 048f 0B       		.byte	0xb
 5500 0490 12030000 		.long	0x312
 5501 0494 02       		.uleb128 0x2
 5502 0495 91       		.byte	0x91
 5503 0496 44       		.sleb128 -60
 5504 0497 20       		.uleb128 0x20
 5505 0498 00000000 		.quad	.LBB3
 5505      00000000 
 5506 04a0 9E010000 		.quad	.LBE3-.LBB3
 5506      00000000 
 5507 04a8 04       		.uleb128 0x4
 5508 04a9 746D7000 		.string	"tmp"
 5509 04ad 03       		.byte	0x3
 5510 04ae 17       		.byte	0x17
 5511 04af 11       		.byte	0x11
GAS LISTING memory.s 			page 126


 5512 04b0 69000000 		.long	0x69
 5513 04b4 03       		.uleb128 0x3
 5514 04b5 91       		.byte	0x91
 5515 04b6 B07F     		.sleb128 -80
 5516 04b8 01       		.uleb128 0x1
 5517 04b9 00000000 		.quad	.LVL1
 5517      00000000 
 5518 04c1 A7030000 		.long	0x3a7
 5519 04c5 00       		.byte	0
 5520 04c6 00       		.byte	0
 5521 04c7 09       		.uleb128 0x9
 5522 04c8 00000000 		.quad	.LBB4
 5522      00000000 
 5523 04d0 E9000000 		.quad	.LBE4-.LBB4
 5523      00000000 
 5524 04d8 FC040000 		.long	0x4fc
 5525 04dc 10       		.uleb128 0x10
 5526 04dd 00000000 		.long	.LASF59
 5527 04e1 28       		.byte	0x28
 5528 04e2 11       		.byte	0x11
 5529 04e3 69000000 		.long	0x69
 5530 04e7 03       		.uleb128 0x3
 5531 04e8 91       		.byte	0x91
 5532 04e9 F87E     		.sleb128 -136
 5533 04eb 04       		.uleb128 0x4
 5534 04ec 656E6400 		.string	"end"
 5535 04f0 03       		.byte	0x3
 5536 04f1 28       		.byte	0x28
 5537 04f2 17       		.byte	0x17
 5538 04f3 69000000 		.long	0x69
 5539 04f7 03       		.uleb128 0x3
 5540 04f8 91       		.byte	0x91
 5541 04f9 F07E     		.sleb128 -144
 5542 04fb 00       		.byte	0
 5543 04fc 09       		.uleb128 0x9
 5544 04fd 00000000 		.quad	.LBB5
 5544      00000000 
 5545 0505 F4020000 		.quad	.LBE5-.LBB5
 5545      00000000 
 5546 050d 4D050000 		.long	0x54d
 5547 0511 10       		.uleb128 0x10
 5548 0512 00000000 		.long	.LASF59
 5549 0516 97       		.byte	0x97
 5550 0517 10       		.byte	0x10
 5551 0518 69000000 		.long	0x69
 5552 051c 03       		.uleb128 0x3
 5553 051d 91       		.byte	0x91
 5554 051e 907F     		.sleb128 -112
 5555 0520 04       		.uleb128 0x4
 5556 0521 656E6400 		.string	"end"
 5557 0525 03       		.byte	0x3
 5558 0526 97       		.byte	0x97
 5559 0527 17       		.byte	0x17
 5560 0528 69000000 		.long	0x69
 5561 052c 03       		.uleb128 0x3
 5562 052d 91       		.byte	0x91
 5563 052e 887F     		.sleb128 -120
GAS LISTING memory.s 			page 127


 5564 0530 04       		.uleb128 0x4
 5565 0531 7A00     		.string	"z"
 5566 0533 03       		.byte	0x3
 5567 0534 98       		.byte	0x98
 5568 0535 0F       		.byte	0xf
 5569 0536 47020000 		.long	0x247
 5570 053a 03       		.uleb128 0x3
 5571 053b 91       		.byte	0x91
 5572 053c 807F     		.sleb128 -128
 5573 053e 04       		.uleb128 0x4
 5574 053f 7000     		.string	"p"
 5575 0541 03       		.byte	0x3
 5576 0542 99       		.byte	0x99
 5577 0543 0F       		.byte	0xf
 5578 0544 B3010000 		.long	0x1b3
 5579 0548 03       		.uleb128 0x3
 5580 0549 91       		.byte	0x91
 5581 054a B87F     		.sleb128 -72
 5582 054c 00       		.byte	0
 5583 054d 09       		.uleb128 0x9
 5584 054e 00000000 		.quad	.LBB6
 5584      00000000 
 5585 0556 BD000000 		.quad	.LBE6-.LBB6
 5585      00000000 
 5586 055e 7E050000 		.long	0x57e
 5587 0562 04       		.uleb128 0x4
 5588 0563 7A00     		.string	"z"
 5589 0565 03       		.byte	0x3
 5590 0566 F7       		.byte	0xf7
 5591 0567 0F       		.byte	0xf
 5592 0568 47020000 		.long	0x247
 5593 056c 03       		.uleb128 0x3
 5594 056d 91       		.byte	0x91
 5595 056e 987F     		.sleb128 -104
 5596 0570 01       		.uleb128 0x1
 5597 0571 00000000 		.quad	.LVL11
 5597      00000000 
 5598 0579 A7030000 		.long	0x3a7
 5599 057d 00       		.byte	0
 5600 057e 09       		.uleb128 0x9
 5601 057f 00000000 		.quad	.LBB7
 5601      00000000 
 5602 0587 0A000000 		.quad	.LBE7-.LBB7
 5602      00000000 
 5603 058f A5050000 		.long	0x5a5
 5604 0593 0C       		.uleb128 0xc
 5605 0594 00000000 		.long	.LASF60
 5606 0598 03       		.byte	0x3
 5607 0599 2301     		.value	0x123
 5608 059b 02       		.byte	0x2
 5609 059c 69000000 		.long	0x69
 5610 05a0 03       		.uleb128 0x3
 5611 05a1 91       		.byte	0x91
 5612 05a2 A07F     		.sleb128 -96
 5613 05a4 00       		.byte	0
 5614 05a5 01       		.uleb128 0x1
 5615 05a6 00000000 		.quad	.LVL0
GAS LISTING memory.s 			page 128


 5615      00000000 
 5616 05ae A7030000 		.long	0x3a7
 5617 05b2 01       		.uleb128 0x1
 5618 05b3 00000000 		.quad	.LVL2
 5618      00000000 
 5619 05bb A7030000 		.long	0x3a7
 5620 05bf 01       		.uleb128 0x1
 5621 05c0 00000000 		.quad	.LVL3
 5621      00000000 
 5622 05c8 A7030000 		.long	0x3a7
 5623 05cc 01       		.uleb128 0x1
 5624 05cd 00000000 		.quad	.LVL4
 5624      00000000 
 5625 05d5 A7030000 		.long	0x3a7
 5626 05d9 01       		.uleb128 0x1
 5627 05da 00000000 		.quad	.LVL5
 5627      00000000 
 5628 05e2 7B060000 		.long	0x67b
 5629 05e6 01       		.uleb128 0x1
 5630 05e7 00000000 		.quad	.LVL6
 5630      00000000 
 5631 05ef 7B060000 		.long	0x67b
 5632 05f3 01       		.uleb128 0x1
 5633 05f4 00000000 		.quad	.LVL7
 5633      00000000 
 5634 05fc 7B060000 		.long	0x67b
 5635 0600 01       		.uleb128 0x1
 5636 0601 00000000 		.quad	.LVL8
 5636      00000000 
 5637 0609 A7030000 		.long	0x3a7
 5638 060d 01       		.uleb128 0x1
 5639 060e 00000000 		.quad	.LVL9
 5639      00000000 
 5640 0616 A7030000 		.long	0x3a7
 5641 061a 01       		.uleb128 0x1
 5642 061b 00000000 		.quad	.LVL10
 5642      00000000 
 5643 0623 A7030000 		.long	0x3a7
 5644 0627 01       		.uleb128 0x1
 5645 0628 00000000 		.quad	.LVL12
 5645      00000000 
 5646 0630 A7030000 		.long	0x3a7
 5647 0634 01       		.uleb128 0x1
 5648 0635 00000000 		.quad	.LVL13
 5648      00000000 
 5649 063d CD030000 		.long	0x3cd
 5650 0641 01       		.uleb128 0x1
 5651 0642 00000000 		.quad	.LVL14
 5651      00000000 
 5652 064a 0A070000 		.long	0x70a
 5653 064e 01       		.uleb128 0x1
 5654 064f 00000000 		.quad	.LVL15
 5654      00000000 
 5655 0657 A7030000 		.long	0x3a7
 5656 065b 01       		.uleb128 0x1
 5657 065c 00000000 		.quad	.LVL16
 5657      00000000 
GAS LISTING memory.s 			page 129


 5658 0664 A7030000 		.long	0x3a7
 5659 0668 01       		.uleb128 0x1
 5660 0669 00000000 		.quad	.LVL17
 5660      00000000 
 5661 0671 A7030000 		.long	0x3a7
 5662 0675 00       		.byte	0
 5663 0676 06       		.uleb128 0x6
 5664 0677 35000000 		.long	0x35
 5665 067b 21       		.uleb128 0x21
 5666 067c 00000000 		.long	.LASF70
 5667 0680 02       		.byte	0x2
 5668 0681 2001     		.value	0x120
 5669 0683 16       		.byte	0x16
 5670 0684 68020000 		.long	0x268
 5671 0688 00000000 		.quad	.LFB13
 5671      00000000 
 5672 0690 DA000000 		.quad	.LFE13-.LFB13
 5672      00000000 
 5673 0698 01       		.uleb128 0x1
 5674 0699 9C       		.byte	0x9c
 5675 069a FE060000 		.long	0x6fe
 5676 069e 0B       		.uleb128 0xb
 5677 069f 00000000 		.long	.LASF61
 5678 06a3 02       		.byte	0x2
 5679 06a4 2001     		.value	0x120
 5680 06a6 24       		.byte	0x24
 5681 06a7 68020000 		.long	0x268
 5682 06ab 02       		.uleb128 0x2
 5683 06ac 91       		.byte	0x91
 5684 06ad 48       		.sleb128 -56
 5685 06ae 22       		.uleb128 0x22
 5686 06af 4300     		.string	"C"
 5687 06b1 02       		.byte	0x2
 5688 06b2 2001     		.value	0x120
 5689 06b4 3B       		.byte	0x3b
 5690 06b5 80020000 		.long	0x280
 5691 06b9 02       		.uleb128 0x2
 5692 06ba 91       		.byte	0x91
 5693 06bb 44       		.sleb128 -60
 5694 06bc 0B       		.uleb128 0xb
 5695 06bd 00000000 		.long	.LASF62
 5696 06c1 02       		.byte	0x2
 5697 06c2 2001     		.value	0x120
 5698 06c4 43       		.byte	0x43
 5699 06c5 FE060000 		.long	0x6fe
 5700 06c9 03       		.uleb128 0x3
 5701 06ca 91       		.byte	0x91
 5702 06cb B87F     		.sleb128 -72
 5703 06cd 23       		.uleb128 0x23
 5704 06ce 70747200 		.string	"ptr"
 5705 06d2 02       		.byte	0x2
 5706 06d3 2201     		.value	0x122
 5707 06d5 14       		.byte	0x14
 5708 06d6 05070000 		.long	0x705
 5709 06da 02       		.uleb128 0x2
 5710 06db 91       		.byte	0x91
 5711 06dc 68       		.sleb128 -24
GAS LISTING memory.s 			page 130


 5712 06dd 0C       		.uleb128 0xc
 5713 06de 00000000 		.long	.LASF63
 5714 06e2 02       		.byte	0x2
 5715 06e3 2301     		.value	0x123
 5716 06e5 13       		.byte	0x13
 5717 06e6 69000000 		.long	0x69
 5718 06ea 02       		.uleb128 0x2
 5719 06eb 91       		.byte	0x91
 5720 06ec 58       		.sleb128 -40
 5721 06ed 0C       		.uleb128 0xc
 5722 06ee 00000000 		.long	.LASF64
 5723 06f2 02       		.byte	0x2
 5724 06f3 3201     		.value	0x132
 5725 06f5 0A       		.byte	0xa
 5726 06f6 FE060000 		.long	0x6fe
 5727 06fa 02       		.uleb128 0x2
 5728 06fb 91       		.byte	0x91
 5729 06fc 60       		.sleb128 -32
 5730 06fd 00       		.byte	0
 5731 06fe 07       		.uleb128 0x7
 5732 06ff 08       		.byte	0x8
 5733 0700 05       		.byte	0x5
 5734 0701 00000000 		.long	.LASF65
 5735 0705 06       		.uleb128 0x6
 5736 0706 80020000 		.long	0x280
 5737 070a 24       		.uleb128 0x24
 5738 070b 00000000 		.long	.LASF71
 5739 070f 01       		.byte	0x1
 5740 0710 B9       		.byte	0xb9
 5741 0711 17       		.byte	0x17
 5742 0712 5F010000 		.long	0x15f
 5743 0716 00000000 		.quad	.LFB0
 5743      00000000 
 5744 071e 29000000 		.quad	.LFE0-.LFB0
 5744      00000000 
 5745 0726 01       		.uleb128 0x1
 5746 0727 9C       		.byte	0x9c
 5747 0728 04       		.uleb128 0x4
 5748 0729 746D7000 		.string	"tmp"
 5749 072d 01       		.byte	0x1
 5750 072e BA       		.byte	0xba
 5751 072f 12       		.byte	0x12
 5752 0730 5F010000 		.long	0x15f
 5753 0734 02       		.uleb128 0x2
 5754 0735 91       		.byte	0x91
 5755 0736 68       		.sleb128 -24
 5756 0737 00       		.byte	0
 5757 0738 00       		.byte	0
 5758              		.section	.debug_abbrev,"",@progbits
 5759              	.Ldebug_abbrev0:
 5760 0000 01       		.uleb128 0x1
 5761 0001 48       		.uleb128 0x48
 5762 0002 00       		.byte	0
 5763 0003 7D       		.uleb128 0x7d
 5764 0004 01       		.uleb128 0x1
 5765 0005 7F       		.uleb128 0x7f
 5766 0006 13       		.uleb128 0x13
GAS LISTING memory.s 			page 131


 5767 0007 00       		.byte	0
 5768 0008 00       		.byte	0
 5769 0009 02       		.uleb128 0x2
 5770 000a 0D       		.uleb128 0xd
 5771 000b 00       		.byte	0
 5772 000c 03       		.uleb128 0x3
 5773 000d 0E       		.uleb128 0xe
 5774 000e 3A       		.uleb128 0x3a
 5775 000f 21       		.uleb128 0x21
 5776 0010 01       		.sleb128 1
 5777 0011 3B       		.uleb128 0x3b
 5778 0012 05       		.uleb128 0x5
 5779 0013 39       		.uleb128 0x39
 5780 0014 0B       		.uleb128 0xb
 5781 0015 49       		.uleb128 0x49
 5782 0016 13       		.uleb128 0x13
 5783 0017 38       		.uleb128 0x38
 5784 0018 0B       		.uleb128 0xb
 5785 0019 00       		.byte	0
 5786 001a 00       		.byte	0
 5787 001b 03       		.uleb128 0x3
 5788 001c 0D       		.uleb128 0xd
 5789 001d 00       		.byte	0
 5790 001e 03       		.uleb128 0x3
 5791 001f 0E       		.uleb128 0xe
 5792 0020 3A       		.uleb128 0x3a
 5793 0021 0B       		.uleb128 0xb
 5794 0022 3B       		.uleb128 0x3b
 5795 0023 0B       		.uleb128 0xb
 5796 0024 39       		.uleb128 0x39
 5797 0025 0B       		.uleb128 0xb
 5798 0026 49       		.uleb128 0x49
 5799 0027 13       		.uleb128 0x13
 5800 0028 38       		.uleb128 0x38
 5801 0029 0B       		.uleb128 0xb
 5802 002a 00       		.byte	0
 5803 002b 00       		.byte	0
 5804 002c 04       		.uleb128 0x4
 5805 002d 34       		.uleb128 0x34
 5806 002e 00       		.byte	0
 5807 002f 03       		.uleb128 0x3
 5808 0030 08       		.uleb128 0x8
 5809 0031 3A       		.uleb128 0x3a
 5810 0032 0B       		.uleb128 0xb
 5811 0033 3B       		.uleb128 0x3b
 5812 0034 0B       		.uleb128 0xb
 5813 0035 39       		.uleb128 0x39
 5814 0036 0B       		.uleb128 0xb
 5815 0037 49       		.uleb128 0x49
 5816 0038 13       		.uleb128 0x13
 5817 0039 02       		.uleb128 0x2
 5818 003a 18       		.uleb128 0x18
 5819 003b 00       		.byte	0
 5820 003c 00       		.byte	0
 5821 003d 05       		.uleb128 0x5
 5822 003e 0D       		.uleb128 0xd
 5823 003f 00       		.byte	0
GAS LISTING memory.s 			page 132


 5824 0040 03       		.uleb128 0x3
 5825 0041 0E       		.uleb128 0xe
 5826 0042 3A       		.uleb128 0x3a
 5827 0043 21       		.uleb128 0x21
 5828 0044 01       		.sleb128 1
 5829 0045 3B       		.uleb128 0x3b
 5830 0046 0B       		.uleb128 0xb
 5831 0047 39       		.uleb128 0x39
 5832 0048 0B       		.uleb128 0xb
 5833 0049 49       		.uleb128 0x49
 5834 004a 13       		.uleb128 0x13
 5835 004b 38       		.uleb128 0x38
 5836 004c 05       		.uleb128 0x5
 5837 004d 00       		.byte	0
 5838 004e 00       		.byte	0
 5839 004f 06       		.uleb128 0x6
 5840 0050 0F       		.uleb128 0xf
 5841 0051 00       		.byte	0
 5842 0052 0B       		.uleb128 0xb
 5843 0053 21       		.uleb128 0x21
 5844 0054 08       		.sleb128 8
 5845 0055 49       		.uleb128 0x49
 5846 0056 13       		.uleb128 0x13
 5847 0057 00       		.byte	0
 5848 0058 00       		.byte	0
 5849 0059 07       		.uleb128 0x7
 5850 005a 24       		.uleb128 0x24
 5851 005b 00       		.byte	0
 5852 005c 0B       		.uleb128 0xb
 5853 005d 0B       		.uleb128 0xb
 5854 005e 3E       		.uleb128 0x3e
 5855 005f 0B       		.uleb128 0xb
 5856 0060 03       		.uleb128 0x3
 5857 0061 0E       		.uleb128 0xe
 5858 0062 00       		.byte	0
 5859 0063 00       		.byte	0
 5860 0064 08       		.uleb128 0x8
 5861 0065 0D       		.uleb128 0xd
 5862 0066 00       		.byte	0
 5863 0067 03       		.uleb128 0x3
 5864 0068 0E       		.uleb128 0xe
 5865 0069 3A       		.uleb128 0x3a
 5866 006a 21       		.uleb128 0x21
 5867 006b 01       		.sleb128 1
 5868 006c 3B       		.uleb128 0x3b
 5869 006d 05       		.uleb128 0x5
 5870 006e 39       		.uleb128 0x39
 5871 006f 21       		.uleb128 0x21
 5872 0070 10       		.sleb128 16
 5873 0071 49       		.uleb128 0x49
 5874 0072 13       		.uleb128 0x13
 5875 0073 38       		.uleb128 0x38
 5876 0074 05       		.uleb128 0x5
 5877 0075 00       		.byte	0
 5878 0076 00       		.byte	0
 5879 0077 09       		.uleb128 0x9
 5880 0078 0B       		.uleb128 0xb
GAS LISTING memory.s 			page 133


 5881 0079 01       		.byte	0x1
 5882 007a 11       		.uleb128 0x11
 5883 007b 01       		.uleb128 0x1
 5884 007c 12       		.uleb128 0x12
 5885 007d 07       		.uleb128 0x7
 5886 007e 01       		.uleb128 0x1
 5887 007f 13       		.uleb128 0x13
 5888 0080 00       		.byte	0
 5889 0081 00       		.byte	0
 5890 0082 0A       		.uleb128 0xa
 5891 0083 34       		.uleb128 0x34
 5892 0084 00       		.byte	0
 5893 0085 03       		.uleb128 0x3
 5894 0086 0E       		.uleb128 0xe
 5895 0087 3A       		.uleb128 0x3a
 5896 0088 0B       		.uleb128 0xb
 5897 0089 3B       		.uleb128 0x3b
 5898 008a 0B       		.uleb128 0xb
 5899 008b 39       		.uleb128 0x39
 5900 008c 0B       		.uleb128 0xb
 5901 008d 49       		.uleb128 0x49
 5902 008e 13       		.uleb128 0x13
 5903 008f 3F       		.uleb128 0x3f
 5904 0090 19       		.uleb128 0x19
 5905 0091 02       		.uleb128 0x2
 5906 0092 18       		.uleb128 0x18
 5907 0093 00       		.byte	0
 5908 0094 00       		.byte	0
 5909 0095 0B       		.uleb128 0xb
 5910 0096 05       		.uleb128 0x5
 5911 0097 00       		.byte	0
 5912 0098 03       		.uleb128 0x3
 5913 0099 0E       		.uleb128 0xe
 5914 009a 3A       		.uleb128 0x3a
 5915 009b 0B       		.uleb128 0xb
 5916 009c 3B       		.uleb128 0x3b
 5917 009d 05       		.uleb128 0x5
 5918 009e 39       		.uleb128 0x39
 5919 009f 0B       		.uleb128 0xb
 5920 00a0 49       		.uleb128 0x49
 5921 00a1 13       		.uleb128 0x13
 5922 00a2 02       		.uleb128 0x2
 5923 00a3 18       		.uleb128 0x18
 5924 00a4 00       		.byte	0
 5925 00a5 00       		.byte	0
 5926 00a6 0C       		.uleb128 0xc
 5927 00a7 34       		.uleb128 0x34
 5928 00a8 00       		.byte	0
 5929 00a9 03       		.uleb128 0x3
 5930 00aa 0E       		.uleb128 0xe
 5931 00ab 3A       		.uleb128 0x3a
 5932 00ac 0B       		.uleb128 0xb
 5933 00ad 3B       		.uleb128 0x3b
 5934 00ae 05       		.uleb128 0x5
 5935 00af 39       		.uleb128 0x39
 5936 00b0 0B       		.uleb128 0xb
 5937 00b1 49       		.uleb128 0x49
GAS LISTING memory.s 			page 134


 5938 00b2 13       		.uleb128 0x13
 5939 00b3 02       		.uleb128 0x2
 5940 00b4 18       		.uleb128 0x18
 5941 00b5 00       		.byte	0
 5942 00b6 00       		.byte	0
 5943 00b7 0D       		.uleb128 0xd
 5944 00b8 01       		.uleb128 0x1
 5945 00b9 01       		.byte	0x1
 5946 00ba 49       		.uleb128 0x49
 5947 00bb 13       		.uleb128 0x13
 5948 00bc 01       		.uleb128 0x1
 5949 00bd 13       		.uleb128 0x13
 5950 00be 00       		.byte	0
 5951 00bf 00       		.byte	0
 5952 00c0 0E       		.uleb128 0xe
 5953 00c1 21       		.uleb128 0x21
 5954 00c2 00       		.byte	0
 5955 00c3 49       		.uleb128 0x49
 5956 00c4 13       		.uleb128 0x13
 5957 00c5 2F       		.uleb128 0x2f
 5958 00c6 0B       		.uleb128 0xb
 5959 00c7 00       		.byte	0
 5960 00c8 00       		.byte	0
 5961 00c9 0F       		.uleb128 0xf
 5962 00ca 05       		.uleb128 0x5
 5963 00cb 00       		.byte	0
 5964 00cc 49       		.uleb128 0x49
 5965 00cd 13       		.uleb128 0x13
 5966 00ce 00       		.byte	0
 5967 00cf 00       		.byte	0
 5968 00d0 10       		.uleb128 0x10
 5969 00d1 34       		.uleb128 0x34
 5970 00d2 00       		.byte	0
 5971 00d3 03       		.uleb128 0x3
 5972 00d4 0E       		.uleb128 0xe
 5973 00d5 3A       		.uleb128 0x3a
 5974 00d6 21       		.uleb128 0x21
 5975 00d7 03       		.sleb128 3
 5976 00d8 3B       		.uleb128 0x3b
 5977 00d9 0B       		.uleb128 0xb
 5978 00da 39       		.uleb128 0x39
 5979 00db 0B       		.uleb128 0xb
 5980 00dc 49       		.uleb128 0x49
 5981 00dd 13       		.uleb128 0x13
 5982 00de 02       		.uleb128 0x2
 5983 00df 18       		.uleb128 0x18
 5984 00e0 00       		.byte	0
 5985 00e1 00       		.byte	0
 5986 00e2 11       		.uleb128 0x11
 5987 00e3 13       		.uleb128 0x13
 5988 00e4 01       		.byte	0x1
 5989 00e5 03       		.uleb128 0x3
 5990 00e6 0E       		.uleb128 0xe
 5991 00e7 0B       		.uleb128 0xb
 5992 00e8 0B       		.uleb128 0xb
 5993 00e9 3A       		.uleb128 0x3a
 5994 00ea 0B       		.uleb128 0xb
GAS LISTING memory.s 			page 135


 5995 00eb 3B       		.uleb128 0x3b
 5996 00ec 0B       		.uleb128 0xb
 5997 00ed 39       		.uleb128 0x39
 5998 00ee 21       		.uleb128 0x21
 5999 00ef 08       		.sleb128 8
 6000 00f0 01       		.uleb128 0x1
 6001 00f1 13       		.uleb128 0x13
 6002 00f2 00       		.byte	0
 6003 00f3 00       		.byte	0
 6004 00f4 12       		.uleb128 0x12
 6005 00f5 13       		.uleb128 0x13
 6006 00f6 01       		.byte	0x1
 6007 00f7 03       		.uleb128 0x3
 6008 00f8 0E       		.uleb128 0xe
 6009 00f9 0B       		.uleb128 0xb
 6010 00fa 0B       		.uleb128 0xb
 6011 00fb 3A       		.uleb128 0x3a
 6012 00fc 21       		.uleb128 0x21
 6013 00fd 01       		.sleb128 1
 6014 00fe 3B       		.uleb128 0x3b
 6015 00ff 05       		.uleb128 0x5
 6016 0100 39       		.uleb128 0x39
 6017 0101 21       		.uleb128 0x21
 6018 0102 08       		.sleb128 8
 6019 0103 01       		.uleb128 0x1
 6020 0104 13       		.uleb128 0x13
 6021 0105 00       		.byte	0
 6022 0106 00       		.byte	0
 6023 0107 13       		.uleb128 0x13
 6024 0108 34       		.uleb128 0x34
 6025 0109 00       		.byte	0
 6026 010a 03       		.uleb128 0x3
 6027 010b 08       		.uleb128 0x8
 6028 010c 3A       		.uleb128 0x3a
 6029 010d 21       		.uleb128 0x21
 6030 010e 05       		.sleb128 5
 6031 010f 3B       		.uleb128 0x3b
 6032 0110 0B       		.uleb128 0xb
 6033 0111 39       		.uleb128 0x39
 6034 0112 0B       		.uleb128 0xb
 6035 0113 49       		.uleb128 0x49
 6036 0114 13       		.uleb128 0x13
 6037 0115 3F       		.uleb128 0x3f
 6038 0116 19       		.uleb128 0x19
 6039 0117 02       		.uleb128 0x2
 6040 0118 18       		.uleb128 0x18
 6041 0119 00       		.byte	0
 6042 011a 00       		.byte	0
 6043 011b 14       		.uleb128 0x14
 6044 011c 11       		.uleb128 0x11
 6045 011d 01       		.byte	0x1
 6046 011e 25       		.uleb128 0x25
 6047 011f 0E       		.uleb128 0xe
 6048 0120 13       		.uleb128 0x13
 6049 0121 0B       		.uleb128 0xb
 6050 0122 03       		.uleb128 0x3
 6051 0123 1F       		.uleb128 0x1f
GAS LISTING memory.s 			page 136


 6052 0124 1B       		.uleb128 0x1b
 6053 0125 1F       		.uleb128 0x1f
 6054 0126 11       		.uleb128 0x11
 6055 0127 01       		.uleb128 0x1
 6056 0128 12       		.uleb128 0x12
 6057 0129 07       		.uleb128 0x7
 6058 012a 10       		.uleb128 0x10
 6059 012b 17       		.uleb128 0x17
 6060 012c 00       		.byte	0
 6061 012d 00       		.byte	0
 6062 012e 15       		.uleb128 0x15
 6063 012f 13       		.uleb128 0x13
 6064 0130 01       		.byte	0x1
 6065 0131 03       		.uleb128 0x3
 6066 0132 0E       		.uleb128 0xe
 6067 0133 0B       		.uleb128 0xb
 6068 0134 05       		.uleb128 0x5
 6069 0135 3A       		.uleb128 0x3a
 6070 0136 0B       		.uleb128 0xb
 6071 0137 3B       		.uleb128 0x3b
 6072 0138 0B       		.uleb128 0xb
 6073 0139 39       		.uleb128 0x39
 6074 013a 0B       		.uleb128 0xb
 6075 013b 01       		.uleb128 0x1
 6076 013c 13       		.uleb128 0x13
 6077 013d 00       		.byte	0
 6078 013e 00       		.byte	0
 6079 013f 16       		.uleb128 0x16
 6080 0140 0D       		.uleb128 0xd
 6081 0141 00       		.byte	0
 6082 0142 03       		.uleb128 0x3
 6083 0143 08       		.uleb128 0x8
 6084 0144 3A       		.uleb128 0x3a
 6085 0145 0B       		.uleb128 0xb
 6086 0146 3B       		.uleb128 0x3b
 6087 0147 05       		.uleb128 0x5
 6088 0148 39       		.uleb128 0x39
 6089 0149 0B       		.uleb128 0xb
 6090 014a 49       		.uleb128 0x49
 6091 014b 13       		.uleb128 0x13
 6092 014c 38       		.uleb128 0x38
 6093 014d 0B       		.uleb128 0xb
 6094 014e 00       		.byte	0
 6095 014f 00       		.byte	0
 6096 0150 17       		.uleb128 0x17
 6097 0151 34       		.uleb128 0x34
 6098 0152 00       		.byte	0
 6099 0153 03       		.uleb128 0x3
 6100 0154 0E       		.uleb128 0xe
 6101 0155 3A       		.uleb128 0x3a
 6102 0156 0B       		.uleb128 0xb
 6103 0157 3B       		.uleb128 0x3b
 6104 0158 05       		.uleb128 0x5
 6105 0159 39       		.uleb128 0x39
 6106 015a 0B       		.uleb128 0xb
 6107 015b 49       		.uleb128 0x49
 6108 015c 13       		.uleb128 0x13
GAS LISTING memory.s 			page 137


 6109 015d 3F       		.uleb128 0x3f
 6110 015e 19       		.uleb128 0x19
 6111 015f 02       		.uleb128 0x2
 6112 0160 18       		.uleb128 0x18
 6113 0161 00       		.byte	0
 6114 0162 00       		.byte	0
 6115 0163 18       		.uleb128 0x18
 6116 0164 0F       		.uleb128 0xf
 6117 0165 00       		.byte	0
 6118 0166 0B       		.uleb128 0xb
 6119 0167 0B       		.uleb128 0xb
 6120 0168 00       		.byte	0
 6121 0169 00       		.byte	0
 6122 016a 19       		.uleb128 0x19
 6123 016b 24       		.uleb128 0x24
 6124 016c 00       		.byte	0
 6125 016d 0B       		.uleb128 0xb
 6126 016e 0B       		.uleb128 0xb
 6127 016f 3E       		.uleb128 0x3e
 6128 0170 0B       		.uleb128 0xb
 6129 0171 03       		.uleb128 0x3
 6130 0172 08       		.uleb128 0x8
 6131 0173 00       		.byte	0
 6132 0174 00       		.byte	0
 6133 0175 1A       		.uleb128 0x1a
 6134 0176 21       		.uleb128 0x21
 6135 0177 00       		.byte	0
 6136 0178 49       		.uleb128 0x49
 6137 0179 13       		.uleb128 0x13
 6138 017a 2F       		.uleb128 0x2f
 6139 017b 05       		.uleb128 0x5
 6140 017c 00       		.byte	0
 6141 017d 00       		.byte	0
 6142 017e 1B       		.uleb128 0x1b
 6143 017f 26       		.uleb128 0x26
 6144 0180 00       		.byte	0
 6145 0181 49       		.uleb128 0x49
 6146 0182 13       		.uleb128 0x13
 6147 0183 00       		.byte	0
 6148 0184 00       		.byte	0
 6149 0185 1C       		.uleb128 0x1c
 6150 0186 2E       		.uleb128 0x2e
 6151 0187 01       		.byte	0x1
 6152 0188 3F       		.uleb128 0x3f
 6153 0189 19       		.uleb128 0x19
 6154 018a 03       		.uleb128 0x3
 6155 018b 0E       		.uleb128 0xe
 6156 018c 3A       		.uleb128 0x3a
 6157 018d 0B       		.uleb128 0xb
 6158 018e 3B       		.uleb128 0x3b
 6159 018f 0B       		.uleb128 0xb
 6160 0190 39       		.uleb128 0x39
 6161 0191 0B       		.uleb128 0xb
 6162 0192 27       		.uleb128 0x27
 6163 0193 19       		.uleb128 0x19
 6164 0194 49       		.uleb128 0x49
 6165 0195 13       		.uleb128 0x13
GAS LISTING memory.s 			page 138


 6166 0196 3C       		.uleb128 0x3c
 6167 0197 19       		.uleb128 0x19
 6168 0198 01       		.uleb128 0x1
 6169 0199 13       		.uleb128 0x13
 6170 019a 00       		.byte	0
 6171 019b 00       		.byte	0
 6172 019c 1D       		.uleb128 0x1d
 6173 019d 18       		.uleb128 0x18
 6174 019e 00       		.byte	0
 6175 019f 00       		.byte	0
 6176 01a0 00       		.byte	0
 6177 01a1 1E       		.uleb128 0x1e
 6178 01a2 2E       		.uleb128 0x2e
 6179 01a3 01       		.byte	0x1
 6180 01a4 3F       		.uleb128 0x3f
 6181 01a5 19       		.uleb128 0x19
 6182 01a6 03       		.uleb128 0x3
 6183 01a7 0E       		.uleb128 0xe
 6184 01a8 3A       		.uleb128 0x3a
 6185 01a9 0B       		.uleb128 0xb
 6186 01aa 3B       		.uleb128 0x3b
 6187 01ab 05       		.uleb128 0x5
 6188 01ac 39       		.uleb128 0x39
 6189 01ad 0B       		.uleb128 0xb
 6190 01ae 27       		.uleb128 0x27
 6191 01af 19       		.uleb128 0x19
 6192 01b0 49       		.uleb128 0x49
 6193 01b1 13       		.uleb128 0x13
 6194 01b2 11       		.uleb128 0x11
 6195 01b3 01       		.uleb128 0x1
 6196 01b4 12       		.uleb128 0x12
 6197 01b5 07       		.uleb128 0x7
 6198 01b6 40       		.uleb128 0x40
 6199 01b7 18       		.uleb128 0x18
 6200 01b8 7A       		.uleb128 0x7a
 6201 01b9 19       		.uleb128 0x19
 6202 01ba 01       		.uleb128 0x1
 6203 01bb 13       		.uleb128 0x13
 6204 01bc 00       		.byte	0
 6205 01bd 00       		.byte	0
 6206 01be 1F       		.uleb128 0x1f
 6207 01bf 2E       		.uleb128 0x2e
 6208 01c0 01       		.byte	0x1
 6209 01c1 3F       		.uleb128 0x3f
 6210 01c2 19       		.uleb128 0x19
 6211 01c3 03       		.uleb128 0x3
 6212 01c4 0E       		.uleb128 0xe
 6213 01c5 3A       		.uleb128 0x3a
 6214 01c6 0B       		.uleb128 0xb
 6215 01c7 3B       		.uleb128 0x3b
 6216 01c8 0B       		.uleb128 0xb
 6217 01c9 39       		.uleb128 0x39
 6218 01ca 0B       		.uleb128 0xb
 6219 01cb 11       		.uleb128 0x11
 6220 01cc 01       		.uleb128 0x1
 6221 01cd 12       		.uleb128 0x12
 6222 01ce 07       		.uleb128 0x7
GAS LISTING memory.s 			page 139


 6223 01cf 40       		.uleb128 0x40
 6224 01d0 18       		.uleb128 0x18
 6225 01d1 7A       		.uleb128 0x7a
 6226 01d2 19       		.uleb128 0x19
 6227 01d3 01       		.uleb128 0x1
 6228 01d4 13       		.uleb128 0x13
 6229 01d5 00       		.byte	0
 6230 01d6 00       		.byte	0
 6231 01d7 20       		.uleb128 0x20
 6232 01d8 0B       		.uleb128 0xb
 6233 01d9 01       		.byte	0x1
 6234 01da 11       		.uleb128 0x11
 6235 01db 01       		.uleb128 0x1
 6236 01dc 12       		.uleb128 0x12
 6237 01dd 07       		.uleb128 0x7
 6238 01de 00       		.byte	0
 6239 01df 00       		.byte	0
 6240 01e0 21       		.uleb128 0x21
 6241 01e1 2E       		.uleb128 0x2e
 6242 01e2 01       		.byte	0x1
 6243 01e3 03       		.uleb128 0x3
 6244 01e4 0E       		.uleb128 0xe
 6245 01e5 3A       		.uleb128 0x3a
 6246 01e6 0B       		.uleb128 0xb
 6247 01e7 3B       		.uleb128 0x3b
 6248 01e8 05       		.uleb128 0x5
 6249 01e9 39       		.uleb128 0x39
 6250 01ea 0B       		.uleb128 0xb
 6251 01eb 27       		.uleb128 0x27
 6252 01ec 19       		.uleb128 0x19
 6253 01ed 49       		.uleb128 0x49
 6254 01ee 13       		.uleb128 0x13
 6255 01ef 11       		.uleb128 0x11
 6256 01f0 01       		.uleb128 0x1
 6257 01f1 12       		.uleb128 0x12
 6258 01f2 07       		.uleb128 0x7
 6259 01f3 40       		.uleb128 0x40
 6260 01f4 18       		.uleb128 0x18
 6261 01f5 7A       		.uleb128 0x7a
 6262 01f6 19       		.uleb128 0x19
 6263 01f7 01       		.uleb128 0x1
 6264 01f8 13       		.uleb128 0x13
 6265 01f9 00       		.byte	0
 6266 01fa 00       		.byte	0
 6267 01fb 22       		.uleb128 0x22
 6268 01fc 05       		.uleb128 0x5
 6269 01fd 00       		.byte	0
 6270 01fe 03       		.uleb128 0x3
 6271 01ff 08       		.uleb128 0x8
 6272 0200 3A       		.uleb128 0x3a
 6273 0201 0B       		.uleb128 0xb
 6274 0202 3B       		.uleb128 0x3b
 6275 0203 05       		.uleb128 0x5
 6276 0204 39       		.uleb128 0x39
 6277 0205 0B       		.uleb128 0xb
 6278 0206 49       		.uleb128 0x49
 6279 0207 13       		.uleb128 0x13
GAS LISTING memory.s 			page 140


 6280 0208 02       		.uleb128 0x2
 6281 0209 18       		.uleb128 0x18
 6282 020a 00       		.byte	0
 6283 020b 00       		.byte	0
 6284 020c 23       		.uleb128 0x23
 6285 020d 34       		.uleb128 0x34
 6286 020e 00       		.byte	0
 6287 020f 03       		.uleb128 0x3
 6288 0210 08       		.uleb128 0x8
 6289 0211 3A       		.uleb128 0x3a
 6290 0212 0B       		.uleb128 0xb
 6291 0213 3B       		.uleb128 0x3b
 6292 0214 05       		.uleb128 0x5
 6293 0215 39       		.uleb128 0x39
 6294 0216 0B       		.uleb128 0xb
 6295 0217 49       		.uleb128 0x49
 6296 0218 13       		.uleb128 0x13
 6297 0219 02       		.uleb128 0x2
 6298 021a 18       		.uleb128 0x18
 6299 021b 00       		.byte	0
 6300 021c 00       		.byte	0
 6301 021d 24       		.uleb128 0x24
 6302 021e 2E       		.uleb128 0x2e
 6303 021f 01       		.byte	0x1
 6304 0220 03       		.uleb128 0x3
 6305 0221 0E       		.uleb128 0xe
 6306 0222 3A       		.uleb128 0x3a
 6307 0223 0B       		.uleb128 0xb
 6308 0224 3B       		.uleb128 0x3b
 6309 0225 0B       		.uleb128 0xb
 6310 0226 39       		.uleb128 0x39
 6311 0227 0B       		.uleb128 0xb
 6312 0228 49       		.uleb128 0x49
 6313 0229 13       		.uleb128 0x13
 6314 022a 11       		.uleb128 0x11
 6315 022b 01       		.uleb128 0x1
 6316 022c 12       		.uleb128 0x12
 6317 022d 07       		.uleb128 0x7
 6318 022e 40       		.uleb128 0x40
 6319 022f 18       		.uleb128 0x18
 6320 0230 7A       		.uleb128 0x7a
 6321 0231 19       		.uleb128 0x19
 6322 0232 00       		.byte	0
 6323 0233 00       		.byte	0
 6324 0234 00       		.byte	0
 6325              		.section	.debug_aranges,"",@progbits
 6326 0000 2C000000 		.long	0x2c
 6327 0004 0200     		.value	0x2
 6328 0006 00000000 		.long	.Ldebug_info0
 6329 000a 08       		.byte	0x8
 6330 000b 00       		.byte	0
 6331 000c 0000     		.value	0
 6332 000e 0000     		.value	0
 6333 0010 00000000 		.quad	.Ltext0
 6333      00000000 
 6334 0018 C0120000 		.quad	.Letext0-.Ltext0
 6334      00000000 
GAS LISTING memory.s 			page 141


 6335 0020 00000000 		.quad	0
 6335      00000000 
 6336 0028 00000000 		.quad	0
 6336      00000000 
 6337              		.section	.debug_line,"",@progbits
 6338              	.Ldebug_line0:
 6339 0000 7A050000 		.section	.debug_str,"MS",@progbits,1
 6339      05000800 
 6339      3E000000 
 6339      010101FB 
 6339      0E0D0001 
 6340              	.LASF45:
 6341 0000 58506F73 		.string	"XPosition"
 6341      6974696F 
 6341      6E00
 6342              	.LASF63:
 6343 000a 70617474 		.string	"pattern"
 6343      65726E00 
 6344              	.LASF61:
 6345 0012 41646472 		.string	"Address"
 6345      65737300 
 6346              	.LASF46:
 6347 001a 59506F73 		.string	"YPosition"
 6347      6974696F 
 6347      6E00
 6348              	.LASF18:
 6349 0024 7A6F6E65 		.string	"zones_size"
 6349      735F7369 
 6349      7A6500
 6350              	.LASF8:
 6351 002f 476C6F62 		.string	"Global_Memory_Descriptor"
 6351      616C5F4D 
 6351      656D6F72 
 6351      795F4465 
 6351      73637269 
 6352              	.LASF49:
 6353 0048 46425F61 		.string	"FB_addr"
 6353      64647200 
 6354              	.LASF25:
 6355 0050 50616765 		.string	"Page"
 6355      00
 6356              	.LASF36:
 6357 0055 70616765 		.string	"page_using_count"
 6357      5F757369 
 6357      6E675F63 
 6357      6F756E74 
 6357      00
 6358              	.LASF67:
 6359 0066 636F6C6F 		.string	"color_printk"
 6359      725F7072 
 6359      696E746B 
 6359      00
 6360              	.LASF58:
 6361 0073 476C6F62 		.string	"Global_CR3"
 6361      616C5F43 
 6361      523300
 6362              	.LASF28:
GAS LISTING memory.s 			page 142


 6363 007e 61747472 		.string	"attribute"
 6363      69627574 
 6363      6500
 6364              	.LASF20:
 6365 0088 73746172 		.string	"start_code"
 6365      745F636F 
 6365      646500
 6366              	.LASF11:
 6367 0093 62697473 		.string	"bits_map"
 6367      5F6D6170 
 6367      00
 6368              	.LASF35:
 6369 009c 474D445F 		.string	"GMD_struct"
 6369      73747275 
 6369      637400
 6370              	.LASF24:
 6371 00a7 656E645F 		.string	"end_of_struct"
 6371      6F665F73 
 6371      74727563 
 6371      7400
 6372              	.LASF13:
 6373 00b5 62697473 		.string	"bits_length"
 6373      5F6C656E 
 6373      67746800 
 6374              	.LASF33:
 6375 00c1 7A6F6E65 		.string	"zone_end_address"
 6375      5F656E64 
 6375      5F616464 
 6375      72657373 
 6375      00
 6376              	.LASF32:
 6377 00d2 7A6F6E65 		.string	"zone_start_address"
 6377      5F737461 
 6377      72745F61 
 6377      64647265 
 6377      737300
 6378              	.LASF12:
 6379 00e5 62697473 		.string	"bits_size"
 6379      5F73697A 
 6379      6500
 6380              	.LASF69:
 6381 00ef 696E6974 		.string	"init_memory"
 6381      5F6D656D 
 6381      6F727900 
 6382              	.LASF10:
 6383 00fb 65383230 		.string	"e820_length"
 6383      5F6C656E 
 6383      67746800 
 6384              	.LASF47:
 6385 0107 58436861 		.string	"XCharSize"
 6385      7253697A 
 6385      6500
 6386              	.LASF17:
 6387 0111 7A6F6E65 		.string	"zones_struct"
 6387      735F7374 
 6387      72756374 
 6387      00
GAS LISTING memory.s 			page 143


 6388              	.LASF48:
 6389 011e 59436861 		.string	"YCharSize"
 6389      7253697A 
 6389      6500
 6390              	.LASF31:
 6391 0128 70616765 		.string	"pages_group"
 6391      735F6772 
 6391      6F757000 
 6392              	.LASF68:
 6393 0134 70616765 		.string	"page_init"
 6393      5F696E69 
 6393      7400
 6394              	.LASF3:
 6395 013e 6C656E67 		.string	"length"
 6395      746800
 6396              	.LASF41:
 6397 0145 666F6E74 		.string	"font_ascii"
 6397      5F617363 
 6397      696900
 6398              	.LASF52:
 6399 0150 5A4F4E45 		.string	"ZONE_DMA_INDEX"
 6399      5F444D41 
 6399      5F494E44 
 6399      455800
 6400              	.LASF59:
 6401 015f 73746172 		.string	"start"
 6401      7400
 6402              	.LASF39:
 6403 0165 756E7369 		.string	"unsigned char"
 6403      676E6564 
 6403      20636861 
 6403      7200
 6404              	.LASF60:
 6405 0173 746D7072 		.string	"tmpreq"
 6405      657100
 6406              	.LASF50:
 6407 017a 46425F6C 		.string	"FB_length"
 6407      656E6774 
 6407      6800
 6408              	.LASF56:
 6409 0184 666C6167 		.string	"flags"
 6409      7300
 6410              	.LASF2:
 6411 018a 61646472 		.string	"address"
 6411      65737300 
 6412              	.LASF4:
 6413 0192 74797065 		.string	"type"
 6413      00
 6414              	.LASF15:
 6415 0197 70616765 		.string	"pages_size"
 6415      735F7369 
 6415      7A6500
 6416              	.LASF40:
 6417 01a2 6D656D6F 		.string	"memory_management_struct"
 6417      72795F6D 
 6417      616E6167 
 6417      656D656E 
GAS LISTING memory.s 			page 144


 6417      745F7374 
 6418              	.LASF5:
 6419 01bb 756E7369 		.string	"unsigned int"
 6419      676E6564 
 6419      20696E74 
 6419      00
 6420              	.LASF14:
 6421 01c8 70616765 		.string	"pages_struct"
 6421      735F7374 
 6421      72756374 
 6421      00
 6422              	.LASF62:
 6423 01d5 436F756E 		.string	"Count"
 6423      7400
 6424              	.LASF7:
 6425 01db 45383230 		.string	"E820"
 6425      00
 6426              	.LASF21:
 6427 01e0 656E645F 		.string	"end_code"
 6427      636F6465 
 6427      00
 6428              	.LASF54:
 6429 01e9 5A4F4E45 		.string	"ZONE_UNMAPED_INDEX"
 6429      5F554E4D 
 6429      41504544 
 6429      5F494E44 
 6429      455800
 6430              	.LASF44:
 6431 01fc 59526573 		.string	"YResolution"
 6431      6F6C7574 
 6431      696F6E00 
 6432              	.LASF51:
 6433 0208 63686172 		.string	"char"
 6433      00
 6434              	.LASF65:
 6435 020d 6C6F6E67 		.string	"long int"
 6435      20696E74 
 6435      00
 6436              	.LASF66:
 6437 0216 474E5520 		.string	"GNU C17 13.3.0 -mcmodel=large -m64 -mtune=generic -march=x86-64 -g -fno-builtin -fno-stac
 6437      43313720 
 6437      31332E33 
 6437      2E30202D 
 6437      6D636D6F 
 6438              	.LASF37:
 6439 02c1 70616765 		.string	"page_free_count"
 6439      5F667265 
 6439      655F636F 
 6439      756E7400 
 6440              	.LASF38:
 6441 02d1 746F7461 		.string	"total_pages_link"
 6441      6C5F7061 
 6441      6765735F 
 6441      6C696E6B 
 6441      00
 6442              	.LASF27:
 6443 02e2 5048595F 		.string	"PHY_address"
GAS LISTING memory.s 			page 145


 6443      61646472 
 6443      65737300 
 6444              	.LASF43:
 6445 02ee 58526573 		.string	"XResolution"
 6445      6F6C7574 
 6445      696F6E00 
 6446              	.LASF22:
 6447 02fa 656E645F 		.string	"end_data"
 6447      64617461 
 6447      00
 6448              	.LASF6:
 6449 0303 6C6F6E67 		.string	"long unsigned int"
 6449      20756E73 
 6449      69676E65 
 6449      6420696E 
 6449      7400
 6450              	.LASF29:
 6451 0315 72656665 		.string	"reference_count"
 6451      72656E63 
 6451      655F636F 
 6451      756E7400 
 6452              	.LASF53:
 6453 0325 5A4F4E45 		.string	"ZONE_NORMAL_INDEX"
 6453      5F4E4F52 
 6453      4D414C5F 
 6453      494E4445 
 6453      5800
 6454              	.LASF23:
 6455 0337 656E645F 		.string	"end_brk"
 6455      62726B00 
 6456              	.LASF34:
 6457 033f 7A6F6E65 		.string	"zone_length"
 6457      5F6C656E 
 6457      67746800 
 6458              	.LASF64:
 6459 034b 72656D61 		.string	"remaining"
 6459      696E696E 
 6459      6700
 6460              	.LASF71:
 6461 0355 4765745F 		.string	"Get_gdt"
 6461      67647400 
 6462              	.LASF19:
 6463 035d 7A6F6E65 		.string	"zones_length"
 6463      735F6C65 
 6463      6E677468 
 6463      00
 6464              	.LASF9:
 6465 036a 65383230 		.string	"e820"
 6465      00
 6466              	.LASF70:
 6467 036f 436D656D 		.string	"Cmemset"
 6467      73657400 
 6468              	.LASF42:
 6469 0377 706F7369 		.string	"position"
 6469      74696F6E 
 6469      00
 6470              	.LASF30:
GAS LISTING memory.s 			page 146


 6471 0380 5A6F6E65 		.string	"Zone"
 6471      00
 6472              	.LASF55:
 6473 0385 70616765 		.string	"page"
 6473      00
 6474              	.LASF26:
 6475 038a 7A6F6E65 		.string	"zone_struct"
 6475      5F737472 
 6475      75637400 
 6476              	.LASF16:
 6477 0396 70616765 		.string	"pages_length"
 6477      735F6C65 
 6477      6E677468 
 6477      00
 6478              	.LASF57:
 6479 03a3 546F7461 		.string	"TotalMem"
 6479      6C4D656D 
 6479      00
 6480              		.section	.debug_line_str,"MS",@progbits,1
 6481              	.LASF1:
 6482 0000 2F776F72 		.string	"/workspace/myos/kernel"
 6482      6B737061 
 6482      63652F6D 
 6482      796F732F 
 6482      6B65726E 
 6483              	.LASF0:
 6484 0017 6D656D6F 		.string	"memory.c"
 6484      72792E63 
 6484      00
 6485              		.ident	"GCC: (Ubuntu 13.3.0-6ubuntu2~24.04) 13.3.0"
 6486 0020 2F776F72 		.section	.note.GNU-stack,"",@progbits
 6486      6B737061 
 6486      63652F6D 
 6486      796F732F 
 6486      6B65726E 
 6487              		.section	.note.gnu.property,"a"
 6488              		.align 8
 6489 0000 04000000 		.long	1f - 0f
 6490 0004 10000000 		.long	4f - 1f
 6491 0008 05000000 		.long	5
 6492              	0:
 6493 000c 474E5500 		.string	"GNU"
 6494              	1:
 6495              		.align 8
 6496 0010 020000C0 		.long	0xc0000002
 6497 0014 04000000 		.long	3f - 2f
 6498              	2:
 6499 0018 03000000 		.long	0x3
 6500              	3:
 6501 001c 00000000 		.align 8
 6502              	4:
GAS LISTING memory.s 			page 147


DEFINED SYMBOLS
                            *ABS*:0000000000000000 memory.c
            memory.s:11     .text:0000000000000000 Get_gdt
            memory.s:51     .bss:0000000000000000 memory_management_struct
            memory.s:55     .text:0000000000000029 Cmemset
            memory.s:197    .data:0000000000000000 font_ascii
            memory.s:3257   .bss:0000000000000300 Pos
            memory.s:3263   .bss:0000000000000340 buf
            memory.s:3269   .bss:0000000000001340 ZONE_DMA_INDEX
            memory.s:3275   .bss:0000000000001344 ZONE_NORMAL_INDEX
            memory.s:3281   .bss:0000000000001348 ZONE_UNMAPED_INDEX
            memory.s:3323   .text:0000000000000103 init_memory
            memory.s:4697   .text:00000000000010aa page_init
            memory.s:3285   .rodata:0000000000000000 .LC0
            memory.s:3288   .rodata:0000000000000078 .LC1
            memory.s:3291   .rodata:00000000000000a8 .LC2
            memory.s:3294   .rodata:00000000000000c8 .LC3
            memory.s:3297   .rodata:00000000000000f8 .LC4
            memory.s:3300   .rodata:0000000000000128 .LC5
            memory.s:3303   .rodata:0000000000000160 .LC6
            memory.s:3306   .rodata:00000000000001a0 .LC7
            memory.s:3309   .rodata:00000000000001e0 .LC8
            memory.s:3312   .rodata:0000000000000258 .LC9
            memory.s:3314   .rodata:00000000000002b4 .LC10
            memory.s:3316   .rodata:00000000000002c9 .LC11
            memory.s:3318   .rodata:00000000000002df .LC12

UNDEFINED SYMBOLS
_GLOBAL_OFFSET_TABLE_
color_printk
