GAS LISTING printk.s 			page 1


   1              		.file	"printk.c"
   2              	# GNU C17 (Ubuntu 13.3.0-6ubuntu2~24.04) version 13.3.0 (x86_64-linux-gnu)
   3              	#	compiled by GNU C version 13.3.0, GMP version 6.3.0, MPFR version 4.2.1, MPC version 1.3.1, isl v
   4              	
   5              	# GGC heuristics: --param ggc-min-expand=91 --param ggc-min-heapsize=114975
   6              	# options passed: -mcmodel=large -m64 -mtune=generic -march=x86-64 -Os -fno-builtin -fno-stack-prot
   7              		.text
   8              		.section	.rodata.str1.1,"aMS",@progbits,1
   9              	.LC0:
  10 0000 30313233 		.string	"0123456789ABCDEFGHIJKLMNOPQRSTUVWXYZ"
  10      34353637 
  10      38394142 
  10      43444546 
  10      4748494A 
  11              	.LC1:
  12 0025 30313233 		.string	"0123456789abcdefghijklmnopqrstuvwxyz"
  12      34353637 
  12      38396162 
  12      63646566 
  12      6768696A 
  13              		.text
  14              		.type	number, @function
  15              	number:
  16              	.LFB39:
  17              		.cfi_startproc
  18 0000 F30F1EFA 		endbr64	
  19              	.L49:
  20 0004 4C8D15F9 		leaq	.L49(%rip), %r10	#, tmp82
  20      FFFFFF
  21 000b 4889F0   		movq	%rsi, %rax	# tmp208, num
  22 000e 89D6     		movl	%edx, %esi	# tmp209, base
  23 0010 4157     		pushq	%r15	#
  24              		.cfi_def_cfa_offset 16
  25              		.cfi_offset 15, -16
  26 0012 49BB0000 		movabsq	$_GLOBAL_OFFSET_TABLE_-.L49, %r11	#,
  26      00000000 
  26      0000
  27 001c 4156     		pushq	%r14	#
  28              		.cfi_def_cfa_offset 24
  29              		.cfi_offset 14, -24
  30              	# printk.c:160: 		digits="0123456789abcdefghijklmnopqrstuvwxyz";
  31 001e 48BA0000 		movabsq	$.LC1@GOTOFF, %rdx	#, tmp157
  31      00000000 
  31      0000
  32 0028 4D01DA   		addq	%r11, %r10	#, tmp82
  33              	# printk.c:155: static char *number(char *str,long num,int base,int size,int precision,int type){
  34 002b 4155     		pushq	%r13	#
  35              		.cfi_def_cfa_offset 32
  36              		.cfi_offset 13, -32
  37 002d 4154     		pushq	%r12	#
  38              		.cfi_def_cfa_offset 40
  39              		.cfi_offset 12, -40
  40 002f 55       		pushq	%rbp	#
  41              		.cfi_def_cfa_offset 48
  42              		.cfi_offset 6, -48
  43              	# printk.c:160: 		digits="0123456789abcdefghijklmnopqrstuvwxyz";
  44 0030 498D2C12 		leaq	(%r10,%rdx), %rbp	#, digits
GAS LISTING printk.s 			page 2


  45              	# printk.c:155: static char *number(char *str,long num,int base,int size,int precision,int type){
  46 0034 53       		pushq	%rbx	#
  47              		.cfi_def_cfa_offset 56
  48              		.cfi_offset 3, -56
  49              	# printk.c:159: 	if(type & SMALL){
  50 0035 41F7C140 		testl	$64, %r9d	#, type
  50      000000
  51 003c 750E     		jne	.L2	#,
  52              	# printk.c:157: 	const char *digits="0123456789ABCDEFGHIJKLMNOPQRSTUVWXYZ";
  53 003e 48BA0000 		movabsq	$.LC0@GOTOFF, %rdx	#, tmp156
  53      00000000 
  53      0000
  54 0048 498D2C12 		leaq	(%r10,%rdx), %rbp	#, digits
  55              	.L2:
  56              	# printk.c:162: 	if(type & LEFT){
  57 004c 4489CB   		movl	%r9d, %ebx	# type, _2
  58 004f 83E310   		andl	$16, %ebx	#, _2
  59 0052 895C24BC 		movl	%ebx, -68(%rsp)	# _2, %sfp
  60 0056 7409     		je	.L3	#,
  61              	# printk.c:163: 		type &=~ZEROPAD;
  62 0058 4183E1FE 		andl	$-2, %r9d	#, type
  63              	# printk.c:168: 	c=(type & ZEROPAD) ? '0' : ' ';
  64 005c 41B220   		movb	$32, %r10b	#, iftmp.38_44
  65 005f EB14     		jmp	.L4	#
  66              	.L3:
  67              	# printk.c:168: 	c=(type & ZEROPAD) ? '0' : ' ';
  68 0061 4489CA   		movl	%r9d, %edx	# type, tmp159
  69 0064 83E201   		andl	$1, %edx	#, tmp159
  70              	# printk.c:168: 	c=(type & ZEROPAD) ? '0' : ' ';
  71 0067 83FA01   		cmpl	$1, %edx	#, tmp159
  72 006a 4519D2   		sbbl	%r10d, %r10d	# iftmp.38_44
  73 006d 4183E2F0 		andl	$-16, %r10d	#, iftmp.38_44
  74 0071 4183C230 		addl	$48, %r10d	#, iftmp.38_44
  75              	.L4:
  76              	# printk.c:170: 	if(type & SIGN  && num <0){
  77 0075 41F7C102 		testl	$2, %r9d	#, type
  77      000000
  78 007c 740D     		je	.L5	#,
  79 007e 4885C0   		testq	%rax, %rax	# num
  80 0081 7908     		jns	.L5	#,
  81              	# printk.c:172: 		num=-num;
  82 0083 48F7D8   		negq	%rax	# num
  83              	# printk.c:171: 		sign='-';
  84 0086 41B32D   		movb	$45, %r11b	#, sign
  85 0089 EB1A     		jmp	.L6	#
  86              	.L5:
  87              	# printk.c:174: 		sign=(type & PLUS)? '+':((type&SPACE)?' ' :0);
  88 008b 41F7C104 		testl	$4, %r9d	#, type
  88      000000
  89 0092 750E     		jne	.L29	#,
  90              	# printk.c:177: 	if(sign){
  91 0094 4589CB   		movl	%r9d, %r11d	# type, sign
  92 0097 4183E308 		andl	$8, %r11d	#, sign
  93 009b 740A     		je	.L7	#,
  94 009d 41B320   		movb	$32, %r11b	#, sign
  95 00a0 EB03     		jmp	.L6	#
  96              	.L29:
GAS LISTING printk.s 			page 3


  97              	# printk.c:174: 		sign=(type & PLUS)? '+':((type&SPACE)?' ' :0);
  98 00a2 41B32B   		movb	$43, %r11b	#, sign
  99              	.L6:
 100              	# printk.c:178: 		size--;
 101 00a5 FFC9     		decl	%ecx	# size
 102              	.L7:
 103              	# printk.c:180: 	if(type&SPECIAL){
 104 00a7 4589CD   		movl	%r9d, %r13d	# type, _10
 105 00aa 4183E520 		andl	$32, %r13d	#, _10
 106 00ae 7411     		je	.L8	#,
 107              	# printk.c:181: 		if(base==16){
 108 00b0 83FE10   		cmpl	$16, %esi	#, base
 109 00b3 7505     		jne	.L9	#,
 110              	# printk.c:182: 			size=size-2;
 111 00b5 83E902   		subl	$2, %ecx	#, size
 112 00b8 EB07     		jmp	.L8	#
 113              	.L9:
 114              	# printk.c:183: 		}else if(base==8){
 115 00ba 83FE08   		cmpl	$8, %esi	#, base
 116 00bd 7502     		jne	.L8	#,
 117              	# printk.c:184: 			size=size-1;
 118 00bf FFC9     		decl	%ecx	# size
 119              	.L8:
 120              	# printk.c:187: 	if(num==0){
 121 00c1 4885C0   		testq	%rax, %rax	# num
 122 00c4 750C     		jne	.L30	#,
 123              	# printk.c:188: 		tmp[i++]='0';
 124 00c6 C64424CE 		movb	$48, -50(%rsp)	#, tmp[0]
 124      30
 125              	# printk.c:188: 		tmp[i++]='0';
 126 00cb B8010000 		movl	$1, %eax	#,
 126      00
 127 00d0 EB2F     		jmp	.L11	#
 128              	.L30:
 129 00d2 BB010000 		movl	$1, %ebx	#, ivtmp.146
 129      00
 130              	# printk.c:191: 		tmp[i++]=digits[do_div2(num,base)];
 131 00d7 4531FF   		xorl	%r15d, %r15d	# tmp168
 132              	# printk.c:191: 		tmp[i++]=digits[do_div2(num,base)];
 133 00da 4C8D7424 		leaq	-51(%rsp), %r14	#, tmp171
 133      CD
 134              	# printk.c:191: 		tmp[i++]=digits[do_div2(num,base)];
 135 00df 4C63E6   		movslq	%esi, %r12	# base, base
 136              	.L10:
 137 00e2 4489FA   		movl	%r15d, %edx	# tmp168, __res
 138              	#APP
 139              	# 191 "printk.c" 1
   1              	#include<stdarg.h>
   2              	#include"printk.h"
   3              	#include"lib.h"
   4              	#include"linkage.h"
   5              	
   6              	void putchar(unsigned int *fb,int Xsize,int x,int y,unsigned int FRcolor,unsigned int BKcolor,unsig
   7              		int i=0;
   8              		int j=0;
   9              		unsigned int *addr = NULL;
  10              		unsigned char *fontp = NULL;
GAS LISTING printk.s 			page 4


  11              		int testval=0;
  12              		fontp=font_ascii[font];
  13              		for(i=0;i<16;i++){
  14              		//Shift the mask one position to the right. After the first cycle, it becomes 0x80, then 0x40, 0x2
  15              			addr=fb+Xsize*(y+i)+x;
  16              			testval =0x100;
  17              			for(j=0;j<8;j++){
  18              				testval =testval >>1;
  19              				if(*fontp & testval){
  20              					*addr =FRcolor;
  21              				}else{
  22              					*addr =BKcolor;
  23              				}
  24              				addr++;
  25              			}
  26              			fontp++;
  27              		}
  28              	}
  29              	
  30              	int color_printk(unsigned int FRcolor,unsigned int BKcolor,const char *fmt,...){
  31              		int i=0;
  32              		int count=0;
  33              		int line=0;
  34              		va_list args;
  35              		va_start(args,fmt);	
  36              		i=vsprintf(buf,fmt,args);
  37              		va_end(args);
  38              		for(count=0;count<i || line;count++){
  39              			if(line >0){
  40              				count--;
  41              				goto Label_tab;
  42              			}
  43              			if((unsigned char)*(buf+count)=='\n'){
  44              				Pos.YPosition++;
  45              				Pos.XPosition=0;
  46              			}else if((unsigned char)*(buf+count)=='\b'){
  47              				Pos.XPosition--;
  48              				if(Pos.XPosition<0){
  49              					Pos.XPosition=(Pos.XResolution/ Pos.XCharSize-1)*Pos.XCharSize;
  50              					Pos.YPosition--;
  51              					if(Pos.YPosition<0){
  52              						Pos.YPosition=(Pos.YResolution/ Pos.YCharSize-1)*Pos.YCharSize;
  53              				}
  54              				}
  55              				putchar(Pos.FB_addr,Pos.XResolution,Pos.XPosition*Pos.XCharSize,Pos.YPosition*Pos.YCharSize,FRco
  56              			}else if((unsigned char)*(buf+count)=='\t'){
  57              				//~7 的二进制是 11111000（假设8位）
  58              				//清除低3位（因为8=2³），实现8字节边界对齐
  59              					line =((Pos.XPosition+8)& ~(8-1))-Pos.XPosition;
  60              				Label_tab:
  61              					line--;
  62              					putchar(Pos.FB_addr,Pos.XResolution,Pos.XPosition*Pos.XCharSize,Pos.YPosition*Pos.YCharSize,FRc
  63              					Pos.XPosition++;
  64              			}else{
  65              				putchar(Pos.FB_addr,Pos.XResolution,Pos.XPosition*Pos.XCharSize,Pos.YPosition*Pos.YCharSize,FRco
  66              				Pos.XPosition++;
  67              			}
GAS LISTING printk.s 			page 5


  68              			if(Pos.XPosition>=(Pos.XResolution/Pos.XCharSize)){
  69              				Pos.YPosition++;
  70              				Pos.XPosition=0;
  71              		}
  72              			if(Pos.YPosition>=(Pos.YResolution/Pos.YCharSize)){
  73              				Pos.YPosition=0;
  74              			}
  75              	}
  76              	return i;
  77              	}
  78              	
  79              	
  80              	void clear_screen(unsigned int FRcolor,unsigned int BKcolor) {
  81              	    int cols = Pos.XResolution / Pos.XCharSize;
  82              	    int rows = Pos.YResolution / Pos.YCharSize;
  83              	    // 遍历所有位置输出空格
  84              	    for (int y = 0; y < rows; y++) {
  85              	        for (int x = 0; x < cols; x++) {
  86              	            putchar(Pos.FB_addr, Pos.XResolution, 
  87              	                   x * Pos.XCharSize, y * Pos.YCharSize,
  88              	                   FRcolor, BKcolor, ' ');
  89              	        }
  90              	    }
  91              	    // 重置光标位置
  92              	    Pos.XPosition = 0;
  93              	    Pos.YPosition = 0;
  94              	}	
  95              			
  96              	
  97              		
  98              	int skip_atoi2(const char **s){
  99              		int i=0;
 100              		while(is_digit(**s)){
 101              			// i=i*10+*((*s)++)-'0';
 102              			char current_char = **s;  // 获取当前字符
 103              			(*s)++;                   // 指针向后移动
 104              			i = i * 10 + (current_char - '0');  // 更新数值
 105              		}
 106              		return i;
 107              	}
 108              	
 109              	int skip_atoi(const char **s){
 110              	 	int i=0;
 111              	 	char current_char;
 112              	 	while(is_digit(current_char = **s)){
 113              	 		(*s)++;                   // 指针向后移动
 114              	 		i = i * 10 + (current_char - '0');  // 更新数值
 115              	 	}
 116              	 	return i;
 117              	}
 118              	
 119              	// int atoi(const char *str) {
 120              	//     int result = 0;      // 存储转换结果
 121              	//     int sign = 1;        // 符号位，1表示正数，-1表示负数
 122              	//     int i = 0;           // 字符串索引
 123              	    
 124              	//     // 1. 跳过前导空白字符
GAS LISTING printk.s 			page 6


 125              	//     while (str[i] == ' ' || str[i] == '\t' || str[i] == '\n' || 
 126              	//            str[i] == '\r' || str[i] == '\f' || str[i] == '\v') {
 127              	//         i++;
 128              	//     }
 129              	    
 130              	//     // 2. 处理可选的正负号
 131              	//     if (str[i] == '-') {
 132              	//         sign = -1;
 133              	//         i++;
 134              	//     } else if (str[i] == '+') {
 135              	//         sign = 1;
 136              	//         i++;
 137              	//     }
 138              	    
 139              	//     // 3. 转换数字部分
 140              	//     while (is_digit(str[i])) {
 141              	//         // 检查是否会发生溢出
 142              	//         if (result > INT_MAX / 10 || 
 143              	//             (result == INT_MAX / 10 && (str[i] - '0') > INT_MAX % 10)) {
 144              	//             return (sign == 1) ? INT_MAX : INT_MIN;
 145              	//         }
 146              	        
 147              	//         result = result * 10 + (str[i] - '0');
 148              	//         i++;
 149              	//     }
 150              	    
 151              	//     // 4. 返回结果（考虑符号）
 152              	//     return sign * result;
 153              	// }
 154              	
 155              	static char *number(char *str,long num,int base,int size,int precision,int type){
 156              		char c,sign,tmp[50];
 157              		const char *digits="0123456789ABCDEFGHIJKLMNOPQRSTUVWXYZ";
 158              		int i=0;
 159              		if(type & SMALL){
 160              			digits="0123456789abcdefghijklmnopqrstuvwxyz";
 161              		}
 162              		if(type & LEFT){
 163              			type &=~ZEROPAD;
 164              		}
 165              		if(base<2 || base>36){
 166              			return 0;	
 167              		}
 168              		c=(type & ZEROPAD) ? '0' : ' ';
 169              		sign=0;
 170              		if(type & SIGN  && num <0){
 171              			sign='-';
 172              			num=-num;
 173              		}else{
 174              			sign=(type & PLUS)? '+':((type&SPACE)?' ' :0);
 175              		}
 176              		//If there are symbols, reduce the size by 1
 177              		if(sign){
 178              			size--;
 179              		}
 180              		if(type&SPECIAL){
 181              			if(base==16){
GAS LISTING printk.s 			page 7


 182              				size=size-2;
 183              			}else if(base==8){
 184              				size=size-1;
 185              			}
 186              		}
 187              		if(num==0){
 188              			tmp[i++]='0';
 189              		}else while (num!=0){
 190              			// do_div(num,base) 返回num除以base的余数
 191 00e5 49F7F4   			tmp[i++]=digits[do_div2(num,base)];
 192              		}
 140              		divq %r12		# base
 141              	# 0 "" 2
 142              	#NO_APP
 143 00e8 4863D2   		movslq	%edx, %rdx	# __res, __res
 144              	# printk.c:191: 		tmp[i++]=digits[do_div2(num,base)];
 145 00eb 8A541500 		movb	0(%rbp,%rdx), %dl	# *_13, *_13
 146 00ef 4188141E 		movb	%dl, (%r14,%rbx)	# *_13, MEM[(char *)&tmp + -1B + ivtmp.146_164 * 1]
 147 00f3 4889DA   		movq	%rbx, %rdx	# ivtmp.146, ivtmp.146
 148              	# printk.c:189: 	}else while (num!=0){
 149 00f6 48FFC3   		incq	%rbx	# ivtmp.146
 150 00f9 4885C0   		testq	%rax, %rax	# num
 151 00fc 75E4     		jne	.L10	#,
 152              	# printk.c:191: 		tmp[i++]=digits[do_div2(num,base)];
 153 00fe 4863C2   		movslq	%edx, %rax	# ivtmp.146,
 154              	.L11:
 155              	# printk.c:193: 	if(i>precision){
 156 0101 4439C0   		cmpl	%r8d, %eax	# precision, i
 157 0104 440F4DC0 		cmovge	%eax, %r8d	# i,, _80
 158              	# printk.c:196: 	size-=precision;
 159 0108 4429C1   		subl	%r8d, %ecx	# _80, size
 160              	# printk.c:197: 	if(!(type&(ZEROPAD+LEFT))){
 161 010b 4183E111 		andl	$17, %r9d	#, type
 162 010f 7527     		jne	.L13	#,
 163 0111 31D2     		xorl	%edx, %edx	# ivtmp.133
 164              	.L12:
 165 0113 4189C9   		movl	%ecx, %r9d	# size, _163
 166 0116 4129D1   		subl	%edx, %r9d	# ivtmp.133, _163
 167              	# printk.c:198: 		while(size-- >0){
 168 0119 4585C9   		testl	%r9d, %r9d	# _163
 169 011c 7E09     		jle	.L52	#,
 170              	# printk.c:199: 			*str++=' ';
 171 011e C6041720 		movb	$32, (%rdi,%rdx)	#, MEM[(char *)str_74(D) + ivtmp.133_158 * 1]
 172 0122 48FFC2   		incq	%rdx	# ivtmp.133
 173 0125 EBEC     		jmp	.L12	#
 174              	.L52:
 175 0127 31D2     		xorl	%edx, %edx	# tmp229
 176 0129 85C9     		testl	%ecx, %ecx	# size
 177 012b 0F49D1   		cmovns	%ecx, %edx	# size,, _131
 178 012e FFC9     		decl	%ecx	# _134
 179 0130 4C63CA   		movslq	%edx, %r9	# _131, _131
 180 0133 29D1     		subl	%edx, %ecx	# _131, size
 181 0135 4C01CF   		addq	%r9, %rdi	# _131, str
 182              	.L13:
 183              	# printk.c:202: 	if(sign){
 184 0138 4584DB   		testb	%r11b, %r11b	# sign
 185 013b 7406     		je	.L15	#,
GAS LISTING printk.s 			page 8


 186              	# printk.c:203: 		*str++=sign;
 187 013d 44881F   		movb	%r11b, (%rdi)	# sign, *str_23
 188              	# printk.c:203: 		*str++=sign;
 189 0140 48FFC7   		incq	%rdi	# str
 190              	.L15:
 191              	# printk.c:205: 	if(type&SPECIAL){
 192 0143 4585ED   		testl	%r13d, %r13d	# _10
 193 0146 741F     		je	.L16	#,
 194              	# printk.c:206: 		if(base==8){
 195 0148 83FE08   		cmpl	$8, %esi	#, base
 196 014b 7508     		jne	.L17	#,
 197              	# printk.c:207: 			*str++='0';
 198 014d C60730   		movb	$48, (%rdi)	#, *str_24
 199              	# printk.c:207: 			*str++='0';
 200 0150 48FFC7   		incq	%rdi	# str
 201 0153 EB12     		jmp	.L16	#
 202              	.L17:
 203              	# printk.c:208: 		}else if(base==16){
 204 0155 83FE10   		cmpl	$16, %esi	#, base
 205 0158 750D     		jne	.L16	#,
 206              	# printk.c:210: 			*str++=digits[33];
 207 015a 8A5521   		movb	33(%rbp), %dl	# MEM[(const char *)digits_39 + 33B], MEM[(const char *)digits_39 + 33B]
 208              	# printk.c:209: 			*str++='0';
 209 015d C60730   		movb	$48, (%rdi)	#, *str_24
 210              	# printk.c:210: 			*str++=digits[33];
 211 0160 4883C702 		addq	$2, %rdi	#, str
 212              	# printk.c:210: 			*str++=digits[33];
 213 0164 8857FF   		movb	%dl, -1(%rdi)	# MEM[(const char *)digits_39 + 33B], MEM[(char *)str_24 + 1B]
 214              	.L16:
 215              	# printk.c:213: 	if(!(type&LEFT)){
 216 0167 837C24BC 		cmpl	$0, -68(%rsp)	#, %sfp
 216      00
 217 016c 7524     		jne	.L19	#,
 218 016e 31D2     		xorl	%edx, %edx	# ivtmp.119
 219              	.L18:
 220 0170 89CE     		movl	%ecx, %esi	# size, _157
 221 0172 29D6     		subl	%edx, %esi	# ivtmp.119, _157
 222              	# printk.c:214: 		while(size-- >0){
 223 0174 85F6     		testl	%esi, %esi	# _157
 224 0176 7E09     		jle	.L53	#,
 225              	# printk.c:215: 			*str++=c;
 226 0178 44881417 		movb	%r10b, (%rdi,%rdx)	# iftmp.38_44, MEM[(char *)str_25 + ivtmp.119_152 * 1]
 227 017c 48FFC2   		incq	%rdx	# ivtmp.119
 228 017f EBEF     		jmp	.L18	#
 229              	.L53:
 230 0181 31D2     		xorl	%edx, %edx	# tmp228
 231 0183 85C9     		testl	%ecx, %ecx	# size
 232 0185 0F49D1   		cmovns	%ecx, %edx	# size,, _126
 233 0188 FFC9     		decl	%ecx	# _129
 234 018a 4863F2   		movslq	%edx, %rsi	# _126, _126
 235 018d 29D1     		subl	%edx, %ecx	# _126, size
 236 018f 4801F7   		addq	%rsi, %rdi	# _126, str
 237              	.L19:
 238 0192 31D2     		xorl	%edx, %edx	# ivtmp.105
 239              	.L21:
 240              	# printk.c:218: 	while(i<precision--){
 241 0194 4489C6   		movl	%r8d, %esi	# _80, precision
GAS LISTING printk.s 			page 9


 242 0197 29D6     		subl	%edx, %esi	# ivtmp.105, precision
 243 0199 39F0     		cmpl	%esi, %eax	# precision, i
 244 019b 7D09     		jge	.L54	#,
 245              	# printk.c:219: 		*str++='0';
 246 019d C6041730 		movb	$48, (%rdi,%rdx)	#, MEM[(char *)str_99 + ivtmp.105_146 * 1]
 247 01a1 48FFC2   		incq	%rdx	# ivtmp.105
 248 01a4 EBEE     		jmp	.L21	#
 249              	.L54:
 250 01a6 4129C0   		subl	%eax, %r8d	# i, tmp181
 251 01a9 4889C6   		movq	%rax, %rsi	# ivtmp.89, i
 252 01ac 4C01C7   		addq	%r8, %rdi	# tmp181, str
 253              	# printk.c:222: 		*str++=tmp[i];
 254 01af 4C8D4424 		leaq	-51(%rsp), %r8	#, tmp206
 254      CD
 255              	# printk.c:218: 	while(i<precision--){
 256 01b4 4889FA   		movq	%rdi, %rdx	# str, str
 257              	.L23:
 258              	# printk.c:221: 	while(i-- >0){
 259 01b7 85C0     		testl	%eax, %eax	# ivtmp.89
 260 01b9 7410     		je	.L55	#,
 261              	# printk.c:222: 		*str++=tmp[i];
 262 01bb 458A0C00 		movb	(%r8,%rax), %r9b	# MEM[(char *)&tmp + -1B + ivtmp.89_142 * 1], MEM[(char *)&tmp + -1B + ivtmp
 263              	# printk.c:222: 		*str++=tmp[i];
 264 01bf 48FFC2   		incq	%rdx	# str
 265 01c2 48FFC8   		decq	%rax	# ivtmp.89
 266              	# printk.c:222: 		*str++=tmp[i];
 267 01c5 44884AFF 		movb	%r9b, -1(%rdx)	# MEM[(char *)&tmp + -1B + ivtmp.89_142 * 1], MEM[(char *)str_94 + -1B]
 268 01c9 EBEC     		jmp	.L23	#
 269              	.L55:
 270 01cb 4801F7   		addq	%rsi, %rdi	# i, str
 271              	# printk.c:221: 	while(i-- >0){
 272 01ce 31C0     		xorl	%eax, %eax	# ivtmp.70
 273              	.L25:
 274 01d0 89CA     		movl	%ecx, %edx	# size, _141
 275 01d2 29C2     		subl	%eax, %edx	# ivtmp.70, _141
 276              	# printk.c:224: 	while(size-- >0){
 277 01d4 85D2     		testl	%edx, %edx	# _141
 278 01d6 7E09     		jle	.L56	#,
 279              	# printk.c:225: 		*str++=' ';
 280 01d8 C6040720 		movb	$32, (%rdi,%rax)	#, MEM[(char *)str_108 + ivtmp.70_119 * 1]
 281 01dc 48FFC0   		incq	%rax	# ivtmp.70
 282 01df EBEF     		jmp	.L25	#
 283              	.L56:
 284              	# printk.c:228: }
 285 01e1 31C0     		xorl	%eax, %eax	# tmp227
 286 01e3 85C9     		testl	%ecx, %ecx	# size
 287 01e5 5B       		popq	%rbx	#
 288              		.cfi_def_cfa_offset 48
 289 01e6 5D       		popq	%rbp	#
 290              		.cfi_def_cfa_offset 40
 291 01e7 0F48C8   		cmovs	%eax, %ecx	# size,, tmp227, tmp189
 292 01ea 415C     		popq	%r12	#
 293              		.cfi_def_cfa_offset 32
 294 01ec 415D     		popq	%r13	#
 295              		.cfi_def_cfa_offset 24
 296 01ee 415E     		popq	%r14	#
 297              		.cfi_def_cfa_offset 16
GAS LISTING printk.s 			page 10


 298 01f0 415F     		popq	%r15	#
 299              		.cfi_def_cfa_offset 8
 300 01f2 4863C9   		movslq	%ecx, %rcx	# tmp189, tmp190
 301 01f5 488D040F 		leaq	(%rdi,%rcx), %rax	#, str
 302 01f9 C3       		ret	
 303              		.cfi_endproc
 304              	.LFE39:
 305              		.size	number, .-number
 306              		.globl	putchar
 307              		.type	putchar, @function
 308              	putchar:
 309              	.LFB34:
 310              		.cfi_startproc
 311 01fa F30F1EFA 		endbr64	
 312              	.L64:
 313 01fe 0FAFCE   		imull	%esi, %ecx	# Xsize, tmp116
 314 0201 53       		pushq	%rbx	#
 315              		.cfi_def_cfa_offset 16
 316              		.cfi_offset 3, -16
 317 0202 488D1DF5 		leaq	.L64(%rip), %rbx	#, tmp82
 317      FFFFFF
 318              	# printk.c:12: 	fontp=font_ascii[font];
 319 0209 0FB64424 		movzbl	16(%rsp), %eax	# font, font
 319      10
 320 020e 49BB0000 		movabsq	$_GLOBAL_OFFSET_TABLE_-.L64, %r11	#,
 320      00000000 
 320      0000
 321              	# printk.c:6: void putchar(unsigned int *fb,int Xsize,int x,int y,unsigned int FRcolor,unsigned int
 322 0218 4989FA   		movq	%rdi, %r10	# fb, tmp123
 323 021b 4863D2   		movslq	%edx, %rdx	# tmp125, x
 324              	# printk.c:12: 	fontp=font_ascii[font];
 325 021e 48BF0000 		movabsq	$font_ascii@GOTOFF, %rdi	#, tmp114
 325      00000000 
 325      0000
 326 0228 4C01DB   		addq	%r11, %rbx	#, tmp82
 327 022b 48C1E004 		salq	$4, %rax	#, tmp112
 328 022f 4801DF   		addq	%rbx, %rdi	# tmp82, tmp113
 329 0232 4863C9   		movslq	%ecx, %rcx	# tmp116, tmp117
 330 0235 4801D1   		addq	%rdx, %rcx	# x, tmp119
 331 0238 4801F8   		addq	%rdi, %rax	# tmp113, fontp
 332 023b 4863FE   		movslq	%esi, %rdi	# Xsize, Xsize
 333 023e 31D2     		xorl	%edx, %edx	# ivtmp.164
 334 0240 48C1E702 		salq	$2, %rdi	#, _17
 335 0244 498D348A 		leaq	(%r10,%rcx,4), %rsi	#, ivtmp.171
 336              	.L60:
 337              	# printk.c:15: 		addr=fb+Xsize*(y+i)+x;
 338 0248 31C9     		xorl	%ecx, %ecx	# ivtmp.157
 339              	# printk.c:16: 		testval =0x100;
 340 024a 41BA0001 		movl	$256, %r10d	#, testval
 340      0000
 341              	.L59:
 342              	# printk.c:19: 			if(*fontp & testval){
 343 0250 440FB61C 		movzbl	(%rax,%rdx), %r11d	# MEM[(unsigned char *)fontp_20 + ivtmp.164_39 * 1], MEM[(unsigned char 
 343      10
 344              	# printk.c:18: 			testval =testval >>1;
 345 0255 41D1FA   		sarl	%r10d	# testval
 346              	# printk.c:20: 				*addr =FRcolor;
GAS LISTING printk.s 			page 11


 347 0258 4585D3   		testl	%r10d, %r11d	# testval, MEM[(unsigned char *)fontp_20 + ivtmp.164_39 * 1]
 348 025b 4589C3   		movl	%r8d, %r11d	# FRcolor, cstore_36
 349 025e 450F44D9 		cmove	%r9d, %r11d	# BKcolor,, cstore_36
 350 0262 44891C0E 		movl	%r11d, (%rsi,%rcx)	# cstore_36, MEM[(unsigned int *)addr_26 + ivtmp.157_41 * 1]
 351              	# printk.c:17: 		for(j=0;j<8;j++){
 352 0266 4883C104 		addq	$4, %rcx	#, ivtmp.157
 353 026a 4883F920 		cmpq	$32, %rcx	#, ivtmp.157
 354 026e 75E0     		jne	.L59	#,
 355              	# printk.c:13: 	for(i=0;i<16;i++){
 356 0270 48FFC2   		incq	%rdx	# ivtmp.164
 357 0273 4801FE   		addq	%rdi, %rsi	# _17, ivtmp.171
 358 0276 4883FA10 		cmpq	$16, %rdx	#, ivtmp.164
 359 027a 75CC     		jne	.L60	#,
 360              	# printk.c:28: }
 361 027c 5B       		popq	%rbx	#
 362              		.cfi_def_cfa_offset 8
 363 027d C3       		ret	
 364              		.cfi_endproc
 365              	.LFE34:
 366              		.size	putchar, .-putchar
 367              		.globl	clear_screen
 368              		.type	clear_screen, @function
 369              	clear_screen:
 370              	.LFB36:
 371              		.cfi_startproc
 372 027e F30F1EFA 		endbr64	
 373              	.L71:
 374 0282 49BB0000 		movabsq	$_GLOBAL_OFFSET_TABLE_-.L71, %r11	#,
 374      00000000 
 374      0000
 375 028c 4157     		pushq	%r15	#
 376              		.cfi_def_cfa_offset 16
 377              		.cfi_offset 15, -16
 378 028e 4189F1   		movl	%esi, %r9d	# tmp124, BKcolor
 379              	# printk.c:86:             putchar(Pos.FB_addr, Pos.XResolution, 
 380 0291 49BF0000 		movabsq	$putchar@GOTOFF, %r15	#, tmp122
 380      00000000 
 380      0000
 381              	# printk.c:80: void clear_screen(unsigned int FRcolor,unsigned int BKcolor) {
 382 029b 4156     		pushq	%r14	#
 383              		.cfi_def_cfa_offset 24
 384              		.cfi_offset 14, -24
 385 029d 4155     		pushq	%r13	#
 386              		.cfi_def_cfa_offset 32
 387              		.cfi_offset 13, -32
 388 029f 4154     		pushq	%r12	#
 389              		.cfi_def_cfa_offset 40
 390              		.cfi_offset 12, -40
 391              	# printk.c:84:     for (int y = 0; y < rows; y++) {
 392 02a1 4531E4   		xorl	%r12d, %r12d	# y
 393              	# printk.c:80: void clear_screen(unsigned int FRcolor,unsigned int BKcolor) {
 394 02a4 55       		pushq	%rbp	#
 395              		.cfi_def_cfa_offset 48
 396              		.cfi_offset 6, -48
 397              	# printk.c:81:     int cols = Pos.XResolution / Pos.XCharSize;
 398 02a5 48BD0000 		movabsq	$Pos@GOTOFF, %rbp	#, tmp99
 398      00000000 
GAS LISTING printk.s 			page 12


 398      0000
 399              	# printk.c:80: void clear_screen(unsigned int FRcolor,unsigned int BKcolor) {
 400 02af 53       		pushq	%rbx	#
 401              		.cfi_def_cfa_offset 56
 402              		.cfi_offset 3, -56
 403 02b0 488D1DCB 		leaq	.L71(%rip), %rbx	#, tmp82
 403      FFFFFF
 404 02b7 4C01DB   		addq	%r11, %rbx	#, tmp82
 405 02ba 4150     		pushq	%r8	#
 406              		.cfi_def_cfa_offset 64
 407              	# printk.c:80: void clear_screen(unsigned int FRcolor,unsigned int BKcolor) {
 408 02bc 4189F8   		movl	%edi, %r8d	# tmp123, FRcolor
 409              	# printk.c:81:     int cols = Pos.XResolution / Pos.XCharSize;
 410 02bf 8B042B   		movl	(%rbx,%rbp), %eax	# Pos.XResolution, Pos.XResolution
 411 02c2 99       		cltd
 412 02c3 F77C2B10 		idivl	16(%rbx,%rbp)	# Pos.XCharSize
 413 02c7 4189C5   		movl	%eax, %r13d	# Pos.XResolution, tmp101
 414              	# printk.c:82:     int rows = Pos.YResolution / Pos.YCharSize;
 415 02ca 8B442B04 		movl	4(%rbx,%rbp), %eax	# Pos.YResolution, Pos.YResolution
 416 02ce 99       		cltd
 417 02cf F77C2B14 		idivl	20(%rbx,%rbp)	# Pos.YCharSize
 418 02d3 89442404 		movl	%eax, 4(%rsp)	# Pos.YResolution, %sfp
 419              	.L67:
 420              	# printk.c:84:     for (int y = 0; y < rows; y++) {
 421 02d7 8B442404 		movl	4(%rsp), %eax	# %sfp, tmp106
 422 02db 4139C4   		cmpl	%eax, %r12d	# tmp106, y
 423 02de 7D34     		jge	.L73	#,
 424              	# printk.c:85:         for (int x = 0; x < cols; x++) {
 425 02e0 4531F6   		xorl	%r14d, %r14d	# x
 426              	.L69:
 427              	# printk.c:85:         for (int x = 0; x < cols; x++) {
 428 02e3 4539EE   		cmpl	%r13d, %r14d	# tmp101, x
 429 02e6 7D27     		jge	.L74	#,
 430              	# printk.c:86:             putchar(Pos.FB_addr, Pos.XResolution, 
 431 02e8 8B4C1D14 		movl	20(%rbp,%rbx), %ecx	# Pos.YCharSize, tmp110
 432 02ec 8B541D10 		movl	16(%rbp,%rbx), %edx	# Pos.XCharSize, tmp112
 433 02f0 4A8D043B 		leaq	(%rbx,%r15), %rax	#, tmp117
 434 02f4 8B741D00 		movl	0(%rbp,%rbx), %esi	# Pos.XResolution, Pos.XResolution
 435 02f8 488B7C1D 		movq	24(%rbp,%rbx), %rdi	# Pos.FB_addr, Pos.FB_addr
 435      18
 436 02fd 6A20     		pushq	$32	#
 437              		.cfi_def_cfa_offset 72
 438 02ff 410FAFCC 		imull	%r12d, %ecx	# y, tmp110
 439 0303 410FAFD6 		imull	%r14d, %edx	# x, tmp112
 440              	# printk.c:85:         for (int x = 0; x < cols; x++) {
 441 0307 41FFC6   		incl	%r14d	# x
 442              	# printk.c:86:             putchar(Pos.FB_addr, Pos.XResolution, 
 443 030a FFD0     		call	*%rax	# tmp117
 444              	# printk.c:85:         for (int x = 0; x < cols; x++) {
 445 030c 59       		popq	%rcx	#
 446              		.cfi_def_cfa_offset 64
 447 030d EBD4     		jmp	.L69	#
 448              	.L74:
 449              	# printk.c:84:     for (int y = 0; y < rows; y++) {
 450 030f 41FFC4   		incl	%r12d	# y
 451 0312 EBC3     		jmp	.L67	#
 452              	.L73:
GAS LISTING printk.s 			page 13


 453              	# printk.c:92:     Pos.XPosition = 0;
 454 0314 31C0     		xorl	%eax, %eax	#
 455 0316 4889441D 		movq	%rax, 8(%rbp,%rbx)	#, MEM <unsigned long> [(int *)&Pos + 8B]
 455      08
 456              	# printk.c:94: }	
 457 031b 5A       		popq	%rdx	#
 458              		.cfi_def_cfa_offset 56
 459 031c 5B       		popq	%rbx	#
 460              		.cfi_def_cfa_offset 48
 461 031d 5D       		popq	%rbp	#
 462              		.cfi_def_cfa_offset 40
 463 031e 415C     		popq	%r12	#
 464              		.cfi_def_cfa_offset 32
 465 0320 415D     		popq	%r13	#
 466              		.cfi_def_cfa_offset 24
 467 0322 415E     		popq	%r14	#
 468              		.cfi_def_cfa_offset 16
 469 0324 415F     		popq	%r15	#
 470              		.cfi_def_cfa_offset 8
 471 0326 C3       		ret	
 472              		.cfi_endproc
 473              	.LFE36:
 474              		.size	clear_screen, .-clear_screen
 475              		.globl	skip_atoi2
 476              		.type	skip_atoi2, @function
 477              	skip_atoi2:
 478              	.LFB37:
 479              		.cfi_startproc
 480 0327 F30F1EFA 		endbr64	
 481              	.L78:
 482              	# printk.c:99: 	int i=0;
 483 032b 31C0     		xorl	%eax, %eax	# <retval>
 484              	.L76:
 485              	# printk.c:100: 	while(is_digit(**s)){
 486 032d 488B0F   		movq	(%rdi), %rcx	# *s_13(D), _6
 487 0330 0FBE11   		movsbl	(%rcx), %edx	# *_6,
 488 0333 8D72D0   		leal	-48(%rdx), %esi	#, tmp96
 489 0336 4080FE09 		cmpb	$9, %sil	#, tmp96
 490 033a 770F     		ja	.L79	#,
 491              	# printk.c:104: 		i = i * 10 + (current_char - '0');  // 更新数值
 492 033c 6BC00A   		imull	$10, %eax, %eax	#, <retval>, _3
 493              	# printk.c:103: 		(*s)++;                   // 指针向后移动
 494 033f 48FFC1   		incq	%rcx	# tmp93
 495 0342 48890F   		movq	%rcx, (%rdi)	# tmp93, *s_13(D)
 496              	# printk.c:104: 		i = i * 10 + (current_char - '0');  // 更新数值
 497 0345 8D4410D0 		leal	-48(%rax,%rdx), %eax	#, <retval>
 498 0349 EBE2     		jmp	.L76	#
 499              	.L79:
 500              	# printk.c:107: }
 501 034b C3       		ret	
 502              		.cfi_endproc
 503              	.LFE37:
 504              		.size	skip_atoi2, .-skip_atoi2
 505              		.globl	skip_atoi
 506              		.type	skip_atoi, @function
 507              	skip_atoi:
 508              	.LFB38:
GAS LISTING printk.s 			page 14


 509              		.cfi_startproc
 510 034c F30F1EFA 		endbr64	
 511              	.L83:
 512              	# printk.c:110:  	int i=0;
 513 0350 31C0     		xorl	%eax, %eax	# <retval>
 514              	.L81:
 515              	# printk.c:112:  	while(is_digit(current_char = **s)){
 516 0352 488B0F   		movq	(%rdi), %rcx	# *s_10(D), _5
 517 0355 0FBE11   		movsbl	(%rcx), %edx	# *_5,
 518              	# printk.c:112:  	while(is_digit(current_char = **s)){
 519 0358 8D72D0   		leal	-48(%rdx), %esi	#, tmp96
 520 035b 4080FE09 		cmpb	$9, %sil	#, tmp96
 521 035f 770F     		ja	.L84	#,
 522              	# printk.c:114:  		i = i * 10 + (current_char - '0');  // 更新数值
 523 0361 6BC00A   		imull	$10, %eax, %eax	#, <retval>, _2
 524              	# printk.c:113:  		(*s)++;                   // 指针向后移动
 525 0364 48FFC1   		incq	%rcx	# tmp93
 526 0367 48890F   		movq	%rcx, (%rdi)	# tmp93, *s_10(D)
 527              	# printk.c:114:  		i = i * 10 + (current_char - '0');  // 更新数值
 528 036a 8D4410D0 		leal	-48(%rax,%rdx), %eax	#, <retval>
 529 036e EBE2     		jmp	.L81	#
 530              	.L84:
 531              	# printk.c:117: }
 532 0370 C3       		ret	
 533              		.cfi_endproc
 534              	.LFE38:
 535              		.size	skip_atoi, .-skip_atoi
 536              		.globl	vsprintf
 537              		.type	vsprintf, @function
 538              	vsprintf:
 539              	.LFB40:
 540              		.cfi_startproc
 541 0371 F30F1EFA 		endbr64	
 542              	.L179:
 543 0375 49BB0000 		movabsq	$_GLOBAL_OFFSET_TABLE_-.L179, %r11	#,
 543      00000000 
 543      0000
 544 037f 4155     		pushq	%r13	#
 545              		.cfi_def_cfa_offset 16
 546              		.cfi_offset 13, -16
 547              	# printk.c:240: 	for (str=buf;*fmt;fmt++)
 548 0381 4989FA   		movq	%rdi, %r10	# buf, str
 549              	# printk.c:309: 	switch (*fmt){
 550 0384 4C8D2D00 		leaq	.L112(%rip), %r13	#, tmp410
 550      000000
 551              	# printk.c:231: int vsprintf(char *buf,const char *fmt,va_list args){
 552 038b 4154     		pushq	%r12	#
 553              		.cfi_def_cfa_offset 24
 554              		.cfi_offset 12, -24
 555 038d 4989FC   		movq	%rdi, %r12	# tmp411, buf
 556 0390 55       		pushq	%rbp	#
 557              		.cfi_def_cfa_offset 32
 558              		.cfi_offset 6, -32
 559 0391 488D2DDD 		leaq	.L179(%rip), %rbp	#, tmp82
 559      FFFFFF
 560 0398 53       		pushq	%rbx	#
 561              		.cfi_def_cfa_offset 40
GAS LISTING printk.s 			page 15


 562              		.cfi_offset 3, -40
 563 0399 4C01DD   		addq	%r11, %rbp	#, tmp82
 564 039c 4889D3   		movq	%rdx, %rbx	# tmp412, args
 565 039f 4883EC10 		subq	$16, %rsp	#,
 566              		.cfi_def_cfa_offset 56
 567              	# printk.c:231: int vsprintf(char *buf,const char *fmt,va_list args){
 568 03a3 48897424 		movq	%rsi, 8(%rsp)	# fmt, fmt
 568      08
 569              	.L86:
 570              	# printk.c:240: 	for (str=buf;*fmt;fmt++)
 571 03a8 488B4424 		movq	8(%rsp), %rax	# fmt, fmt_lsm.205
 571      08
 572 03ad 8A10     		movb	(%rax), %dl	# *fmt.36_56, _57
 573 03af 84D2     		testb	%dl, %dl	# _57
 574 03b1 0F840A05 		je	.L185	#,
 574      0000
 575              	# printk.c:242: 		if (*fmt !='%')
 576 03b7 80FA25   		cmpb	$37, %dl	#, _57
 577 03ba 7408     		je	.L165	#,
 578              	# printk.c:244: 			*str++ =*fmt;
 579 03bc 418812   		movb	%dl, (%r10)	# _57, *str_67
 580 03bf E9CF0400 		jmp	.L181	#
 580      00
 581              	.L165:
 582              	# printk.c:247: 		flags=0;
 583 03c4 4531C9   		xorl	%r9d, %r9d	# flags
 584              	.L87:
 585              	# printk.c:250: 			switch (*fmt)
 586 03c7 8A5001   		movb	1(%rax), %dl	# MEM[(const char *)_4], _6
 587              	# printk.c:249: 			fmt++;
 588 03ca 488D4801 		leaq	1(%rax), %rcx	#, _4
 589              	# printk.c:250: 			switch (*fmt)
 590 03ce 80FA2B   		cmpb	$43, %dl	#, _6
 591 03d1 742B     		je	.L89	#,
 592 03d3 7F13     		jg	.L90	#,
 593 03d5 80FA20   		cmpb	$32, %dl	#, _6
 594 03d8 742A     		je	.L91	#,
 595 03da 80FA23   		cmpb	$35, %dl	#, _6
 596 03dd 752B     		jne	.L93	#,
 597              	# printk.c:262: 				flags |=SPECIAL;
 598 03df 4183C920 		orl	$32, %r9d	#, flags
 599              	.L96:
 600              	# printk.c:249: 			fmt++;
 601 03e3 4889C8   		movq	%rcx, %rax	# _4, fmt_lsm.205
 602 03e6 EBDF     		jmp	.L87	#
 603              	.L90:
 604              	# printk.c:250: 			switch (*fmt)
 605 03e8 80FA2D   		cmpb	$45, %dl	#, _6
 606 03eb 740B     		je	.L94	#,
 607 03ed 80FA30   		cmpb	$48, %dl	#, _6
 608 03f0 7518     		jne	.L93	#,
 609              	# printk.c:265: 				flags |=ZEROPAD;
 610 03f2 4183C901 		orl	$1, %r9d	#, flags
 611              	# printk.c:266: 				goto repeat;				
 612 03f6 EBEB     		jmp	.L96	#
 613              	.L94:
 614              	# printk.c:253: 				flags |=LEFT;
GAS LISTING printk.s 			page 16


 615 03f8 4183C910 		orl	$16, %r9d	#, flags
 616              	# printk.c:254: 				goto repeat;
 617 03fc EBE5     		jmp	.L96	#
 618              	.L89:
 619              	# printk.c:256: 				flags |=PLUS;
 620 03fe 4183C904 		orl	$4, %r9d	#, flags
 621              	# printk.c:257: 				goto repeat;
 622 0402 EBDF     		jmp	.L96	#
 623              	.L91:
 624              	# printk.c:259: 				flags |=SPACE;
 625 0404 4183C908 		orl	$8, %r9d	#, flags
 626              	# printk.c:260: 				goto repeat;			
 627 0408 EBD9     		jmp	.L96	#
 628              	.L93:
 629 040a 48894C24 		movq	%rcx, 8(%rsp)	# _4, fmt
 629      08
 630              	# printk.c:270: 		if (is_digit(*fmt))
 631 040f 8D4AD0   		leal	-48(%rdx), %ecx	#, tmp279
 632              	# printk.c:270: 		if (is_digit(*fmt))
 633 0412 80F909   		cmpb	$9, %cl	#, tmp279
 634 0415 7718     		ja	.L97	#,
 635              	# printk.c:272: 			field_width= skip_atoi(&fmt);
 636 0417 48B80000 		movabsq	$skip_atoi@GOTOFF, %rax	#, tmp282
 636      00000000 
 636      0000
 637 0421 488D7C24 		leaq	8(%rsp), %rdi	#, tmp280
 637      08
 638 0426 4801E8   		addq	%rbp, %rax	# tmp82, tmp281
 639 0429 FFD0     		call	*%rax	# tmp281
 640 042b 89C1     		movl	%eax, %ecx	# tmp413, field_width
 641 042d EB3D     		jmp	.L98	#
 642              	.L97:
 643              	# printk.c:269: 		field_width=-1;
 644 042f 83C9FF   		orl	$-1, %ecx	#, field_width
 645              	# printk.c:274: 		else if (*fmt == '*')
 646 0432 80FA2A   		cmpb	$42, %dl	#, _6
 647 0435 7535     		jne	.L98	#,
 648              	# printk.c:277: 			field_width=va_arg(args,int);
 649 0437 8B13     		movl	(%rbx), %edx	# args_112(D)->gp_offset, D.2514
 650              	# printk.c:276: 			fmt++;
 651 0439 4883C002 		addq	$2, %rax	#, tmp283
 652 043d 48894424 		movq	%rax, 8(%rsp)	# tmp283, fmt
 652      08
 653              	# printk.c:277: 			field_width=va_arg(args,int);
 654 0442 83FA2F   		cmpl	$47, %edx	#, D.2514
 655 0445 770D     		ja	.L99	#,
 656 0447 89D0     		movl	%edx, %eax	# D.2514, D.2517
 657 0449 83C208   		addl	$8, %edx	#, tmp286
 658 044c 48034310 		addq	16(%rbx), %rax	# args_112(D)->reg_save_area, D.2519
 659 0450 8913     		movl	%edx, (%rbx)	# tmp286, args_112(D)->gp_offset
 660 0452 EB0C     		jmp	.L100	#
 661              	.L99:
 662 0454 488B4308 		movq	8(%rbx), %rax	# args_112(D)->overflow_arg_area, D.2519
 663 0458 488D5008 		leaq	8(%rax), %rdx	#, tmp287
 664 045c 48895308 		movq	%rdx, 8(%rbx)	# tmp287, args_112(D)->overflow_arg_area
 665              	.L100:
 666 0460 8B08     		movl	(%rax), %ecx	# MEM[(int * {ref-all})addr.192_203], field_width
GAS LISTING printk.s 			page 17


 667              	# printk.c:278: 			if (field_width <0)
 668 0462 85C9     		testl	%ecx, %ecx	# field_width
 669 0464 7906     		jns	.L98	#,
 670              	# printk.c:280: 				field_width=-field_width;
 671 0466 F7D9     		negl	%ecx	# field_width
 672              	# printk.c:281: 				flags |=LEFT;
 673 0468 4183C910 		orl	$16, %r9d	#, flags
 674              	.L98:
 675              	# printk.c:286: 		if(*fmt =='.'){
 676 046c 488B4424 		movq	8(%rsp), %rax	# fmt, fmt.8_15
 676      08
 677              	# printk.c:285: 		precision =-1;
 678 0471 4183C8FF 		orl	$-1, %r8d	#, precision
 679              	# printk.c:286: 		if(*fmt =='.'){
 680 0475 80382E   		cmpb	$46, (%rax)	#, *fmt.8_15
 681 0478 7570     		jne	.L101	#,
 682              	# printk.c:287: 			fmt++;
 683 047a 488D5001 		leaq	1(%rax), %rdx	#, tmp288
 684 047e 48895424 		movq	%rdx, 8(%rsp)	# tmp288, fmt
 684      08
 685              	# printk.c:288: 			if (is_digit(*fmt))
 686 0483 8A5001   		movb	1(%rax), %dl	# MEM[(const char *)fmt.8_15 + 1B], _18
 687 0486 8D72D0   		leal	-48(%rdx), %esi	#, tmp289
 688              	# printk.c:288: 			if (is_digit(*fmt))
 689 0489 4080FE09 		cmpb	$9, %sil	#, tmp289
 690 048d 771E     		ja	.L102	#,
 691              	# printk.c:290: 				precision=skip_atoi(&fmt);
 692 048f 48B80000 		movabsq	$skip_atoi@GOTOFF, %rax	#, tmp292
 692      00000000 
 692      0000
 693 0499 894C2404 		movl	%ecx, 4(%rsp)	# field_width, %sfp
 694 049d 488D7C24 		leaq	8(%rsp), %rdi	#, tmp290
 694      08
 695 04a2 4801E8   		addq	%rbp, %rax	# tmp82, tmp291
 696 04a5 FFD0     		call	*%rax	# tmp291
 697 04a7 8B4C2404 		movl	4(%rsp), %ecx	# %sfp, field_width
 698 04ab EB33     		jmp	.L103	#
 699              	.L102:
 700              	# printk.c:297: 				precision=0;
 701 04ad 4531C0   		xorl	%r8d, %r8d	# precision
 702              	# printk.c:292: 			else if(*fmt == '*'){
 703 04b0 80FA2A   		cmpb	$42, %dl	#, _18
 704 04b3 7535     		jne	.L101	#,
 705              	# printk.c:294: 				precision =va_arg(args,int);
 706 04b5 8B13     		movl	(%rbx), %edx	# args_112(D)->gp_offset, D.2524
 707              	# printk.c:293: 				fmt++;
 708 04b7 4883C002 		addq	$2, %rax	#, tmp293
 709 04bb 48894424 		movq	%rax, 8(%rsp)	# tmp293, fmt
 709      08
 710              	# printk.c:294: 				precision =va_arg(args,int);
 711 04c0 83FA2F   		cmpl	$47, %edx	#, D.2524
 712 04c3 770D     		ja	.L104	#,
 713 04c5 89D0     		movl	%edx, %eax	# D.2524, D.2527
 714 04c7 83C208   		addl	$8, %edx	#, tmp296
 715 04ca 48034310 		addq	16(%rbx), %rax	# args_112(D)->reg_save_area, D.2529
 716 04ce 8913     		movl	%edx, (%rbx)	# tmp296, args_112(D)->gp_offset
 717 04d0 EB0C     		jmp	.L105	#
GAS LISTING printk.s 			page 18


 718              	.L104:
 719 04d2 488B4308 		movq	8(%rbx), %rax	# args_112(D)->overflow_arg_area, D.2529
 720 04d6 488D5008 		leaq	8(%rax), %rdx	#, tmp297
 721 04da 48895308 		movq	%rdx, 8(%rbx)	# tmp297, args_112(D)->overflow_arg_area
 722              	.L105:
 723 04de 8B00     		movl	(%rax), %eax	# MEM[(int * {ref-all})addr.193_204], precision
 724              	.L103:
 725              	# printk.c:296: 			if(precision <0){
 726 04e0 31D2     		xorl	%edx, %edx	# tmp437
 727 04e2 85C0     		testl	%eax, %eax	# precision
 728 04e4 0F49D0   		cmovns	%eax, %edx	# precision,, tmp437
 729 04e7 4189D0   		movl	%edx, %r8d	# tmp437, precision
 730              	.L101:
 731              	# printk.c:305: 		if(*fmt =='h' || *fmt =='l' || *fmt =='L'||*fmt =='z'){
 732 04ea 488B4424 		movq	8(%rsp), %rax	# fmt, fmt.13_22
 732      08
 733 04ef 83CEFF   		orl	$-1, %esi	#, qualifier
 734 04f2 8A10     		movb	(%rax), %dl	# *fmt.13_22, _23
 735 04f4 8D7AB4   		leal	-76(%rdx), %edi	#, _389
 736 04f7 4080FF2E 		cmpb	$46, %dil	#, _389
 737 04fb 771B     		ja	.L106	#,
 738 04fd 49BB0100 		movabsq	$70373307580417, %r11	#, tmp300
 738      00100140 
 738      0000
 739 0507 490FA3FB 		btq	%rdi, %r11	# _389, tmp300
 740 050b 730B     		jnc	.L106	#,
 741              	# printk.c:307: 			fmt++;
 742 050d 48FFC0   		incq	%rax	# tmp302
 743              	# printk.c:306: 			qualifier =*fmt;
 744 0510 0FBEF2   		movsbl	%dl, %esi	# _23, qualifier
 745              	# printk.c:307: 			fmt++;
 746 0513 48894424 		movq	%rax, 8(%rsp)	# tmp302, fmt
 746      08
 747              	.L106:
 748              	# printk.c:309: 	switch (*fmt){
 749 0518 488B5424 		movq	8(%rsp), %rdx	# fmt, fmt.19_28
 749      08
 750 051d 8A02     		movb	(%rdx), %al	# *fmt.19_28, _29
 751              	# printk.c:309: 	switch (*fmt){
 752 051f 3C78     		cmpb	$120, %al	#, _29
 753 0521 0F8F7103 		jg	.L107	#,
 753      0000
 754 0527 3C62     		cmpb	$98, %al	#, _29
 755 0529 7F15     		jg	.L108	#,
 756 052b 3C25     		cmpb	$37, %al	#, _29
 757 052d 0F845C03 		je	.L109	#,
 757      0000
 758 0533 3C58     		cmpb	$88, %al	#, _29
 759 0535 0F842C02 		je	.L110	#,
 759      0000
 760 053b E9580300 		jmp	.L107	#
 760      00
 761              	.L108:
 762 0540 83E863   		subl	$99, %eax	#, tmp303
 763 0543 3C15     		cmpb	$21, %al	#, tmp303
 764 0545 0F874D03 		ja	.L107	#,
 764      0000
GAS LISTING printk.s 			page 19


 765 054b 0FB6C0   		movzbl	%al, %eax	# tmp303, tmp304
 766 054e 498B7CC5 		movq	0(%r13,%rax,8), %rdi	#, tmp307
 766      00
 767 0553 4C01EF   		addq	%r13, %rdi	# tmp410, tmp307
 768 0556 3EFFE7   		notrack jmp	*%rdi	# tmp307
 769              		.section	.rodata
 770              		.align 8
 771              		.align 4
 772              	.L112:
 773 0000 00000000 		.quad	.L119-.L112
 773      00000000 
 774 0008 00000000 		.quad	.L118-.L112
 774      00000000 
 775 0010 00000000 		.quad	.L107-.L112
 775      00000000 
 776 0018 00000000 		.quad	.L107-.L112
 776      00000000 
 777 0020 00000000 		.quad	.L107-.L112
 777      00000000 
 778 0028 00000000 		.quad	.L107-.L112
 778      00000000 
 779 0030 00000000 		.quad	.L118-.L112
 779      00000000 
 780 0038 00000000 		.quad	.L107-.L112
 780      00000000 
 781 0040 00000000 		.quad	.L107-.L112
 781      00000000 
 782 0048 00000000 		.quad	.L107-.L112
 782      00000000 
 783 0050 00000000 		.quad	.L107-.L112
 783      00000000 
 784 0058 00000000 		.quad	.L117-.L112
 784      00000000 
 785 0060 00000000 		.quad	.L116-.L112
 785      00000000 
 786 0068 00000000 		.quad	.L115-.L112
 786      00000000 
 787 0070 00000000 		.quad	.L107-.L112
 787      00000000 
 788 0078 00000000 		.quad	.L107-.L112
 788      00000000 
 789 0080 00000000 		.quad	.L114-.L112
 789      00000000 
 790 0088 00000000 		.quad	.L107-.L112
 790      00000000 
 791 0090 00000000 		.quad	.L113-.L112
 791      00000000 
 792 0098 00000000 		.quad	.L107-.L112
 792      00000000 
 793 00a0 00000000 		.quad	.L107-.L112
 793      00000000 
 794 00a8 00000000 		.quad	.L111-.L112
 794      00000000 
 795              		.text
 796              	.L119:
 797              	# printk.c:311: 				if(!(flags &LEFT)){
 798 0559 4183E110 		andl	$16, %r9d	#, flags
GAS LISTING printk.s 			page 20


 799 055d 7535     		jne	.L121	#,
 800 055f 31C0     		xorl	%eax, %eax	# ivtmp.225
 801              	.L120:
 802              	# printk.c:312: 					while(--field_width>0){
 803 0561 48FFC0   		incq	%rax	# ivtmp.225
 804 0564 89CA     		movl	%ecx, %edx	# field_width, _221
 805 0566 29C2     		subl	%eax, %edx	# ivtmp.225, _221
 806 0568 85D2     		testl	%edx, %edx	# _221
 807 056a 7E08     		jle	.L186	#,
 808              	# printk.c:313: 						*str++ =' ';
 809 056c 41C64402 		movb	$32, -1(%r10,%rax)	#, MEM[(char *)str_67 + -1B + ivtmp.225_105 * 1]
 809      FF20
 810 0572 EBED     		jmp	.L120	#
 811              	.L186:
 812 0574 8D51FF   		leal	-1(%rcx), %edx	#,
 813 0577 31F6     		xorl	%esi, %esi	# tmp311
 814 0579 85C9     		testl	%ecx, %ecx	# field_width
 815 057b 4889D0   		movq	%rdx, %rax	#,
 816 057e 480F4ED6 		cmovle	%rsi, %rdx	# _373,, tmp311, _373
 817 0582 4901D2   		addq	%rdx, %r10	# _373, str
 818 0585 85C9     		testl	%ecx, %ecx	# field_width
 819 0587 BA010000 		movl	$1, %edx	#, tmp436
 819      00
 820 058c 0F4FD1   		cmovg	%ecx, %edx	# field_width,, tmp312
 821 058f 29D0     		subl	%edx, %eax	# tmp312, _345
 822              	# printk.c:312: 					while(--field_width>0){
 823 0591 8D4801   		leal	1(%rax), %ecx	#, field_width
 824              	.L121:
 825              	# printk.c:316: 				*str++ =(unsigned char)va_arg(args,int);
 826 0594 8B13     		movl	(%rbx), %edx	# args_112(D)->gp_offset, D.2534
 827 0596 83FA2F   		cmpl	$47, %edx	#, D.2534
 828 0599 770D     		ja	.L123	#,
 829 059b 89D0     		movl	%edx, %eax	# D.2534, D.2537
 830 059d 83C208   		addl	$8, %edx	#, tmp316
 831 05a0 48034310 		addq	16(%rbx), %rax	# args_112(D)->reg_save_area, D.2539
 832 05a4 8913     		movl	%edx, (%rbx)	# tmp316, args_112(D)->gp_offset
 833 05a6 EB0C     		jmp	.L124	#
 834              	.L123:
 835 05a8 488B4308 		movq	8(%rbx), %rax	# args_112(D)->overflow_arg_area, D.2539
 836 05ac 488D5008 		leaq	8(%rax), %rdx	#, tmp317
 837 05b0 48895308 		movq	%rdx, 8(%rbx)	# tmp317, args_112(D)->overflow_arg_area
 838              	.L124:
 839              	# printk.c:316: 				*str++ =(unsigned char)va_arg(args,int);
 840 05b4 8B00     		movl	(%rax), %eax	# MEM[(int * {ref-all})addr.194_205], MEM[(int * {ref-all})addr.194_205]
 841 05b6 418802   		movb	%al, (%r10)	# MEM[(int * {ref-all})addr.194_205], *str_60
 842              	# printk.c:317: 				while(--field_width>0){
 843 05b9 31C0     		xorl	%eax, %eax	# ivtmp.209
 844              	.L125:
 845              	# printk.c:317: 				while(--field_width>0){
 846 05bb 48FFC0   		incq	%rax	# ivtmp.209
 847 05be 89CA     		movl	%ecx, %edx	# field_width, _121
 848 05c0 29C2     		subl	%eax, %edx	# ivtmp.209, _121
 849 05c2 85D2     		testl	%edx, %edx	# _121
 850 05c4 7E07     		jle	.L187	#,
 851              	# printk.c:318: 					*str++ =' ';
 852 05c6 41C60402 		movb	$32, (%r10,%rax)	#, MEM[(char *)str_60 + ivtmp.209_148 * 1]
 852      20
GAS LISTING printk.s 			page 21


 853 05cb EBEE     		jmp	.L125	#
 854              	.L187:
 855 05cd 31D2     		xorl	%edx, %edx	# tmp321
 856 05cf 8D41FF   		leal	-1(%rcx), %eax	#, tmp319
 857 05d2 85C9     		testl	%ecx, %ecx	# field_width
 858 05d4 480F4EC2 		cmovle	%rdx, %rax	# tmp319,, tmp321, tmp319
 859 05d8 4D8D5402 		leaq	1(%r10,%rax), %r10	#, str
 859      01
 860 05dd E9D50200 		jmp	.L88	#
 860      00
 861              	.L114:
 862              	# printk.c:322: 				s=va_arg(args,char *);
 863 05e2 8B13     		movl	(%rbx), %edx	# args_112(D)->gp_offset, D.2544
 864 05e4 83FA2F   		cmpl	$47, %edx	#, D.2544
 865 05e7 770D     		ja	.L127	#,
 866 05e9 89D0     		movl	%edx, %eax	# D.2544, D.2547
 867 05eb 83C208   		addl	$8, %edx	#, tmp325
 868 05ee 48034310 		addq	16(%rbx), %rax	# args_112(D)->reg_save_area, D.2549
 869 05f2 8913     		movl	%edx, (%rbx)	# tmp325, args_112(D)->gp_offset
 870 05f4 EB0C     		jmp	.L128	#
 871              	.L127:
 872 05f6 488B4308 		movq	8(%rbx), %rax	# args_112(D)->overflow_arg_area, D.2549
 873 05fa 488D5008 		leaq	8(%rax), %rdx	#, tmp326
 874 05fe 48895308 		movq	%rdx, 8(%rbx)	# tmp326, args_112(D)->overflow_arg_area
 875              	.L128:
 876 0602 488B30   		movq	(%rax), %rsi	# MEM[(char * * {ref-all})addr.195_206], s
 877              	# lib.h:527:     char *ptr = String;
 878 0605 4889F0   		movq	%rsi, %rax	# s, ptr
 879              	.L129:
 880              	# lib.h:530:     while (*ptr != '\0') {
 881 0608 803800   		cmpb	$0, (%rax)	#, MEM[(char *)ptr_189]
 882 060b 7405     		je	.L188	#,
 883              	# lib.h:531:         ptr++;
 884 060d 48FFC0   		incq	%rax	# ptr
 885 0610 EBF6     		jmp	.L129	#
 886              	.L188:
 887              	# lib.h:535:     return ptr - String;
 888 0612 4829F0   		subq	%rsi, %rax	# s, tmp327
 889 0615 4863D0   		movslq	%eax, %rdx	# tmp327,
 890              	# printk.c:328: 				if(precision <0){
 891 0618 4183F8FF 		cmpl	$-1, %r8d	#, precision
 892 061c 740A     		je	.L131	#,
 893              	# printk.c:331: 				else if(len >precision){
 894 061e 4139C0   		cmpl	%eax, %r8d	# tmp435, precision
 895 0621 410F4EC0 		cmovle	%r8d, %eax	# precision,, tmp435
 896 0625 4863D0   		movslq	%eax, %rdx	# tmp435,
 897              	.L131:
 898              	# printk.c:334: 				if(!(flags &LEFT)){
 899 0628 4183E110 		andl	$16, %r9d	#, flags
 900 062c 753B     		jne	.L133	#,
 901 062e 31C0     		xorl	%eax, %eax	# ivtmp.268
 902              	.L132:
 903              	# printk.c:335: 					while(len <field_width--){
 904 0630 89CF     		movl	%ecx, %edi	# field_width, field_width
 905 0632 29C7     		subl	%eax, %edi	# ivtmp.268, field_width
 906 0634 39FA     		cmpl	%edi, %edx	# field_width, len
 907 0636 7D0A     		jge	.L189	#,
GAS LISTING printk.s 			page 22


 908              	# printk.c:336: 						*str++ =' ';
 909 0638 41C60402 		movb	$32, (%r10,%rax)	#, MEM[(char *)str_67 + ivtmp.268_264 * 1]
 909      20
 910 063d 48FFC0   		incq	%rax	# ivtmp.268
 911 0640 EBEE     		jmp	.L132	#
 912              	.L189:
 913 0642 39D1     		cmpl	%edx, %ecx	# len, field_width
 914 0644 89C8     		movl	%ecx, %eax	# field_width, _242
 915 0646 410F9DC0 		setge	%r8b	#, tmp330
 916 064a 29D0     		subl	%edx, %eax	# len, _242
 917 064c 4531C9   		xorl	%r9d, %r9d	# tmp332
 918 064f 89C7     		movl	%eax, %edi	# _242, _242
 919 0651 4584C0   		testb	%r8b, %r8b	# tmp330
 920 0654 490F44F9 		cmove	%r9, %rdi	# _242,, tmp332, _242
 921              	# printk.c:335: 					while(len <field_width--){
 922 0658 F7D8     		negl	%eax	# tmp333
 923 065a 4901FA   		addq	%rdi, %r10	# _242, str
 924 065d 31FF     		xorl	%edi, %edi	# tmp334
 925 065f 4584C0   		testb	%r8b, %r8b	# tmp330
 926 0662 0F44C7   		cmove	%edi, %eax	# tmp333,, tmp334, tmp333
 927 0665 8D4C01FF 		leal	-1(%rcx,%rax), %ecx	#, field_width
 928              	.L133:
 929              	# printk.c:339: 				for(i=0;i<len;i++){
 930 0669 31C0     		xorl	%eax, %eax	# ivtmp.254
 931              	.L135:
 932              	# printk.c:339: 				for(i=0;i<len;i++){
 933 066b 39C2     		cmpl	%eax, %edx	# ivtmp.254, len
 934 066d 7E0D     		jle	.L190	#,
 935              	# printk.c:340: 						*str++ =*s++;
 936 066f 408A3C06 		movb	(%rsi,%rax), %dil	# MEM[(char *)s_129 + ivtmp.254_365 * 1], _34
 937              	# printk.c:340: 						*str++ =*s++;
 938 0673 41883C02 		movb	%dil, (%r10,%rax)	# _34, MEM[(char *)str_63 + ivtmp.254_365 * 1]
 939 0677 48FFC0   		incq	%rax	# ivtmp.254
 940 067a EBEF     		jmp	.L135	#
 941              	.L190:
 942 067c 31F6     		xorl	%esi, %esi	#
 943 067e 85D2     		testl	%edx, %edx	# len
 944 0680 480F49F2 		cmovns	%rdx, %rsi	#,,
 945              	# printk.c:339: 				for(i=0;i<len;i++){
 946 0684 31C0     		xorl	%eax, %eax	# ivtmp.240
 947 0686 4C01D6   		addq	%r10, %rsi	# str, str
 948              	.L137:
 949              	# printk.c:342: 				while(len <field_width--){
 950 0689 89CF     		movl	%ecx, %edi	# field_width, field_width
 951 068b 29C7     		subl	%eax, %edi	# ivtmp.240, field_width
 952 068d 39FA     		cmpl	%edi, %edx	# field_width, len
 953 068f 7D09     		jge	.L191	#,
 954              	# printk.c:343: 						*str++ =' ';
 955 0691 C6040620 		movb	$32, (%rsi,%rax)	#, MEM[(char *)str_387 + ivtmp.240_3 * 1]
 956 0695 48FFC0   		incq	%rax	# ivtmp.240
 957 0698 EBEF     		jmp	.L137	#
 958              	.L191:
 959 069a 4189CA   		movl	%ecx, %r10d	# field_width, tmp338
 960 069d 31C0     		xorl	%eax, %eax	# tmp340
 961 069f 4129D2   		subl	%edx, %r10d	# len, tmp338
 962 06a2 39D1     		cmpl	%edx, %ecx	# len, field_width
 963 06a4 4C0F4CD0 		cmovl	%rax, %r10	# tmp338,, tmp340, tmp338
GAS LISTING printk.s 			page 23


 964 06a8 4901F2   		addq	%rsi, %r10	# str, str
 965 06ab E9070200 		jmp	.L88	#
 965      00
 966              	.L116:
 967 06b0 48B80000 		movabsq	$number@GOTOFF, %rax	#, tmp401
 967      00000000 
 967      0000
 968              	# printk.c:352: 				if(qualifier =='l'){
 969 06ba 83FE6C   		cmpl	$108, %esi	#, qualifier
 970              	# printk.c:322: 				s=va_arg(args,char *);
 971 06bd 8B13     		movl	(%rbx), %edx	# args_112(D)->gp_offset, pretmp_396
 972              	# printk.c:352: 				if(qualifier =='l'){
 973 06bf 7528     		jne	.L139	#,
 974              	# printk.c:353: 					str=number(str,va_arg(args,unsigned long),8,field_width,precision,flags);
 975 06c1 83FA2F   		cmpl	$47, %edx	#, pretmp_396
 976 06c4 770D     		ja	.L140	#,
 977 06c6 89D6     		movl	%edx, %esi	# pretmp_396, D.2557
 978 06c8 83C208   		addl	$8, %edx	#, tmp343
 979 06cb 48037310 		addq	16(%rbx), %rsi	# args_112(D)->reg_save_area, D.2559
 980 06cf 8913     		movl	%edx, (%rbx)	# tmp343, args_112(D)->gp_offset
 981 06d1 EB0C     		jmp	.L141	#
 982              	.L140:
 983 06d3 488B7308 		movq	8(%rbx), %rsi	# args_112(D)->overflow_arg_area, D.2559
 984 06d7 488D5608 		leaq	8(%rsi), %rdx	#, tmp344
 985 06db 48895308 		movq	%rdx, 8(%rbx)	# tmp344, args_112(D)->overflow_arg_area
 986              	.L141:
 987              	# printk.c:353: 					str=number(str,va_arg(args,unsigned long),8,field_width,precision,flags);
 988 06df BA080000 		movl	$8, %edx	#,
 988      00
 989 06e4 E9B20000 		jmp	.L184	#
 989      00
 990              	.L139:
 991              	# printk.c:356: 					str=number(str,va_arg(args,unsigned int),8,field_width,precision,flags);
 992 06e9 83FA2F   		cmpl	$47, %edx	#, pretmp_396
 993 06ec 770D     		ja	.L142	#,
 994 06ee 89D6     		movl	%edx, %esi	# pretmp_396, D.2567
 995 06f0 83C208   		addl	$8, %edx	#, tmp349
 996 06f3 48037310 		addq	16(%rbx), %rsi	# args_112(D)->reg_save_area, D.2569
 997 06f7 8913     		movl	%edx, (%rbx)	# tmp349, args_112(D)->gp_offset
 998 06f9 EB0C     		jmp	.L143	#
 999              	.L142:
 1000 06fb 488B7308 		movq	8(%rbx), %rsi	# args_112(D)->overflow_arg_area, D.2569
 1001 06ff 488D5608 		leaq	8(%rsi), %rdx	#, tmp350
 1002 0703 48895308 		movq	%rdx, 8(%rbx)	# tmp350, args_112(D)->overflow_arg_area
 1003              	.L143:
 1004              	# printk.c:356: 					str=number(str,va_arg(args,unsigned int),8,field_width,precision,flags);
 1005 0707 8B36     		movl	(%rsi), %esi	# MEM[(unsigned int * {ref-all})addr.197_208], MEM[(unsigned int * {ref-all})add
 1006 0709 BA080000 		movl	$8, %edx	#,
 1006      00
 1007              	.L182:
 1008 070e 4C89D7   		movq	%r10, %rdi	# str,
 1009              	.L183:
 1010 0711 4801E8   		addq	%rbp, %rax	# tmp82, tmp352
 1011 0714 FFD0     		call	*%rax	# tmp352
 1012 0716 4989C2   		movq	%rax, %r10	# tmp416, str
 1013 0719 E9990100 		jmp	.L88	#
 1013      00
GAS LISTING printk.s 			page 24


 1014              	.L115:
 1015              	# printk.c:360: 				if(field_width ==-1){
 1016 071e 83F9FF   		cmpl	$-1, %ecx	#, field_width
 1017 0721 7509     		jne	.L144	#,
 1018              	# printk.c:363: 					flags |=ZEROPAD;
 1019 0723 4183C901 		orl	$1, %r9d	#, flags
 1020              	# printk.c:362: 					field_width=sizeof(void *)*2;
 1021 0727 B9100000 		movl	$16, %ecx	#, field_width
 1021      00
 1022              	.L144:
 1023              	# printk.c:365: 				str=number(str,(unsigned long)va_arg(args,void *),16,field_width,precision,flag
 1024 072c 8B13     		movl	(%rbx), %edx	# args_112(D)->gp_offset, D.2574
 1025 072e 83FA2F   		cmpl	$47, %edx	#, D.2574
 1026 0731 770D     		ja	.L145	#,
 1027 0733 89D0     		movl	%edx, %eax	# D.2574, D.2577
 1028 0735 83C208   		addl	$8, %edx	#, tmp356
 1029 0738 48034310 		addq	16(%rbx), %rax	# args_112(D)->reg_save_area, D.2579
 1030 073c 8913     		movl	%edx, (%rbx)	# tmp356, args_112(D)->gp_offset
 1031 073e EB0C     		jmp	.L146	#
 1032              	.L145:
 1033 0740 488B4308 		movq	8(%rbx), %rax	# args_112(D)->overflow_arg_area, D.2579
 1034 0744 488D5008 		leaq	8(%rax), %rdx	#, tmp357
 1035 0748 48895308 		movq	%rdx, 8(%rbx)	# tmp357, args_112(D)->overflow_arg_area
 1036              	.L146:
 1037              	# printk.c:365: 				str=number(str,(unsigned long)va_arg(args,void *),16,field_width,precision,flag
 1038 074c 488B30   		movq	(%rax), %rsi	# MEM[(void * * {ref-all})addr.198_209],
 1039 074f BA100000 		movl	$16, %edx	#,
 1039      00
 1040 0754 4C89D7   		movq	%r10, %rdi	# str,
 1041 0757 48B80000 		movabsq	$number@GOTOFF, %rax	#, tmp359
 1041      00000000 
 1041      0000
 1042 0761 EBAE     		jmp	.L183	#
 1043              	.L111:
 1044              	# printk.c:368: 				flags |=SMALL;
 1045 0763 4183C940 		orl	$64, %r9d	#, flags
 1046              	.L110:
 1047 0767 48B80000 		movabsq	$number@GOTOFF, %rax	#, tmp399
 1047      00000000 
 1047      0000
 1048              	# printk.c:370: 				if(qualifier =='l'){
 1049 0771 83FE6C   		cmpl	$108, %esi	#, qualifier
 1050              	# printk.c:322: 				s=va_arg(args,char *);
 1051 0774 8B13     		movl	(%rbx), %edx	# args_112(D)->gp_offset, pretmp_392
 1052              	# printk.c:370: 				if(qualifier =='l'){
 1053 0776 752B     		jne	.L147	#,
 1054              	# printk.c:371: 					str=number(str,va_arg(args,unsigned long),16,field_width,precision,flags);	
 1055 0778 83FA2F   		cmpl	$47, %edx	#, pretmp_392
 1056 077b 770D     		ja	.L148	#,
 1057 077d 89D6     		movl	%edx, %esi	# pretmp_392, D.2587
 1058 077f 83C208   		addl	$8, %edx	#, tmp362
 1059 0782 48037310 		addq	16(%rbx), %rsi	# args_112(D)->reg_save_area, D.2589
 1060 0786 8913     		movl	%edx, (%rbx)	# tmp362, args_112(D)->gp_offset
 1061 0788 EB0C     		jmp	.L149	#
 1062              	.L148:
 1063 078a 488B7308 		movq	8(%rbx), %rsi	# args_112(D)->overflow_arg_area, D.2589
 1064 078e 488D5608 		leaq	8(%rsi), %rdx	#, tmp363
GAS LISTING printk.s 			page 25


 1065 0792 48895308 		movq	%rdx, 8(%rbx)	# tmp363, args_112(D)->overflow_arg_area
 1066              	.L149:
 1067              	# printk.c:371: 					str=number(str,va_arg(args,unsigned long),16,field_width,precision,flags);	
 1068 0796 BA100000 		movl	$16, %edx	#,
 1068      00
 1069              	.L184:
 1070 079b 488B36   		movq	(%rsi), %rsi	#* D.2589,
 1071 079e E96BFFFF 		jmp	.L182	#
 1071      FF
 1072              	.L147:
 1073              	# printk.c:373: 					str=number(str,va_arg(args,unsigned int),16,field_width,precision,flags);
 1074 07a3 83FA2F   		cmpl	$47, %edx	#, pretmp_392
 1075 07a6 770D     		ja	.L150	#,
 1076 07a8 89D6     		movl	%edx, %esi	# pretmp_392, D.2597
 1077 07aa 83C208   		addl	$8, %edx	#, tmp368
 1078 07ad 48037310 		addq	16(%rbx), %rsi	# args_112(D)->reg_save_area, D.2599
 1079 07b1 8913     		movl	%edx, (%rbx)	# tmp368, args_112(D)->gp_offset
 1080 07b3 EB0C     		jmp	.L151	#
 1081              	.L150:
 1082 07b5 488B7308 		movq	8(%rbx), %rsi	# args_112(D)->overflow_arg_area, D.2599
 1083 07b9 488D5608 		leaq	8(%rsi), %rdx	#, tmp369
 1084 07bd 48895308 		movq	%rdx, 8(%rbx)	# tmp369, args_112(D)->overflow_arg_area
 1085              	.L151:
 1086              	# printk.c:373: 					str=number(str,va_arg(args,unsigned int),16,field_width,precision,flags);
 1087 07c1 8B36     		movl	(%rsi), %esi	# MEM[(unsigned int * {ref-all})addr.200_211], MEM[(unsigned int * {ref-all})add
 1088 07c3 BA100000 		movl	$16, %edx	#,
 1088      00
 1089 07c8 E941FFFF 		jmp	.L182	#
 1089      FF
 1090              	.L118:
 1091              	# printk.c:378: 				flags |=SIGN;
 1092 07cd 4183C902 		orl	$2, %r9d	#, flags
 1093              	.L113:
 1094 07d1 48B80000 		movabsq	$number@GOTOFF, %rax	#, tmp400
 1094      00000000 
 1094      0000
 1095              	# printk.c:380: 				if(qualifier =='l'){
 1096 07db 83FE6C   		cmpl	$108, %esi	#, qualifier
 1097              	# printk.c:322: 				s=va_arg(args,char *);
 1098 07de 8B13     		movl	(%rbx), %edx	# args_112(D)->gp_offset, pretmp_394
 1099              	# printk.c:380: 				if(qualifier =='l'){
 1100 07e0 7525     		jne	.L152	#,
 1101              	# printk.c:381: 					str=number(str,va_arg(args,unsigned long),10,field_width,precision,flags);
 1102 07e2 83FA2F   		cmpl	$47, %edx	#, pretmp_394
 1103 07e5 770D     		ja	.L153	#,
 1104 07e7 89D6     		movl	%edx, %esi	# pretmp_394, D.2607
 1105 07e9 83C208   		addl	$8, %edx	#, tmp375
 1106 07ec 48037310 		addq	16(%rbx), %rsi	# args_112(D)->reg_save_area, D.2609
 1107 07f0 8913     		movl	%edx, (%rbx)	# tmp375, args_112(D)->gp_offset
 1108 07f2 EB0C     		jmp	.L154	#
 1109              	.L153:
 1110 07f4 488B7308 		movq	8(%rbx), %rsi	# args_112(D)->overflow_arg_area, D.2609
 1111 07f8 488D5608 		leaq	8(%rsi), %rdx	#, tmp376
 1112 07fc 48895308 		movq	%rdx, 8(%rbx)	# tmp376, args_112(D)->overflow_arg_area
 1113              	.L154:
 1114              	# printk.c:381: 					str=number(str,va_arg(args,unsigned long),10,field_width,precision,flags);
 1115 0800 BA0A0000 		movl	$10, %edx	#,
GAS LISTING printk.s 			page 26


 1115      00
 1116 0805 EB94     		jmp	.L184	#
 1117              	.L152:
 1118              	# printk.c:383: 					str=number(str,va_arg(args,unsigned int),10,field_width,precision,flags);
 1119 0807 83FA2F   		cmpl	$47, %edx	#, pretmp_394
 1120 080a 770D     		ja	.L155	#,
 1121 080c 89D6     		movl	%edx, %esi	# pretmp_394, D.2617
 1122 080e 83C208   		addl	$8, %edx	#, tmp381
 1123 0811 48037310 		addq	16(%rbx), %rsi	# args_112(D)->reg_save_area, D.2619
 1124 0815 8913     		movl	%edx, (%rbx)	# tmp381, args_112(D)->gp_offset
 1125 0817 EB0C     		jmp	.L156	#
 1126              	.L155:
 1127 0819 488B7308 		movq	8(%rbx), %rsi	# args_112(D)->overflow_arg_area, D.2619
 1128 081d 488D5608 		leaq	8(%rsi), %rdx	#, tmp382
 1129 0821 48895308 		movq	%rdx, 8(%rbx)	# tmp382, args_112(D)->overflow_arg_area
 1130              	.L156:
 1131              	# printk.c:383: 					str=number(str,va_arg(args,unsigned int),10,field_width,precision,flags);
 1132 0825 8B36     		movl	(%rsi), %esi	# MEM[(unsigned int * {ref-all})addr.202_213], MEM[(unsigned int * {ref-all})add
 1133 0827 BA0A0000 		movl	$10, %edx	#,
 1133      00
 1134 082c E9DDFEFF 		jmp	.L182	#
 1134      FF
 1135              	.L117:
 1136              	# printk.c:322: 				s=va_arg(args,char *);
 1137 0831 8B03     		movl	(%rbx), %eax	# args_112(D)->gp_offset, pretmp_395
 1138              	# printk.c:387: 				if(qualifier =='l'){
 1139 0833 83FE6C   		cmpl	$108, %esi	#, qualifier
 1140 0836 752C     		jne	.L157	#,
 1141              	# printk.c:388: 					long *ip=va_arg(args,long *);
 1142 0838 83F82F   		cmpl	$47, %eax	#, pretmp_395
 1143 083b 770D     		ja	.L158	#,
 1144 083d 89C2     		movl	%eax, %edx	# pretmp_395, D.2627
 1145 083f 83C008   		addl	$8, %eax	#, tmp388
 1146 0842 48035310 		addq	16(%rbx), %rdx	# args_112(D)->reg_save_area, D.2629
 1147 0846 8903     		movl	%eax, (%rbx)	# tmp388, args_112(D)->gp_offset
 1148 0848 EB0C     		jmp	.L159	#
 1149              	.L158:
 1150 084a 488B5308 		movq	8(%rbx), %rdx	# args_112(D)->overflow_arg_area, D.2629
 1151 084e 488D4208 		leaq	8(%rdx), %rax	#, tmp389
 1152 0852 48894308 		movq	%rax, 8(%rbx)	# tmp389, args_112(D)->overflow_arg_area
 1153              	.L159:
 1154 0856 488B02   		movq	(%rdx), %rax	# MEM[(long int * * {ref-all})addr.203_214], ip
 1155              	# printk.c:389: 					*ip=(str-buf);
 1156 0859 4C89D2   		movq	%r10, %rdx	# str, tmp390
 1157 085c 4C29E2   		subq	%r12, %rdx	# buf, tmp390
 1158 085f 488910   		movq	%rdx, (%rax)	# tmp390, *ip_155
 1159 0862 EB53     		jmp	.L88	#
 1160              	.L157:
 1161              	# printk.c:391: 					int *ip=va_arg(args,int *);
 1162 0864 83F82F   		cmpl	$47, %eax	#, pretmp_395
 1163 0867 770D     		ja	.L160	#,
 1164 0869 89C2     		movl	%eax, %edx	# pretmp_395, D.2637
 1165 086b 83C008   		addl	$8, %eax	#, tmp393
 1166 086e 48035310 		addq	16(%rbx), %rdx	# args_112(D)->reg_save_area, D.2639
 1167 0872 8903     		movl	%eax, (%rbx)	# tmp393, args_112(D)->gp_offset
 1168 0874 EB0C     		jmp	.L161	#
 1169              	.L160:
GAS LISTING printk.s 			page 27


 1170 0876 488B5308 		movq	8(%rbx), %rdx	# args_112(D)->overflow_arg_area, D.2639
 1171 087a 488D4208 		leaq	8(%rdx), %rax	#, tmp394
 1172 087e 48894308 		movq	%rax, 8(%rbx)	# tmp394, args_112(D)->overflow_arg_area
 1173              	.L161:
 1174 0882 488B02   		movq	(%rdx), %rax	# MEM[(int * * {ref-all})addr.204_215], ip
 1175              	# printk.c:392: 					*ip=(str-buf);
 1176 0885 4C89D2   		movq	%r10, %rdx	# str, tmp395
 1177 0888 4C29E2   		subq	%r12, %rdx	# buf, tmp395
 1178              	# printk.c:392: 					*ip=(str-buf);
 1179 088b 8910     		movl	%edx, (%rax)	# tmp395, *ip_152
 1180 088d EB28     		jmp	.L88	#
 1181              	.L109:
 1182              	# printk.c:396: 				*str++ ='%';
 1183 088f 41C60225 		movb	$37, (%r10)	#, *str_67
 1184              	.L181:
 1185              	# printk.c:396: 				*str++ ='%';
 1186 0893 49FFC2   		incq	%r10	# str
 1187              	# printk.c:397: 				break;
 1188 0896 EB1F     		jmp	.L88	#
 1189              	.L107:
 1190              	# printk.c:399: 				*str++ ='%';
 1191 0898 41C60225 		movb	$37, (%r10)	#, *str_67
 1192              	# printk.c:400: 				if(*fmt)
 1193 089c 8A02     		movb	(%rdx), %al	# *fmt.19_28, _52
 1194              	# printk.c:400: 				if(*fmt)
 1195 089e 84C0     		testb	%al, %al	# _52
 1196 08a0 740A     		je	.L163	#,
 1197              	# printk.c:401: 					*str++ =*fmt;
 1198 08a2 41884201 		movb	%al, 1(%r10)	# _52, MEM[(char *)str_67 + 1B]
 1199              	# printk.c:401: 					*str++ =*fmt;
 1200 08a6 4983C202 		addq	$2, %r10	#, str
 1201 08aa EB0B     		jmp	.L88	#
 1202              	.L163:
 1203              	# printk.c:403: 					--fmt;
 1204 08ac 48FFCA   		decq	%rdx	# tmp396
 1205              	# printk.c:399: 				*str++ ='%';
 1206 08af 49FFC2   		incq	%r10	# str
 1207              	# printk.c:403: 					--fmt;
 1208 08b2 48895424 		movq	%rdx, 8(%rsp)	# tmp396, fmt
 1208      08
 1209              	.L88:
 1210              	# printk.c:240: 	for (str=buf;*fmt;fmt++)
 1211 08b7 48FF4424 		incq	8(%rsp)	# fmt
 1211      08
 1212 08bc E9E7FAFF 		jmp	.L86	#
 1212      FF
 1213              	.L185:
 1214              	# printk.c:407: 	*str = '\0';
 1215 08c1 41C60200 		movb	$0, (%r10)	#, *str_67
 1216              	# printk.c:408: 	return str - buf;
 1217 08c5 4489D0   		movl	%r10d, %eax	# str, tmp397
 1218              	# printk.c:409: }
 1219 08c8 4883C410 		addq	$16, %rsp	#,
 1220              		.cfi_def_cfa_offset 40
 1221 08cc 5B       		popq	%rbx	#
 1222              		.cfi_def_cfa_offset 32
 1223              	# printk.c:408: 	return str - buf;
GAS LISTING printk.s 			page 28


 1224 08cd 4429E0   		subl	%r12d, %eax	# buf, tmp397
 1225              	# printk.c:409: }
 1226 08d0 5D       		popq	%rbp	#
 1227              		.cfi_def_cfa_offset 24
 1228 08d1 415C     		popq	%r12	#
 1229              		.cfi_def_cfa_offset 16
 1230 08d3 415D     		popq	%r13	#
 1231              		.cfi_def_cfa_offset 8
 1232 08d5 C3       		ret	
 1233              		.cfi_endproc
 1234              	.LFE40:
 1235              		.size	vsprintf, .-vsprintf
 1236              		.globl	color_printk
 1237              		.type	color_printk, @function
 1238              	color_printk:
 1239              	.LFB35:
 1240              		.cfi_startproc
 1241 08d6 F30F1EFA 		endbr64	
 1242              	.L209:
 1243 08da 49BB0000 		movabsq	$_GLOBAL_OFFSET_TABLE_-.L209, %r11	#,
 1243      00000000 
 1243      0000
 1244 08e4 4157     		pushq	%r15	#
 1245              		.cfi_def_cfa_offset 16
 1246              		.cfi_offset 15, -16
 1247 08e6 4156     		pushq	%r14	#
 1248              		.cfi_def_cfa_offset 24
 1249              		.cfi_offset 14, -24
 1250 08e8 4155     		pushq	%r13	#
 1251              		.cfi_def_cfa_offset 32
 1252              		.cfi_offset 13, -32
 1253 08ea 4154     		pushq	%r12	#
 1254              		.cfi_def_cfa_offset 40
 1255              		.cfi_offset 12, -40
 1256 08ec 55       		pushq	%rbp	#
 1257              		.cfi_def_cfa_offset 48
 1258              		.cfi_offset 6, -48
 1259 08ed 53       		pushq	%rbx	#
 1260              		.cfi_def_cfa_offset 56
 1261              		.cfi_offset 3, -56
 1262 08ee 488D1DE5 		leaq	.L209(%rip), %rbx	#, tmp82
 1262      FFFFFF
 1263 08f5 4C01DB   		addq	%r11, %rbx	#, tmp82
 1264 08f8 4881ECE8 		subq	$232, %rsp	#,
 1264      000000
 1265              		.cfi_def_cfa_offset 288
 1266 08ff 8974240C 		movl	%esi, 12(%rsp)	# tmp238, %sfp
 1267 0903 4889D6   		movq	%rdx, %rsi	# tmp239, fmt
 1268 0906 897C2408 		movl	%edi, 8(%rsp)	# tmp237, %sfp
 1269 090a 48894C24 		movq	%rcx, 72(%rsp)	#,
 1269      48
 1270 090f 4C894424 		movq	%r8, 80(%rsp)	#,
 1270      50
 1271 0914 4C894C24 		movq	%r9, 88(%rsp)	#,
 1271      58
 1272 0919 84C0     		testb	%al, %al	#
 1273 091b 743A     		je	.L208	#,
GAS LISTING printk.s 			page 29


 1274 091d 0F294424 		movaps	%xmm0, 96(%rsp)	#,
 1274      60
 1275 0922 0F294C24 		movaps	%xmm1, 112(%rsp)	#,
 1275      70
 1276 0927 0F299424 		movaps	%xmm2, 128(%rsp)	#,
 1276      80000000 
 1277 092f 0F299C24 		movaps	%xmm3, 144(%rsp)	#,
 1277      90000000 
 1278 0937 0F29A424 		movaps	%xmm4, 160(%rsp)	#,
 1278      A0000000 
 1279 093f 0F29AC24 		movaps	%xmm5, 176(%rsp)	#,
 1279      B0000000 
 1280 0947 0F29B424 		movaps	%xmm6, 192(%rsp)	#,
 1280      C0000000 
 1281 094f 0F29BC24 		movaps	%xmm7, 208(%rsp)	#,
 1281      D0000000 
 1282              	.L208:
 1283              	# printk.c:35: 	va_start(args,fmt);	
 1284 0957 488D8424 		leaq	288(%rsp), %rax	#, tmp244
 1284      20010000 
 1285              	# printk.c:36: 	i=vsprintf(buf,fmt,args);
 1286 095f 488D5424 		leaq	24(%rsp), %rdx	#, tmp140
 1286      18
 1287              	# printk.c:33: 	int line=0;
 1288 0964 31ED     		xorl	%ebp, %ebp	# line
 1289              	# printk.c:38: 	for(count=0;count<i || line;count++){
 1290 0966 4531E4   		xorl	%r12d, %r12d	# count
 1291              	# printk.c:36: 	i=vsprintf(buf,fmt,args);
 1292 0969 49BF0000 		movabsq	$buf@GOTOFF, %r15	#, tmp142
 1292      00000000 
 1292      0000
 1293              	# printk.c:35: 	va_start(args,fmt);	
 1294 0973 48894424 		movq	%rax, 32(%rsp)	# tmp244, MEM[(struct [1] *)&args].overflow_arg_area
 1294      20
 1295 0978 488D4424 		leaq	48(%rsp), %rax	#, tmp245
 1295      30
 1296              	# printk.c:44: 			Pos.YPosition++;
 1297 097d 49BD0000 		movabsq	$Pos@GOTOFF, %r13	#, tmp236
 1297      00000000 
 1297      0000
 1298              	# printk.c:35: 	va_start(args,fmt);	
 1299 0987 48894424 		movq	%rax, 40(%rsp)	# tmp245, MEM[(struct [1] *)&args].reg_save_area
 1299      28
 1300              	# printk.c:36: 	i=vsprintf(buf,fmt,args);
 1301 098c 4A8D3C3B 		leaq	(%rbx,%r15), %rdi	#, tmp141
 1302 0990 48B80000 		movabsq	$vsprintf@GOTOFF, %rax	#, tmp144
 1302      00000000 
 1302      0000
 1303              	# printk.c:35: 	va_start(args,fmt);	
 1304 099a C7442418 		movl	$24, 24(%rsp)	#, MEM[(struct [1] *)&args].gp_offset
 1304      18000000 
 1305              	# printk.c:36: 	i=vsprintf(buf,fmt,args);
 1306 09a2 4801D8   		addq	%rbx, %rax	# tmp82, tmp143
 1307              	# printk.c:35: 	va_start(args,fmt);	
 1308 09a5 C744241C 		movl	$48, 28(%rsp)	#, MEM[(struct [1] *)&args].fp_offset
 1308      30000000 
 1309              	# printk.c:36: 	i=vsprintf(buf,fmt,args);
GAS LISTING printk.s 			page 30


 1310 09ad FFD0     		call	*%rax	# tmp143
 1311 09af 4189C6   		movl	%eax, %r14d	# tmp240, <retval>
 1312              	.L194:
 1313              	# printk.c:38: 	for(count=0;count<i || line;count++){
 1314 09b2 4539F4   		cmpl	%r14d, %r12d	# <retval>, count
 1315 09b5 0F8D3E01 		jge	.L213	#,
 1315      0000
 1316              	.L207:
 1317              	# printk.c:44: 			Pos.YPosition++;
 1318 09bb 468B4C2B 		movl	12(%rbx,%r13), %r9d	# Pos.YPosition, pretmp_159
 1318      0C
 1319              	# printk.c:52: 					Pos.YPosition=(Pos.YResolution/ Pos.YCharSize-1)*Pos.YCharSize;
 1320 09c0 428B4C2B 		movl	20(%rbx,%r13), %ecx	# Pos.YCharSize, pretmp_160
 1320      14
 1321              	# printk.c:49: 				Pos.XPosition=(Pos.XResolution/ Pos.XCharSize-1)*Pos.XCharSize;
 1322 09c5 468B442B 		movl	16(%rbx,%r13), %r8d	# Pos.XCharSize, pretmp_161
 1322      10
 1323              	# printk.c:49: 				Pos.XPosition=(Pos.XResolution/ Pos.XCharSize-1)*Pos.XCharSize;
 1324 09ca 428B342B 		movl	(%rbx,%r13), %esi	# Pos.XResolution, pretmp_162
 1325              	# printk.c:39: 		if(line >0){
 1326 09ce 85ED     		testl	%ebp, %ebp	# line
 1327 09d0 7E08     		jle	.L195	#,
 1328              	# printk.c:40: 			count--;
 1329 09d2 41FFCC   		decl	%r12d	# count
 1330              	# printk.c:41: 			goto Label_tab;
 1331 09d5 E9A10000 		jmp	.L196	#
 1331      00
 1332              	.L195:
 1333              	# printk.c:43: 		if((unsigned char)*(buf+count)=='\n'){
 1334 09da 4963C4   		movslq	%r12d, %rax	# count, count
 1335              	# printk.c:43: 		if((unsigned char)*(buf+count)=='\n'){
 1336 09dd 498D141F 		leaq	(%r15,%rbx), %rdx	#, tmp151
 1337 09e1 0FB60410 		movzbl	(%rax,%rdx), %eax	# *_2,
 1338              	# printk.c:43: 		if((unsigned char)*(buf+count)=='\n'){
 1339 09e5 3C0A     		cmpb	$10, %al	#, _3
 1340 09e7 7514     		jne	.L197	#,
 1341              	# printk.c:44: 			Pos.YPosition++;
 1342 09e9 41FFC1   		incl	%r9d	# tmp153
 1343              	# printk.c:45: 			Pos.XPosition=0;
 1344 09ec 31F6     		xorl	%esi, %esi	#
 1345              	# printk.c:44: 			Pos.YPosition++;
 1346 09ee 46894C2B 		movl	%r9d, 12(%rbx,%r13)	# tmp153, Pos.YPosition
 1346      0C
 1347              	# printk.c:45: 			Pos.XPosition=0;
 1348 09f3 4289742B 		movl	%esi, 8(%rbx,%r13)	#, Pos.XPosition
 1348      08
 1349 09f8 E9BE0000 		jmp	.L203	#
 1349      00
 1350              	.L197:
 1351              	# printk.c:47: 			Pos.XPosition--;
 1352 09fd 428B542B 		movl	8(%rbx,%r13), %edx	# Pos.XPosition, pretmp_151
 1352      08
 1353              	# printk.c:55: 			putchar(Pos.FB_addr,Pos.XResolution,Pos.XPosition*Pos.XCharSize,Pos.YPosition*Pos
 1354 0a02 4A8B7C2B 		movq	24(%rbx,%r13), %rdi	# Pos.FB_addr, pretmp_154
 1354      18
 1355              	# printk.c:46: 		}else if((unsigned char)*(buf+count)=='\b'){
 1356 0a07 3C08     		cmpb	$8, %al	#, _3
GAS LISTING printk.s 			page 31


 1357 0a09 7564     		jne	.L199	#,
 1358              	# printk.c:48: 			if(Pos.XPosition<0){
 1359 0a0b FFCA     		decl	%edx	# _8
 1360 0a0d 7807     		js	.L200	#,
 1361              	# printk.c:47: 			Pos.XPosition--;
 1362 0a0f 4189541D 		movl	%edx, 8(%r13,%rbx)	# _8, Pos.XPosition
 1362      08
 1363 0a14 EB2D     		jmp	.L201	#
 1364              	.L200:
 1365              	# printk.c:49: 				Pos.XPosition=(Pos.XResolution/ Pos.XCharSize-1)*Pos.XCharSize;
 1366 0a16 89F0     		movl	%esi, %eax	# pretmp_162, tmp160
 1367 0a18 99       		cltd
 1368 0a19 41F7F8   		idivl	%r8d	# pretmp_161
 1369              	# printk.c:49: 				Pos.XPosition=(Pos.XResolution/ Pos.XCharSize-1)*Pos.XCharSize;
 1370 0a1c FFC8     		decl	%eax	# tmp162
 1371              	# printk.c:49: 				Pos.XPosition=(Pos.XResolution/ Pos.XCharSize-1)*Pos.XCharSize;
 1372 0a1e 410FAFC0 		imull	%r8d, %eax	# pretmp_161, tmp163
 1373              	# printk.c:50: 				Pos.YPosition--;
 1374 0a22 41FFC9   		decl	%r9d	# _15
 1375 0a25 45894C1D 		movl	%r9d, 12(%r13,%rbx)	# _15, Pos.YPosition
 1375      0C
 1376              	# printk.c:49: 				Pos.XPosition=(Pos.XResolution/ Pos.XCharSize-1)*Pos.XCharSize;
 1377 0a2a 4189441D 		movl	%eax, 8(%r13,%rbx)	# tmp163, Pos.XPosition
 1377      08
 1378              	# printk.c:51: 				if(Pos.YPosition<0){
 1379 0a2f 7912     		jns	.L201	#,
 1380              	# printk.c:52: 					Pos.YPosition=(Pos.YResolution/ Pos.YCharSize-1)*Pos.YCharSize;
 1381 0a31 418B441D 		movl	4(%r13,%rbx), %eax	# Pos.YResolution, Pos.YResolution
 1381      04
 1382 0a36 99       		cltd
 1383 0a37 F7F9     		idivl	%ecx	# pretmp_160
 1384              	# printk.c:52: 					Pos.YPosition=(Pos.YResolution/ Pos.YCharSize-1)*Pos.YCharSize;
 1385 0a39 FFC8     		decl	%eax	# tmp171
 1386              	# printk.c:52: 					Pos.YPosition=(Pos.YResolution/ Pos.YCharSize-1)*Pos.YCharSize;
 1387 0a3b 0FAFC1   		imull	%ecx, %eax	# pretmp_160, tmp172
 1388              	# printk.c:52: 					Pos.YPosition=(Pos.YResolution/ Pos.YCharSize-1)*Pos.YCharSize;
 1389 0a3e 4189441D 		movl	%eax, 12(%r13,%rbx)	# tmp172, Pos.YPosition
 1389      0C
 1390              	.L201:
 1391              	# printk.c:55: 			putchar(Pos.FB_addr,Pos.XResolution,Pos.XPosition*Pos.XCharSize,Pos.YPosition*Pos
 1392 0a43 418B541D 		movl	8(%r13,%rbx), %edx	# Pos.XPosition, pretmp_161
 1392      08
 1393 0a48 410FAF4C 		imull	12(%r13,%rbx), %ecx	# Pos.YPosition, tmp174
 1393      1D0C
 1394 0a4e 6A20     		pushq	$32	#
 1395              		.cfi_remember_state
 1396              		.cfi_def_cfa_offset 296
 1397 0a50 48B80000 		movabsq	$putchar@GOTOFF, %rax	#, tmp178
 1397      00000000 
 1397      0000
 1398 0a5a 448B4C24 		movl	20(%rsp), %r9d	# %sfp,
 1398      14
 1399 0a5f 4801D8   		addq	%rbx, %rax	# tmp82, tmp177
 1400 0a62 410FAFD0 		imull	%r8d, %edx	# pretmp_161, pretmp_161
 1401 0a66 448B4424 		movl	16(%rsp), %r8d	# %sfp,
 1401      10
 1402 0a6b FFD0     		call	*%rax	# tmp177
GAS LISTING printk.s 			page 32


 1403 0a6d EB4B     		jmp	.L211	#
 1404              	.L199:
 1405              		.cfi_restore_state
 1406              	# printk.c:56: 		}else if((unsigned char)*(buf+count)=='\t'){
 1407 0a6f 3C09     		cmpb	$9, %al	#, _3
 1408 0a71 7520     		jne	.L204	#,
 1409              	# printk.c:59: 				line =((Pos.XPosition+8)& ~(8-1))-Pos.XPosition;
 1410 0a73 8D6A08   		leal	8(%rdx), %ebp	#, tmp179
 1411              	# printk.c:59: 				line =((Pos.XPosition+8)& ~(8-1))-Pos.XPosition;
 1412 0a76 83E5F8   		andl	$-8, %ebp	#, tmp180
 1413              	# printk.c:59: 				line =((Pos.XPosition+8)& ~(8-1))-Pos.XPosition;
 1414 0a79 29D5     		subl	%edx, %ebp	# pretmp_151, line
 1415              	.L196:
 1416              	# printk.c:62: 				putchar(Pos.FB_addr,Pos.XResolution,Pos.XPosition*Pos.XCharSize,Pos.YPosition*Po
 1417 0a7b 428B542B 		movl	8(%rbx,%r13), %edx	# Pos.XPosition, pretmp_161
 1417      08
 1418 0a80 4A8B7C2B 		movq	24(%rbx,%r13), %rdi	# Pos.FB_addr, Pos.FB_addr
 1418      18
 1419 0a85 410FAFC9 		imull	%r9d, %ecx	# pretmp_159, tmp181
 1420 0a89 6A20     		pushq	$32	#
 1421              		.cfi_remember_state
 1422              		.cfi_def_cfa_offset 296
 1423              	# printk.c:61: 				line--;
 1424 0a8b FFCD     		decl	%ebp	# line
 1425              	# printk.c:62: 				putchar(Pos.FB_addr,Pos.XResolution,Pos.XPosition*Pos.XCharSize,Pos.YPosition*Po
 1426 0a8d 410FAFD0 		imull	%r8d, %edx	# pretmp_161, pretmp_161
 1427 0a91 EB09     		jmp	.L212	#
 1428              	.L204:
 1429              		.cfi_restore_state
 1430              	# printk.c:65: 			putchar(Pos.FB_addr,Pos.XResolution,Pos.XPosition*Pos.XCharSize,Pos.YPosition*Pos
 1431 0a93 410FAFC9 		imull	%r9d, %ecx	# pretmp_159, tmp194
 1432 0a97 50       		pushq	%rax	# _3
 1433              		.cfi_def_cfa_offset 296
 1434 0a98 410FAFD0 		imull	%r8d, %edx	# pretmp_161, tmp195
 1435              	.L212:
 1436 0a9c 48B80000 		movabsq	$putchar@GOTOFF, %rax	#, tmp198
 1436      00000000 
 1436      0000
 1437 0aa6 448B4C24 		movl	20(%rsp), %r9d	# %sfp,
 1437      14
 1438 0aab 448B4424 		movl	16(%rsp), %r8d	# %sfp,
 1438      10
 1439 0ab0 4801D8   		addq	%rbx, %rax	# tmp82, tmp197
 1440 0ab3 FFD0     		call	*%rax	# tmp197
 1441              	# printk.c:66: 			Pos.XPosition++;
 1442 0ab5 41FF441D 		incl	8(%r13,%rbx)	# Pos.XPosition
 1442      08
 1443              	.L211:
 1444 0aba 59       		popq	%rcx	#
 1445              		.cfi_def_cfa_offset 288
 1446              	.L203:
 1447              	# printk.c:68: 		if(Pos.XPosition>=(Pos.XResolution/Pos.XCharSize)){
 1448 0abb 428B042B 		movl	(%rbx,%r13), %eax	# Pos.XResolution, Pos.XResolution
 1449 0abf 99       		cltd
 1450 0ac0 42F77C2B 		idivl	16(%rbx,%r13)	# Pos.XCharSize
 1450      10
 1451              	# printk.c:68: 		if(Pos.XPosition>=(Pos.XResolution/Pos.XCharSize)){
GAS LISTING printk.s 			page 33


 1452 0ac5 4239442B 		cmpl	%eax, 8(%rbx,%r13)	# tmp209, Pos.XPosition
 1452      08
 1453 0aca 7C0C     		jl	.L205	#,
 1454              	# printk.c:70: 			Pos.XPosition=0;
 1455 0acc 31D2     		xorl	%edx, %edx	#
 1456              	# printk.c:69: 			Pos.YPosition++;
 1457 0ace 41FF441D 		incl	12(%r13,%rbx)	# Pos.YPosition
 1457      0C
 1458              	# printk.c:70: 			Pos.XPosition=0;
 1459 0ad3 4289542B 		movl	%edx, 8(%rbx,%r13)	#, Pos.XPosition
 1459      08
 1460              	.L205:
 1461              	# printk.c:72: 		if(Pos.YPosition>=(Pos.YResolution/Pos.YCharSize)){
 1462 0ad8 418B441D 		movl	4(%r13,%rbx), %eax	# Pos.YResolution, Pos.YResolution
 1462      04
 1463 0add 99       		cltd
 1464 0ade 41F77C1D 		idivl	20(%r13,%rbx)	# Pos.YCharSize
 1464      14
 1465              	# printk.c:72: 		if(Pos.YPosition>=(Pos.YResolution/Pos.YCharSize)){
 1466 0ae3 4139441D 		cmpl	%eax, 12(%r13,%rbx)	# tmp223, Pos.YPosition
 1466      0C
 1467 0ae8 7C07     		jl	.L206	#,
 1468              	# printk.c:73: 			Pos.YPosition=0;
 1469 0aea 31C0     		xorl	%eax, %eax	#
 1470 0aec 4189441D 		movl	%eax, 12(%r13,%rbx)	#, Pos.YPosition
 1470      0C
 1471              	.L206:
 1472              	# printk.c:38: 	for(count=0;count<i || line;count++){
 1473 0af1 41FFC4   		incl	%r12d	# count
 1474 0af4 E9B9FEFF 		jmp	.L194	#
 1474      FF
 1475              	.L213:
 1476              	# printk.c:38: 	for(count=0;count<i || line;count++){
 1477 0af9 85ED     		testl	%ebp, %ebp	# line
 1478 0afb 0F85BAFE 		jne	.L207	#,
 1478      FFFF
 1479              	# printk.c:77: }
 1480 0b01 4881C4E8 		addq	$232, %rsp	#,
 1480      000000
 1481              		.cfi_def_cfa_offset 56
 1482 0b08 4489F0   		movl	%r14d, %eax	# <retval>,
 1483 0b0b 5B       		popq	%rbx	#
 1484              		.cfi_def_cfa_offset 48
 1485 0b0c 5D       		popq	%rbp	#
 1486              		.cfi_def_cfa_offset 40
 1487 0b0d 415C     		popq	%r12	#
 1488              		.cfi_def_cfa_offset 32
 1489 0b0f 415D     		popq	%r13	#
 1490              		.cfi_def_cfa_offset 24
 1491 0b11 415E     		popq	%r14	#
 1492              		.cfi_def_cfa_offset 16
 1493 0b13 415F     		popq	%r15	#
 1494              		.cfi_def_cfa_offset 8
 1495 0b15 C3       		ret	
 1496              		.cfi_endproc
 1497              	.LFE35:
 1498              		.size	color_printk, .-color_printk
GAS LISTING printk.s 			page 34


 1499              		.globl	buf
 1500              		.bss
 1501              		.align 32
 1502              		.type	buf, @object
 1503              		.size	buf, 4096
 1504              	buf:
 1505 0000 00000000 		.zero	4096
 1505      00000000 
 1505      00000000 
 1505      00000000 
 1505      00000000 
 1506              		.globl	Pos
 1507              		.align 32
 1508              		.type	Pos, @object
 1509              		.size	Pos, 40
 1510              	Pos:
 1511 1000 00000000 		.zero	40
 1511      00000000 
 1511      00000000 
 1511      00000000 
 1511      00000000 
 1512              		.globl	font_ascii
 1513              		.data
 1514              		.align 32
 1515              		.type	font_ascii, @object
 1516              		.size	font_ascii, 4096
 1517              	font_ascii:
 1518 0000 00       		.string	""
 1519 0001 00       		.string	""
 1520 0002 00       		.string	""
 1521 0003 00       		.string	""
 1522 0004 00       		.string	""
 1523 0005 00       		.string	""
 1524 0006 00       		.string	""
 1525 0007 00       		.string	""
 1526 0008 00       		.string	""
 1527 0009 00       		.string	""
 1528 000a 00       		.string	""
 1529 000b 00       		.string	""
 1530 000c 00       		.string	""
 1531 000d 00       		.string	""
 1532 000e 00       		.string	""
 1533 000f 00       		.string	""
 1534 0010 00       		.string	""
 1535 0011 00       		.string	""
 1536 0012 00       		.string	""
 1537 0013 00       		.string	""
 1538 0014 00       		.string	""
 1539 0015 00       		.string	""
 1540 0016 00       		.string	""
 1541 0017 00       		.string	""
 1542 0018 00       		.string	""
 1543 0019 00       		.string	""
 1544 001a 00       		.string	""
 1545 001b 00       		.string	""
 1546 001c 00       		.string	""
 1547 001d 00       		.string	""
GAS LISTING printk.s 			page 35


 1548 001e 00       		.string	""
 1549 001f 00       		.string	""
 1550 0020 00       		.string	""
 1551 0021 00       		.string	""
 1552 0022 00       		.string	""
 1553 0023 00       		.string	""
 1554 0024 00       		.string	""
 1555 0025 00       		.string	""
 1556 0026 00       		.string	""
 1557 0027 00       		.string	""
 1558 0028 00       		.string	""
 1559 0029 00       		.string	""
 1560 002a 00       		.string	""
 1561 002b 00       		.string	""
 1562 002c 00       		.string	""
 1563 002d 00       		.string	""
 1564 002e 00       		.string	""
 1565 002f 00       		.string	""
 1566 0030 00       		.string	""
 1567 0031 00       		.string	""
 1568 0032 00       		.string	""
 1569 0033 00       		.string	""
 1570 0034 00       		.string	""
 1571 0035 00       		.string	""
 1572 0036 00       		.string	""
 1573 0037 00       		.string	""
 1574 0038 00       		.string	""
 1575 0039 00       		.string	""
 1576 003a 00       		.string	""
 1577 003b 00       		.string	""
 1578 003c 00       		.string	""
 1579 003d 00       		.string	""
 1580 003e 00       		.string	""
 1581 003f 00       		.string	""
 1582 0040 00       		.string	""
 1583 0041 00       		.string	""
 1584 0042 00       		.string	""
 1585 0043 00       		.string	""
 1586 0044 00       		.string	""
 1587 0045 00       		.string	""
 1588 0046 00       		.string	""
 1589 0047 00       		.string	""
 1590 0048 00       		.string	""
 1591 0049 00       		.string	""
 1592 004a 00       		.string	""
 1593 004b 00       		.string	""
 1594 004c 00       		.string	""
 1595 004d 00       		.string	""
 1596 004e 00       		.string	""
 1597 004f 00       		.string	""
 1598 0050 00       		.string	""
 1599 0051 00       		.string	""
 1600 0052 00       		.string	""
 1601 0053 00       		.string	""
 1602 0054 00       		.string	""
 1603 0055 00       		.string	""
 1604 0056 00       		.string	""
GAS LISTING printk.s 			page 36


 1605 0057 00       		.string	""
 1606 0058 00       		.string	""
 1607 0059 00       		.string	""
 1608 005a 00       		.string	""
 1609 005b 00       		.string	""
 1610 005c 00       		.string	""
 1611 005d 00       		.string	""
 1612 005e 00       		.string	""
 1613 005f 00       		.string	""
 1614 0060 00       		.string	""
 1615 0061 00       		.string	""
 1616 0062 00       		.string	""
 1617 0063 00       		.string	""
 1618 0064 00       		.string	""
 1619 0065 00       		.string	""
 1620 0066 00       		.string	""
 1621 0067 00       		.string	""
 1622 0068 00       		.string	""
 1623 0069 00       		.string	""
 1624 006a 00       		.string	""
 1625 006b 00       		.string	""
 1626 006c 00       		.string	""
 1627 006d 00       		.string	""
 1628 006e 00       		.string	""
 1629 006f 00       		.string	""
 1630 0070 00       		.string	""
 1631 0071 00       		.string	""
 1632 0072 00       		.string	""
 1633 0073 00       		.string	""
 1634 0074 00       		.string	""
 1635 0075 00       		.string	""
 1636 0076 00       		.string	""
 1637 0077 00       		.string	""
 1638 0078 00       		.string	""
 1639 0079 00       		.string	""
 1640 007a 00       		.string	""
 1641 007b 00       		.string	""
 1642 007c 00       		.string	""
 1643 007d 00       		.string	""
 1644 007e 00       		.string	""
 1645 007f 00       		.string	""
 1646 0080 00       		.string	""
 1647 0081 00       		.string	""
 1648 0082 00       		.string	""
 1649 0083 00       		.string	""
 1650 0084 00       		.string	""
 1651 0085 00       		.string	""
 1652 0086 00       		.string	""
 1653 0087 00       		.string	""
 1654 0088 00       		.string	""
 1655 0089 00       		.string	""
 1656 008a 00       		.string	""
 1657 008b 00       		.string	""
 1658 008c 00       		.string	""
 1659 008d 00       		.string	""
 1660 008e 00       		.string	""
 1661 008f 00       		.string	""
GAS LISTING printk.s 			page 37


 1662 0090 00       		.string	""
 1663 0091 00       		.string	""
 1664 0092 00       		.string	""
 1665 0093 00       		.string	""
 1666 0094 00       		.string	""
 1667 0095 00       		.string	""
 1668 0096 00       		.string	""
 1669 0097 00       		.string	""
 1670 0098 00       		.string	""
 1671 0099 00       		.string	""
 1672 009a 00       		.string	""
 1673 009b 00       		.string	""
 1674 009c 00       		.string	""
 1675 009d 00       		.string	""
 1676 009e 00       		.string	""
 1677 009f 00       		.string	""
 1678 00a0 00       		.string	""
 1679 00a1 00       		.string	""
 1680 00a2 00       		.string	""
 1681 00a3 00       		.string	""
 1682 00a4 00       		.string	""
 1683 00a5 00       		.string	""
 1684 00a6 00       		.string	""
 1685 00a7 00       		.string	""
 1686 00a8 00       		.string	""
 1687 00a9 00       		.string	""
 1688 00aa 00       		.string	""
 1689 00ab 00       		.string	""
 1690 00ac 00       		.string	""
 1691 00ad 00       		.string	""
 1692 00ae 00       		.string	""
 1693 00af 00       		.string	""
 1694 00b0 00       		.string	""
 1695 00b1 00       		.string	""
 1696 00b2 00       		.string	""
 1697 00b3 00       		.string	""
 1698 00b4 00       		.string	""
 1699 00b5 00       		.string	""
 1700 00b6 00       		.string	""
 1701 00b7 00       		.string	""
 1702 00b8 00       		.string	""
 1703 00b9 00       		.string	""
 1704 00ba 00       		.string	""
 1705 00bb 00       		.string	""
 1706 00bc 00       		.string	""
 1707 00bd 00       		.string	""
 1708 00be 00       		.string	""
 1709 00bf 00       		.string	""
 1710 00c0 00       		.string	""
 1711 00c1 00       		.string	""
 1712 00c2 00       		.string	""
 1713 00c3 00       		.string	""
 1714 00c4 00       		.string	""
 1715 00c5 00       		.string	""
 1716 00c6 00       		.string	""
 1717 00c7 00       		.string	""
 1718 00c8 00       		.string	""
GAS LISTING printk.s 			page 38


 1719 00c9 00       		.string	""
 1720 00ca 00       		.string	""
 1721 00cb 00       		.string	""
 1722 00cc 00       		.string	""
 1723 00cd 00       		.string	""
 1724 00ce 00       		.string	""
 1725 00cf 00       		.string	""
 1726 00d0 00       		.string	""
 1727 00d1 00       		.string	""
 1728 00d2 00       		.string	""
 1729 00d3 00       		.string	""
 1730 00d4 00       		.string	""
 1731 00d5 00       		.string	""
 1732 00d6 00       		.string	""
 1733 00d7 00       		.string	""
 1734 00d8 00       		.string	""
 1735 00d9 00       		.string	""
 1736 00da 00       		.string	""
 1737 00db 00       		.string	""
 1738 00dc 00       		.string	""
 1739 00dd 00       		.string	""
 1740 00de 00       		.string	""
 1741 00df 00       		.string	""
 1742 00e0 00       		.string	""
 1743 00e1 00       		.string	""
 1744 00e2 00       		.string	""
 1745 00e3 00       		.string	""
 1746 00e4 00       		.string	""
 1747 00e5 00       		.string	""
 1748 00e6 00       		.string	""
 1749 00e7 00       		.string	""
 1750 00e8 00       		.string	""
 1751 00e9 00       		.string	""
 1752 00ea 00       		.string	""
 1753 00eb 00       		.string	""
 1754 00ec 00       		.string	""
 1755 00ed 00       		.string	""
 1756 00ee 00       		.string	""
 1757 00ef 00       		.string	""
 1758 00f0 00       		.string	""
 1759 00f1 00       		.string	""
 1760 00f2 00       		.string	""
 1761 00f3 00       		.string	""
 1762 00f4 00       		.string	""
 1763 00f5 00       		.string	""
 1764 00f6 00       		.string	""
 1765 00f7 00       		.string	""
 1766 00f8 00       		.string	""
 1767 00f9 00       		.string	""
 1768 00fa 00       		.string	""
 1769 00fb 00       		.string	""
 1770 00fc 00       		.string	""
 1771 00fd 00       		.string	""
 1772 00fe 00       		.string	""
 1773 00ff 00       		.string	""
 1774 0100 00       		.string	""
 1775 0101 00       		.string	""
GAS LISTING printk.s 			page 39


 1776 0102 00       		.string	""
 1777 0103 00       		.string	""
 1778 0104 00       		.string	""
 1779 0105 00       		.string	""
 1780 0106 00       		.string	""
 1781 0107 00       		.string	""
 1782 0108 00       		.string	""
 1783 0109 00       		.string	""
 1784 010a 00       		.string	""
 1785 010b 00       		.string	""
 1786 010c 00       		.string	""
 1787 010d 00       		.string	""
 1788 010e 00       		.string	""
 1789 010f 00       		.string	""
 1790 0110 00       		.string	""
 1791 0111 00       		.string	""
 1792 0112 00       		.string	""
 1793 0113 00       		.string	""
 1794 0114 00       		.string	""
 1795 0115 00       		.string	""
 1796 0116 00       		.string	""
 1797 0117 00       		.string	""
 1798 0118 00       		.string	""
 1799 0119 00       		.string	""
 1800 011a 00       		.string	""
 1801 011b 00       		.string	""
 1802 011c 00       		.string	""
 1803 011d 00       		.string	""
 1804 011e 00       		.string	""
 1805 011f 00       		.string	""
 1806 0120 00       		.string	""
 1807 0121 00       		.string	""
 1808 0122 00       		.string	""
 1809 0123 00       		.string	""
 1810 0124 00       		.string	""
 1811 0125 00       		.string	""
 1812 0126 00       		.string	""
 1813 0127 00       		.string	""
 1814 0128 00       		.string	""
 1815 0129 00       		.string	""
 1816 012a 00       		.string	""
 1817 012b 00       		.string	""
 1818 012c 00       		.string	""
 1819 012d 00       		.string	""
 1820 012e 00       		.string	""
 1821 012f 00       		.string	""
 1822 0130 00       		.string	""
 1823 0131 00       		.string	""
 1824 0132 00       		.string	""
 1825 0133 00       		.string	""
 1826 0134 00       		.string	""
 1827 0135 00       		.string	""
 1828 0136 00       		.string	""
 1829 0137 00       		.string	""
 1830 0138 00       		.string	""
 1831 0139 00       		.string	""
 1832 013a 00       		.string	""
GAS LISTING printk.s 			page 40


 1833 013b 00       		.string	""
 1834 013c 00       		.string	""
 1835 013d 00       		.string	""
 1836 013e 00       		.string	""
 1837 013f 00       		.string	""
 1838 0140 00       		.string	""
 1839 0141 00       		.string	""
 1840 0142 00       		.string	""
 1841 0143 00       		.string	""
 1842 0144 00       		.string	""
 1843 0145 00       		.string	""
 1844 0146 00       		.string	""
 1845 0147 00       		.string	""
 1846 0148 00       		.string	""
 1847 0149 00       		.string	""
 1848 014a 00       		.string	""
 1849 014b 00       		.string	""
 1850 014c 00       		.string	""
 1851 014d 00       		.string	""
 1852 014e 00       		.string	""
 1853 014f 00       		.string	""
 1854 0150 00       		.string	""
 1855 0151 00       		.string	""
 1856 0152 00       		.string	""
 1857 0153 00       		.string	""
 1858 0154 00       		.string	""
 1859 0155 00       		.string	""
 1860 0156 00       		.string	""
 1861 0157 00       		.string	""
 1862 0158 00       		.string	""
 1863 0159 00       		.string	""
 1864 015a 00       		.string	""
 1865 015b 00       		.string	""
 1866 015c 00       		.string	""
 1867 015d 00       		.string	""
 1868 015e 00       		.string	""
 1869 015f 00       		.string	""
 1870 0160 00       		.string	""
 1871 0161 00       		.string	""
 1872 0162 00       		.string	""
 1873 0163 00       		.string	""
 1874 0164 00       		.string	""
 1875 0165 00       		.string	""
 1876 0166 00       		.string	""
 1877 0167 00       		.string	""
 1878 0168 00       		.string	""
 1879 0169 00       		.string	""
 1880 016a 00       		.string	""
 1881 016b 00       		.string	""
 1882 016c 00       		.string	""
 1883 016d 00       		.string	""
 1884 016e 00       		.string	""
 1885 016f 00       		.string	""
 1886 0170 00       		.string	""
 1887 0171 00       		.string	""
 1888 0172 00       		.string	""
 1889 0173 00       		.string	""
GAS LISTING printk.s 			page 41


 1890 0174 00       		.string	""
 1891 0175 00       		.string	""
 1892 0176 00       		.string	""
 1893 0177 00       		.string	""
 1894 0178 00       		.string	""
 1895 0179 00       		.string	""
 1896 017a 00       		.string	""
 1897 017b 00       		.string	""
 1898 017c 00       		.string	""
 1899 017d 00       		.string	""
 1900 017e 00       		.string	""
 1901 017f 00       		.string	""
 1902 0180 00       		.string	""
 1903 0181 00       		.string	""
 1904 0182 00       		.string	""
 1905 0183 00       		.string	""
 1906 0184 00       		.string	""
 1907 0185 00       		.string	""
 1908 0186 00       		.string	""
 1909 0187 00       		.string	""
 1910 0188 00       		.string	""
 1911 0189 00       		.string	""
 1912 018a 00       		.string	""
 1913 018b 00       		.string	""
 1914 018c 00       		.string	""
 1915 018d 00       		.string	""
 1916 018e 00       		.string	""
 1917 018f 00       		.string	""
 1918 0190 00       		.string	""
 1919 0191 00       		.string	""
 1920 0192 00       		.string	""
 1921 0193 00       		.string	""
 1922 0194 00       		.string	""
 1923 0195 00       		.string	""
 1924 0196 00       		.string	""
 1925 0197 00       		.string	""
 1926 0198 00       		.string	""
 1927 0199 00       		.string	""
 1928 019a 00       		.string	""
 1929 019b 00       		.string	""
 1930 019c 00       		.string	""
 1931 019d 00       		.string	""
 1932 019e 00       		.string	""
 1933 019f 00       		.string	""
 1934 01a0 00       		.string	""
 1935 01a1 00       		.string	""
 1936 01a2 00       		.string	""
 1937 01a3 00       		.string	""
 1938 01a4 00       		.string	""
 1939 01a5 00       		.string	""
 1940 01a6 00       		.string	""
 1941 01a7 00       		.string	""
 1942 01a8 00       		.string	""
 1943 01a9 00       		.string	""
 1944 01aa 00       		.string	""
 1945 01ab 00       		.string	""
 1946 01ac 00       		.string	""
GAS LISTING printk.s 			page 42


 1947 01ad 00       		.string	""
 1948 01ae 00       		.string	""
 1949 01af 00       		.string	""
 1950 01b0 00       		.string	""
 1951 01b1 00       		.string	""
 1952 01b2 00       		.string	""
 1953 01b3 00       		.string	""
 1954 01b4 00       		.string	""
 1955 01b5 00       		.string	""
 1956 01b6 00       		.string	""
 1957 01b7 00       		.string	""
 1958 01b8 00       		.string	""
 1959 01b9 00       		.string	""
 1960 01ba 00       		.string	""
 1961 01bb 00       		.string	""
 1962 01bc 00       		.string	""
 1963 01bd 00       		.string	""
 1964 01be 00       		.string	""
 1965 01bf 00       		.string	""
 1966 01c0 00       		.string	""
 1967 01c1 00       		.string	""
 1968 01c2 00       		.string	""
 1969 01c3 00       		.string	""
 1970 01c4 00       		.string	""
 1971 01c5 00       		.string	""
 1972 01c6 00       		.string	""
 1973 01c7 00       		.string	""
 1974 01c8 00       		.string	""
 1975 01c9 00       		.string	""
 1976 01ca 00       		.string	""
 1977 01cb 00       		.string	""
 1978 01cc 00       		.string	""
 1979 01cd 00       		.string	""
 1980 01ce 00       		.string	""
 1981 01cf 00       		.string	""
 1982 01d0 00       		.string	""
 1983 01d1 00       		.string	""
 1984 01d2 00       		.string	""
 1985 01d3 00       		.string	""
 1986 01d4 00       		.string	""
 1987 01d5 00       		.string	""
 1988 01d6 00       		.string	""
 1989 01d7 00       		.string	""
 1990 01d8 00       		.string	""
 1991 01d9 00       		.string	""
 1992 01da 00       		.string	""
 1993 01db 00       		.string	""
 1994 01dc 00       		.string	""
 1995 01dd 00       		.string	""
 1996 01de 00       		.string	""
 1997 01df 00       		.string	""
 1998 01e0 00       		.string	""
 1999 01e1 00       		.string	""
 2000 01e2 00       		.string	""
 2001 01e3 00       		.string	""
 2002 01e4 00       		.string	""
 2003 01e5 00       		.string	""
GAS LISTING printk.s 			page 43


 2004 01e6 00       		.string	""
 2005 01e7 00       		.string	""
 2006 01e8 00       		.string	""
 2007 01e9 00       		.string	""
 2008 01ea 00       		.string	""
 2009 01eb 00       		.string	""
 2010 01ec 00       		.string	""
 2011 01ed 00       		.string	""
 2012 01ee 00       		.string	""
 2013 01ef 00       		.string	""
 2014 01f0 00       		.string	""
 2015 01f1 00       		.string	""
 2016 01f2 00       		.string	""
 2017 01f3 00       		.string	""
 2018 01f4 00       		.string	""
 2019 01f5 00       		.string	""
 2020 01f6 00       		.string	""
 2021 01f7 00       		.string	""
 2022 01f8 00       		.string	""
 2023 01f9 00       		.string	""
 2024 01fa 00       		.string	""
 2025 01fb 00       		.string	""
 2026 01fc 00       		.string	""
 2027 01fd 00       		.string	""
 2028 01fe 00       		.string	""
 2029 01ff 00       		.string	""
 2030 0200 00       		.string	""
 2031 0201 00       		.string	""
 2032 0202 00       		.string	""
 2033 0203 00       		.string	""
 2034 0204 00       		.string	""
 2035 0205 00       		.string	""
 2036 0206 00       		.string	""
 2037 0207 00       		.string	""
 2038 0208 00       		.string	""
 2039 0209 00       		.string	""
 2040 020a 00       		.string	""
 2041 020b 00       		.string	""
 2042 020c 00       		.string	""
 2043 020d 00       		.string	""
 2044 020e 00       		.string	""
 2045 020f 00       		.string	""
 2046 0210 00       		.string	""
 2047 0211 10101010 		.string	"\020\020\020\020\020\020\020\020\020"
 2047      10101010 
 2047      1000
 2048 021b 00       		.string	""
 2049 021c 101000   		.string	"\020\020"
 2050 021f 00       		.string	""
 2051 0220 28282800 		.string	"((("
 2052 0224 00       		.string	""
 2053 0225 00       		.string	""
 2054 0226 00       		.string	""
 2055 0227 00       		.string	""
 2056 0228 00       		.string	""
 2057 0229 00       		.string	""
 2058 022a 00       		.string	""
GAS LISTING printk.s 			page 44


 2059 022b 00       		.string	""
 2060 022c 00       		.string	""
 2061 022d 00       		.string	""
 2062 022e 00       		.string	""
 2063 022f 00       		.string	""
 2064 0230 00       		.string	""
 2065 0231 444444FE 		.string	"DDD\376DDDDD\376DDD"
 2065      44444444 
 2065      44FE4444 
 2065      4400
 2066 023f 00       		.string	""
 2067 0240 103A5692 		.ascii	"\020:V\222\222\220P8\024\022\222\222\324\270\020\020"
 2067      92905038 
 2067      14129292 
 2067      D4B81010 
 2068 0250 62929494 		.string	"b\222\224\224h\b\020\020 ,RR\222\214"
 2068      68081010 
 2068      202C5252 
 2068      928C00
 2069 025f 00       		.string	""
 2070 0260 00       		.string	""
 2071 0261 70888888 		.string	"p\210\210\210\220`G\242\222\212\204F9"
 2071      906047A2 
 2071      928A8446 
 2071      3900
 2072 026f 00       		.string	""
 2073 0270 04081000 		.string	"\004\b\020"
 2074 0274 00       		.string	""
 2075 0275 00       		.string	""
 2076 0276 00       		.string	""
 2077 0277 00       		.string	""
 2078 0278 00       		.string	""
 2079 0279 00       		.string	""
 2080 027a 00       		.string	""
 2081 027b 00       		.string	""
 2082 027c 00       		.string	""
 2083 027d 00       		.string	""
 2084 027e 00       		.string	""
 2085 027f 00       		.string	""
 2086 0280 02040808 		.string	"\002\004\b\b\020\020\020\020\020\020\020\b\b\004\002"
 2086      10101010 
 2086      10101008 
 2086      08040200 
 2087 0290 80402020 		.string	"\200@  \020\020\020\020\020\020\020  @\200"
 2087      10101010 
 2087      10101020 
 2087      20408000 
 2088 02a0 00       		.string	""
 2089 02a1 00       		.string	""
 2090 02a2 00       		.string	""
 2091 02a3 00       		.string	""
 2092 02a4 00       		.string	""
 2093 02a5 10925438 		.string	"\020\222T8T\222\020"
 2093      54921000 
 2094 02ad 00       		.string	""
 2095 02ae 00       		.string	""
 2096 02af 00       		.string	""
GAS LISTING printk.s 			page 45


 2097 02b0 00       		.string	""
 2098 02b1 00       		.string	""
 2099 02b2 00       		.string	""
 2100 02b3 00       		.string	""
 2101 02b4 00       		.string	""
 2102 02b5 101010FE 		.string	"\020\020\020\376\020\020\020"
 2102      10101000 
 2103 02bd 00       		.string	""
 2104 02be 00       		.string	""
 2105 02bf 00       		.string	""
 2106 02c0 00       		.string	""
 2107 02c1 00       		.string	""
 2108 02c2 00       		.string	""
 2109 02c3 00       		.string	""
 2110 02c4 00       		.string	""
 2111 02c5 00       		.string	""
 2112 02c6 00       		.string	""
 2113 02c7 00       		.string	""
 2114 02c8 00       		.string	""
 2115 02c9 00       		.string	""
 2116 02ca 00       		.string	""
 2117 02cb 18180808 		.ascii	"\030\030\b\b\020"
 2117      10
 2118 02d0 00       		.string	""
 2119 02d1 00       		.string	""
 2120 02d2 00       		.string	""
 2121 02d3 00       		.string	""
 2122 02d4 00       		.string	""
 2123 02d5 00       		.string	""
 2124 02d6 00       		.string	""
 2125 02d7 00       		.string	""
 2126 02d8 FE00     		.string	"\376"
 2127 02da 00       		.string	""
 2128 02db 00       		.string	""
 2129 02dc 00       		.string	""
 2130 02dd 00       		.string	""
 2131 02de 00       		.string	""
 2132 02df 00       		.string	""
 2133 02e0 00       		.string	""
 2134 02e1 00       		.string	""
 2135 02e2 00       		.string	""
 2136 02e3 00       		.string	""
 2137 02e4 00       		.string	""
 2138 02e5 00       		.string	""
 2139 02e6 00       		.string	""
 2140 02e7 00       		.string	""
 2141 02e8 00       		.string	""
 2142 02e9 00       		.string	""
 2143 02ea 00       		.string	""
 2144 02eb 00       		.string	""
 2145 02ec 181800   		.string	"\030\030"
 2146 02ef 00       		.string	""
 2147 02f0 02020404 		.ascii	"\002\002\004\004\b\b\b\020\020  @@@\200\200"
 2147      08080810 
 2147      10202040 
 2147      40408080 
 2148 0300 00       		.string	""
GAS LISTING printk.s 			page 46


 2149 0301 18242442 		.string	"\030$$BBBBBBB$$\030"
 2149      42424242 
 2149      42422424 
 2149      1800
 2150 030f 00       		.string	""
 2151 0310 00       		.string	""
 2152 0311 08182808 		.string	"\b\030(\b\b\b\b\b\b\b\b\b>"
 2152      08080808 
 2152      08080808 
 2152      3E00
 2153 031f 00       		.string	""
 2154 0320 00       		.string	""
 2155 0321 18244242 		.string	"\030$BB\002\004\b\020  @@~"
 2155      02040810 
 2155      20204040 
 2155      7E00
 2156 032f 00       		.string	""
 2157 0330 00       		.string	""
 2158 0331 18244202 		.string	"\030$B\002\002\004\030\004\002\002B$\030"
 2158      02041804 
 2158      02024224 
 2158      1800
 2159 033f 00       		.string	""
 2160 0340 00       		.string	""
 2161 0341 0C0C0C14 		.string	"\f\f\f\024\024\024$$D~\004\004\036"
 2161      14142424 
 2161      447E0404 
 2161      1E00
 2162 034f 00       		.string	""
 2163 0350 00       		.string	""
 2164 0351 7C404040 		.string	"|@@@Xd\002\002\002\002B$\030"
 2164      58640202 
 2164      02024224 
 2164      1800
 2165 035f 00       		.string	""
 2166 0360 00       		.string	""
 2167 0361 18244240 		.string	"\030$B@XdBBBBB$\030"
 2167      58644242 
 2167      42424224 
 2167      1800
 2168 036f 00       		.string	""
 2169 0370 00       		.string	""
 2170 0371 7E424204 		.string	"~BB\004\004\b\b\b\020\020\020\0208"
 2170      04080808 
 2170      10101010 
 2170      3800
 2171 037f 00       		.string	""
 2172 0380 00       		.string	""
 2173 0381 18244242 		.string	"\030$BBB$\030$BBB$\030"
 2173      42241824 
 2173      42424224 
 2173      1800
 2174 038f 00       		.string	""
 2175 0390 00       		.string	""
 2176 0391 18244242 		.string	"\030$BBBBB&\032\002B$\030"
 2176      42424226 
 2176      1A024224 
GAS LISTING printk.s 			page 47


 2176      1800
 2177 039f 00       		.string	""
 2178 03a0 00       		.string	""
 2179 03a1 00       		.string	""
 2180 03a2 00       		.string	""
 2181 03a3 00       		.string	""
 2182 03a4 00       		.string	""
 2183 03a5 181800   		.string	"\030\030"
 2184 03a8 00       		.string	""
 2185 03a9 00       		.string	""
 2186 03aa 00       		.string	""
 2187 03ab 00       		.string	""
 2188 03ac 181800   		.string	"\030\030"
 2189 03af 00       		.string	""
 2190 03b0 00       		.string	""
 2191 03b1 00       		.string	""
 2192 03b2 00       		.string	""
 2193 03b3 00       		.string	""
 2194 03b4 00       		.string	""
 2195 03b5 181800   		.string	"\030\030"
 2196 03b8 00       		.string	""
 2197 03b9 00       		.string	""
 2198 03ba 00       		.string	""
 2199 03bb 18180808 		.ascii	"\030\030\b\b\020"
 2199      10
 2200 03c0 00       		.string	""
 2201 03c1 02040810 		.string	"\002\004\b\020 @\200\200@ \020\b\004\002"
 2201      20408080 
 2201      40201008 
 2201      040200
 2202 03d0 00       		.string	""
 2203 03d1 00       		.string	""
 2204 03d2 00       		.string	""
 2205 03d3 00       		.string	""
 2206 03d4 00       		.string	""
 2207 03d5 00       		.string	""
 2208 03d6 FE00     		.string	"\376"
 2209 03d8 00       		.string	""
 2210 03d9 FE00     		.string	"\376"
 2211 03db 00       		.string	""
 2212 03dc 00       		.string	""
 2213 03dd 00       		.string	""
 2214 03de 00       		.string	""
 2215 03df 00       		.string	""
 2216 03e0 00       		.string	""
 2217 03e1 80402010 		.string	"\200@ \020\b\004\002\002\004\b\020 @\200"
 2217      08040202 
 2217      04081020 
 2217      408000
 2218 03f0 00       		.string	""
 2219 03f1 38448282 		.string	"8D\202\202\202\004\b\020\020"
 2219      82040810 
 2219      1000
 2220 03fb 00       		.string	""
 2221 03fc 181800   		.string	"\030\030"
 2222 03ff 00       		.string	""
 2223 0400 00       		.string	""
GAS LISTING printk.s 			page 48


 2224 0401 3844829A 		.string	"8D\202\232\252\252\252\252\252\234\200F8"
 2224      AAAAAAAA 
 2224      AA9C8046 
 2224      3800
 2225 040f 00       		.string	""
 2226 0410 00       		.string	""
 2227 0411 18181818 		.string	"\030\030\030\030$$$$~BBB\347"
 2227      24242424 
 2227      7E424242 
 2227      E700
 2228 041f 00       		.string	""
 2229 0420 00       		.string	""
 2230 0421 F0484444 		.string	"\360HDDDHxDBBBD\370"
 2230      44487844 
 2230      42424244 
 2230      F800
 2231 042f 00       		.string	""
 2232 0430 00       		.string	""
 2233 0431 3A464282 		.string	":FB\202\200\200\200\200\200\202BD8"
 2233      80808080 
 2233      80824244 
 2233      3800
 2234 043f 00       		.string	""
 2235 0440 00       		.string	""
 2236 0441 F8444442 		.string	"\370DDBBBBBBBDD\370"
 2236      42424242 
 2236      42424444 
 2236      F800
 2237 044f 00       		.string	""
 2238 0450 00       		.string	""
 2239 0451 FE424240 		.string	"\376BB@@D|D@@BB\376"
 2239      40447C44 
 2239      40404242 
 2239      FE00
 2240 045f 00       		.string	""
 2241 0460 00       		.string	""
 2242 0461 FE424240 		.string	"\376BB@@D|DD@@@\360"
 2242      40447C44 
 2242      44404040 
 2242      F000
 2243 046f 00       		.string	""
 2244 0470 00       		.string	""
 2245 0471 3A464282 		.string	":FB\202\200\200\236\202\202\202BF8"
 2245      80809E82 
 2245      82824246 
 2245      3800
 2246 047f 00       		.string	""
 2247 0480 00       		.string	""
 2248 0481 E7424242 		.string	"\347BBBBB~BBBBB\347"
 2248      42427E42 
 2248      42424242 
 2248      E700
 2249 048f 00       		.string	""
 2250 0490 00       		.string	""
 2251 0491 7C101010 		.string	"|\020\020\020\020\020\020\020\020\020\020\020|"
 2251      10101010 
 2251      10101010 
GAS LISTING printk.s 			page 49


 2251      7C00
 2252 049f 00       		.string	""
 2253 04a0 00       		.string	""
 2254 04a1 1F040404 		.string	"\037\004\004\004\004\004\004\004\004\004\004\204H0"
 2254      04040404 
 2254      04040484 
 2254      483000
 2255 04b0 00       		.string	""
 2256 04b1 E7424448 		.string	"\347BDHPP`PPHDB\347"
 2256      50506050 
 2256      50484442 
 2256      E700
 2257 04bf 00       		.string	""
 2258 04c0 00       		.string	""
 2259 04c1 F0404040 		.string	"\360@@@@@@@@@BB\376"
 2259      40404040 
 2259      40404242 
 2259      FE00
 2260 04cf 00       		.string	""
 2261 04d0 00       		.string	""
 2262 04d1 C3426666 		.string	"\303BfffZZZBBBB\347"
 2262      665A5A5A 
 2262      42424242 
 2262      E700
 2263 04df 00       		.string	""
 2264 04e0 00       		.string	""
 2265 04e1 C7426262 		.string	"\307BbbRRRJJJFF\342"
 2265      5252524A 
 2265      4A4A4646 
 2265      E200
 2266 04ef 00       		.string	""
 2267 04f0 00       		.string	""
 2268 04f1 38448282 		.string	"8D\202\202\202\202\202\202\202\202\202D8"
 2268      82828282 
 2268      82828244 
 2268      3800
 2269 04ff 00       		.string	""
 2270 0500 00       		.string	""
 2271 0501 F8444242 		.string	"\370DBBBDx@@@@@\360"
 2271      42447840 
 2271      40404040 
 2271      F000
 2272 050f 00       		.string	""
 2273 0510 00       		.string	""
 2274 0511 38448282 		.string	"8D\202\202\202\202\202\202\202\222\212D:"
 2274      82828282 
 2274      82928A44 
 2274      3A00
 2275 051f 00       		.string	""
 2276 0520 00       		.string	""
 2277 0521 FC424242 		.string	"\374BBBB|DBBBBB\347"
 2277      427C4442 
 2277      42424242 
 2277      E700
 2278 052f 00       		.string	""
 2279 0530 00       		.string	""
 2280 0531 3A468282 		.string	":F\202\202\200@8\004\002\202\202\304\270"
GAS LISTING printk.s 			page 50


 2280      80403804 
 2280      028282C4 
 2280      B800
 2281 053f 00       		.string	""
 2282 0540 00       		.string	""
 2283 0541 FE929210 		.string	"\376\222\222\020\020\020\020\020\020\020\020\020|"
 2283      10101010 
 2283      10101010 
 2283      7C00
 2284 054f 00       		.string	""
 2285 0550 00       		.string	""
 2286 0551 E7424242 		.string	"\347BBBBBBBBBB$<"
 2286      42424242 
 2286      42424224 
 2286      3C00
 2287 055f 00       		.string	""
 2288 0560 00       		.string	""
 2289 0561 E7424242 		.string	"\347BBBB$$$$\030\030\030\030"
 2289      42242424 
 2289      24181818 
 2289      1800
 2290 056f 00       		.string	""
 2291 0570 00       		.string	""
 2292 0571 E7424242 		.string	"\347BBBZZZZ$$$$$"
 2292      5A5A5A5A 
 2292      24242424 
 2292      2400
 2293 057f 00       		.string	""
 2294 0580 00       		.string	""
 2295 0581 E7424224 		.string	"\347BB$$$\030$$$BB\347"
 2295      24241824 
 2295      24244242 
 2295      E700
 2296 058f 00       		.string	""
 2297 0590 00       		.string	""
 2298 0591 EE444444 		.string	"\356DDD(((\020\020\020\020\020|"
 2298      28282810 
 2298      10101010 
 2298      7C00
 2299 059f 00       		.string	""
 2300 05a0 00       		.string	""
 2301 05a1 FE848408 		.string	"\376\204\204\b\b\020\020  @B\202\376"
 2301      08101020 
 2301      20404282 
 2301      FE00
 2302 05af 00       		.string	""
 2303 05b0 00       		.string	""
 2304 05b1 3E202020 		.string	">            >"
 2304      20202020 
 2304      20202020 
 2304      203E00
 2305 05c0 80804040 		.ascii	"\200\200@@   \020\020\b\b\004\004\004\002\002"
 2305      20202010 
 2305      10080804 
 2305      04040202 
 2306 05d0 00       		.string	""
 2307 05d1 7C040404 		.string	"|\004\004\004\004\004\004\004\004\004\004\004\004|"
GAS LISTING printk.s 			page 51


 2307      04040404 
 2307      04040404 
 2307      047C00
 2308 05e0 00       		.string	""
 2309 05e1 10284482 		.string	"\020(D\202"
 2309      00
 2310 05e6 00       		.string	""
 2311 05e7 00       		.string	""
 2312 05e8 00       		.string	""
 2313 05e9 00       		.string	""
 2314 05ea 00       		.string	""
 2315 05eb 00       		.string	""
 2316 05ec 00       		.string	""
 2317 05ed 00       		.string	""
 2318 05ee 00       		.string	""
 2319 05ef 00       		.string	""
 2320 05f0 00       		.string	""
 2321 05f1 00       		.string	""
 2322 05f2 00       		.string	""
 2323 05f3 00       		.string	""
 2324 05f4 00       		.string	""
 2325 05f5 00       		.string	""
 2326 05f6 00       		.string	""
 2327 05f7 00       		.string	""
 2328 05f8 00       		.string	""
 2329 05f9 00       		.string	""
 2330 05fa 00       		.string	""
 2331 05fb 00       		.string	""
 2332 05fc 00       		.string	""
 2333 05fd 00       		.string	""
 2334 05fe FE00     		.string	"\376"
 2335 0600 10080400 		.string	"\020\b\004"
 2336 0604 00       		.string	""
 2337 0605 00       		.string	""
 2338 0606 00       		.string	""
 2339 0607 00       		.string	""
 2340 0608 00       		.string	""
 2341 0609 00       		.string	""
 2342 060a 00       		.string	""
 2343 060b 00       		.string	""
 2344 060c 00       		.string	""
 2345 060d 00       		.string	""
 2346 060e 00       		.string	""
 2347 060f 00       		.string	""
 2348 0610 00       		.string	""
 2349 0611 00       		.string	""
 2350 0612 00       		.string	""
 2351 0613 00       		.string	""
 2352 0614 00       		.string	""
 2353 0615 7008043C 		.string	"p\b\004<D\204\204\214v"
 2353      4484848C 
 2353      7600
 2354 061f 00       		.string	""
 2355 0620 C0404040 		.string	"\300@@@@XdBBBBBdX"
 2355      40586442 
 2355      42424242 
 2355      645800
GAS LISTING printk.s 			page 52


 2356 062f 00       		.string	""
 2357 0630 00       		.string	""
 2358 0631 00       		.string	""
 2359 0632 00       		.string	""
 2360 0633 00       		.string	""
 2361 0634 00       		.string	""
 2362 0635 304C8484 		.string	"0L\204\204\200\200\202D8"
 2362      80808244 
 2362      3800
 2363 063f 00       		.string	""
 2364 0640 0C040404 		.string	"\f\004\004\004\0044L\204\204\204\204\204L6"
 2364      04344C84 
 2364      84848484 
 2364      4C3600
 2365 064f 00       		.string	""
 2366 0650 00       		.string	""
 2367 0651 00       		.string	""
 2368 0652 00       		.string	""
 2369 0653 00       		.string	""
 2370 0654 00       		.string	""
 2371 0655 38448282 		.string	"8D\202\202\374\200\202B<"
 2371      FC808242 
 2371      3C00
 2372 065f 00       		.string	""
 2373 0660 0E101010 		.string	"\016\020\020\020\020|\020\020\020\020\020\020\020|"
 2373      107C1010 
 2373      10101010 
 2373      107C00
 2374 066f 00       		.string	""
 2375 0670 00       		.string	""
 2376 0671 00       		.string	""
 2377 0672 00       		.string	""
 2378 0673 00       		.string	""
 2379 0674 00       		.string	""
 2380 0675 364C8484 		.ascii	"6L\204\204\204\204L4\004\0048"
 2380      84844C34 
 2380      040438
 2381 0680 C0404040 		.string	"\300@@@@XdBBBBBB\343"
 2381      40586442 
 2381      42424242 
 2381      42E300
 2382 068f 00       		.string	""
 2383 0690 00       		.string	""
 2384 0691 101000   		.string	"\020\020"
 2385 0694 00       		.string	""
 2386 0695 30101010 		.string	"0\020\020\020\020\020\020\0208"
 2386      10101010 
 2386      3800
 2387 069f 00       		.string	""
 2388 06a0 00       		.string	""
 2389 06a1 040400   		.string	"\004\004"
 2390 06a4 00       		.string	""
 2391 06a5 0C040404 		.ascii	"\f\004\004\004\004\004\004\004\b\b0"
 2391      04040404 
 2391      080830
 2392 06b0 C0404040 		.string	"\300@@@@NDHP`PHD\346"
 2392      404E4448 
GAS LISTING printk.s 			page 53


 2392      50605048 
 2392      44E600
 2393 06bf 00       		.string	""
 2394 06c0 30101010 		.string	"0\020\020\020\020\020\020\020\020\020\020\020\0208"
 2394      10101010 
 2394      10101010 
 2394      103800
 2395 06cf 00       		.string	""
 2396 06d0 00       		.string	""
 2397 06d1 00       		.string	""
 2398 06d2 00       		.string	""
 2399 06d3 00       		.string	""
 2400 06d4 00       		.string	""
 2401 06d5 F6494949 		.string	"\366IIIIIII\333"
 2401      49494949 
 2401      DB00
 2402 06df 00       		.string	""
 2403 06e0 00       		.string	""
 2404 06e1 00       		.string	""
 2405 06e2 00       		.string	""
 2406 06e3 00       		.string	""
 2407 06e4 00       		.string	""
 2408 06e5 D8644242 		.string	"\330dBBBBBB\343"
 2408      42424242 
 2408      E300
 2409 06ef 00       		.string	""
 2410 06f0 00       		.string	""
 2411 06f1 00       		.string	""
 2412 06f2 00       		.string	""
 2413 06f3 00       		.string	""
 2414 06f4 00       		.string	""
 2415 06f5 38448282 		.string	"8D\202\202\202\202\202D8"
 2415      82828244 
 2415      3800
 2416 06ff 00       		.string	""
 2417 0700 00       		.string	""
 2418 0701 00       		.string	""
 2419 0702 00       		.string	""
 2420 0703 00       		.string	""
 2421 0704 D8644242 		.ascii	"\330dBBBBBdX@@\340"
 2421      42424264 
 2421      584040E0 
 2422 0710 00       		.string	""
 2423 0711 00       		.string	""
 2424 0712 00       		.string	""
 2425 0713 00       		.string	""
 2426 0714 344C8484 		.ascii	"4L\204\204\204\204\204L4\004\004\016"
 2426      8484844C 
 2426      3404040E 
 2427 0720 00       		.string	""
 2428 0721 00       		.string	""
 2429 0722 00       		.string	""
 2430 0723 00       		.string	""
 2431 0724 00       		.string	""
 2432 0725 DC624240 		.string	"\334bB@@@@@\340"
 2432      40404040 
 2432      E000
GAS LISTING printk.s 			page 54


 2433 072f 00       		.string	""
 2434 0730 00       		.string	""
 2435 0731 00       		.string	""
 2436 0732 00       		.string	""
 2437 0733 00       		.string	""
 2438 0734 00       		.string	""
 2439 0735 7A8682C0 		.string	"z\206\202\3008\006\202\302\274"
 2439      380682C2 
 2439      BC00
 2440 073f 00       		.string	""
 2441 0740 00       		.string	""
 2442 0741 00       		.string	""
 2443 0742 1010107C 		.string	"\020\020\020|\020\020\020\020\020\020\020\016"
 2443      10101010 
 2443      1010100E 
 2443      00
 2444 074f 00       		.string	""
 2445 0750 00       		.string	""
 2446 0751 00       		.string	""
 2447 0752 00       		.string	""
 2448 0753 00       		.string	""
 2449 0754 00       		.string	""
 2450 0755 C6424242 		.string	"\306BBBBBBF;"
 2450      42424246 
 2450      3B00
 2451 075f 00       		.string	""
 2452 0760 00       		.string	""
 2453 0761 00       		.string	""
 2454 0762 00       		.string	""
 2455 0763 00       		.string	""
 2456 0764 00       		.string	""
 2457 0765 E7424242 		.string	"\347BBB$$$\030\030"
 2457      24242418 
 2457      1800
 2458 076f 00       		.string	""
 2459 0770 00       		.string	""
 2460 0771 00       		.string	""
 2461 0772 00       		.string	""
 2462 0773 00       		.string	""
 2463 0774 00       		.string	""
 2464 0775 E742425A 		.string	"\347BBZZZ$$$"
 2464      5A5A2424 
 2464      2400
 2465 077f 00       		.string	""
 2466 0780 00       		.string	""
 2467 0781 00       		.string	""
 2468 0782 00       		.string	""
 2469 0783 00       		.string	""
 2470 0784 00       		.string	""
 2471 0785 C6442828 		.string	"\306D((\020((D\306"
 2471      10282844 
 2471      C600
 2472 078f 00       		.string	""
 2473 0790 00       		.string	""
 2474 0791 00       		.string	""
 2475 0792 00       		.string	""
 2476 0793 00       		.string	""
GAS LISTING printk.s 			page 55


 2477 0794 00       		.string	""
 2478 0795 E7424224 		.ascii	"\347BB$$$\030\030\020\020`"
 2478      24241818 
 2478      101060
 2479 07a0 00       		.string	""
 2480 07a1 00       		.string	""
 2481 07a2 00       		.string	""
 2482 07a3 00       		.string	""
 2483 07a4 00       		.string	""
 2484 07a5 FE828408 		.string	"\376\202\204\b\020 B\202\376"
 2484      10204282 
 2484      FE00
 2485 07af 00       		.string	""
 2486 07b0 00       		.string	""
 2487 07b1 06081010 		.string	"\006\b\020\020\020\020`\020\020\020\020\b\006"
 2487      10106010 
 2487      10101008 
 2487      0600
 2488 07bf 00       		.string	""
 2489 07c0 10101010 		.ascii	"\020\020\020\020\020\020\020\020\020\020\020\020\020\020\020"
 2489      10101010 
 2489      10101010 
 2489      101010
 2490 07cf 10       		.ascii	"\020"
 2491 07d0 00       		.string	""
 2492 07d1 60100808 		.string	"`\020\b\b\b\b\006\b\b\b\b\020`"
 2492      08080608 
 2492      08080810 
 2492      6000
 2493 07df 00       		.string	""
 2494 07e0 00       		.string	""
 2495 07e1 728C00   		.string	"r\214"
 2496 07e4 00       		.string	""
 2497 07e5 00       		.string	""
 2498 07e6 00       		.string	""
 2499 07e7 00       		.string	""
 2500 07e8 00       		.string	""
 2501 07e9 00       		.string	""
 2502 07ea 00       		.string	""
 2503 07eb 00       		.string	""
 2504 07ec 00       		.string	""
 2505 07ed 00       		.string	""
 2506 07ee 00       		.string	""
 2507 07ef 00       		.string	""
 2508 07f0 00       		.string	""
 2509 07f1 00       		.string	""
 2510 07f2 00       		.string	""
 2511 07f3 00       		.string	""
 2512 07f4 00       		.string	""
 2513 07f5 00       		.string	""
 2514 07f6 00       		.string	""
 2515 07f7 00       		.string	""
 2516 07f8 00       		.string	""
 2517 07f9 00       		.string	""
 2518 07fa 00       		.string	""
 2519 07fb 00       		.string	""
 2520 07fc 00       		.string	""
GAS LISTING printk.s 			page 56


 2521 07fd 00       		.string	""
 2522 07fe 00       		.string	""
 2523 07ff 00       		.string	""
 2524 0800 00       		.string	""
 2525 0801 00       		.string	""
 2526 0802 00       		.string	""
 2527 0803 00       		.string	""
 2528 0804 00       		.string	""
 2529 0805 00       		.string	""
 2530 0806 00       		.string	""
 2531 0807 00       		.string	""
 2532 0808 00       		.string	""
 2533 0809 00       		.string	""
 2534 080a 00       		.string	""
 2535 080b 00       		.string	""
 2536 080c 00       		.string	""
 2537 080d 00       		.string	""
 2538 080e 00       		.string	""
 2539 080f 00       		.string	""
 2540 0810 00       		.string	""
 2541 0811 00       		.string	""
 2542 0812 00       		.string	""
 2543 0813 00       		.string	""
 2544 0814 00       		.string	""
 2545 0815 00       		.string	""
 2546 0816 00       		.string	""
 2547 0817 00       		.string	""
 2548 0818 00       		.string	""
 2549 0819 00       		.string	""
 2550 081a 00       		.string	""
 2551 081b 00       		.string	""
 2552 081c 00       		.string	""
 2553 081d 00       		.string	""
 2554 081e 00       		.string	""
 2555 081f 00       		.string	""
 2556 0820 00       		.string	""
 2557 0821 00       		.string	""
 2558 0822 00       		.string	""
 2559 0823 00       		.string	""
 2560 0824 00       		.string	""
 2561 0825 00       		.string	""
 2562 0826 00       		.string	""
 2563 0827 00       		.string	""
 2564 0828 00       		.string	""
 2565 0829 00       		.string	""
 2566 082a 00       		.string	""
 2567 082b 00       		.string	""
 2568 082c 00       		.string	""
 2569 082d 00       		.string	""
 2570 082e 00       		.string	""
 2571 082f 00       		.string	""
 2572 0830 00       		.string	""
 2573 0831 00       		.string	""
 2574 0832 00       		.string	""
 2575 0833 00       		.string	""
 2576 0834 00       		.string	""
 2577 0835 00       		.string	""
GAS LISTING printk.s 			page 57


 2578 0836 00       		.string	""
 2579 0837 00       		.string	""
 2580 0838 00       		.string	""
 2581 0839 00       		.string	""
 2582 083a 00       		.string	""
 2583 083b 00       		.string	""
 2584 083c 00       		.string	""
 2585 083d 00       		.string	""
 2586 083e 00       		.string	""
 2587 083f 00       		.string	""
 2588 0840 00       		.string	""
 2589 0841 00       		.string	""
 2590 0842 00       		.string	""
 2591 0843 00       		.string	""
 2592 0844 00       		.string	""
 2593 0845 00       		.string	""
 2594 0846 00       		.string	""
 2595 0847 00       		.string	""
 2596 0848 00       		.string	""
 2597 0849 00       		.string	""
 2598 084a 00       		.string	""
 2599 084b 00       		.string	""
 2600 084c 00       		.string	""
 2601 084d 00       		.string	""
 2602 084e 00       		.string	""
 2603 084f 00       		.string	""
 2604 0850 00       		.string	""
 2605 0851 00       		.string	""
 2606 0852 00       		.string	""
 2607 0853 00       		.string	""
 2608 0854 00       		.string	""
 2609 0855 00       		.string	""
 2610 0856 00       		.string	""
 2611 0857 00       		.string	""
 2612 0858 00       		.string	""
 2613 0859 00       		.string	""
 2614 085a 00       		.string	""
 2615 085b 00       		.string	""
 2616 085c 00       		.string	""
 2617 085d 00       		.string	""
 2618 085e 00       		.string	""
 2619 085f 00       		.string	""
 2620 0860 00       		.string	""
 2621 0861 00       		.string	""
 2622 0862 00       		.string	""
 2623 0863 00       		.string	""
 2624 0864 00       		.string	""
 2625 0865 00       		.string	""
 2626 0866 00       		.string	""
 2627 0867 00       		.string	""
 2628 0868 00       		.string	""
 2629 0869 00       		.string	""
 2630 086a 00       		.string	""
 2631 086b 00       		.string	""
 2632 086c 00       		.string	""
 2633 086d 00       		.string	""
 2634 086e 00       		.string	""
GAS LISTING printk.s 			page 58


 2635 086f 00       		.string	""
 2636 0870 00       		.string	""
 2637 0871 00       		.string	""
 2638 0872 00       		.string	""
 2639 0873 00       		.string	""
 2640 0874 00       		.string	""
 2641 0875 00       		.string	""
 2642 0876 00       		.string	""
 2643 0877 00       		.string	""
 2644 0878 00       		.string	""
 2645 0879 00       		.string	""
 2646 087a 00       		.string	""
 2647 087b 00       		.string	""
 2648 087c 00       		.string	""
 2649 087d 00       		.string	""
 2650 087e 00       		.string	""
 2651 087f 00       		.string	""
 2652 0880 00       		.string	""
 2653 0881 00       		.string	""
 2654 0882 00       		.string	""
 2655 0883 00       		.string	""
 2656 0884 00       		.string	""
 2657 0885 00       		.string	""
 2658 0886 00       		.string	""
 2659 0887 00       		.string	""
 2660 0888 00       		.string	""
 2661 0889 00       		.string	""
 2662 088a 00       		.string	""
 2663 088b 00       		.string	""
 2664 088c 00       		.string	""
 2665 088d 00       		.string	""
 2666 088e 00       		.string	""
 2667 088f 00       		.string	""
 2668 0890 00       		.string	""
 2669 0891 00       		.string	""
 2670 0892 00       		.string	""
 2671 0893 00       		.string	""
 2672 0894 00       		.string	""
 2673 0895 00       		.string	""
 2674 0896 00       		.string	""
 2675 0897 00       		.string	""
 2676 0898 00       		.string	""
 2677 0899 00       		.string	""
 2678 089a 00       		.string	""
 2679 089b 00       		.string	""
 2680 089c 00       		.string	""
 2681 089d 00       		.string	""
 2682 089e 00       		.string	""
 2683 089f 00       		.string	""
 2684 08a0 00       		.string	""
 2685 08a1 00       		.string	""
 2686 08a2 00       		.string	""
 2687 08a3 00       		.string	""
 2688 08a4 00       		.string	""
 2689 08a5 00       		.string	""
 2690 08a6 00       		.string	""
 2691 08a7 00       		.string	""
GAS LISTING printk.s 			page 59


 2692 08a8 00       		.string	""
 2693 08a9 00       		.string	""
 2694 08aa 00       		.string	""
 2695 08ab 00       		.string	""
 2696 08ac 00       		.string	""
 2697 08ad 00       		.string	""
 2698 08ae 00       		.string	""
 2699 08af 00       		.string	""
 2700 08b0 00       		.string	""
 2701 08b1 00       		.string	""
 2702 08b2 00       		.string	""
 2703 08b3 00       		.string	""
 2704 08b4 00       		.string	""
 2705 08b5 00       		.string	""
 2706 08b6 00       		.string	""
 2707 08b7 00       		.string	""
 2708 08b8 00       		.string	""
 2709 08b9 00       		.string	""
 2710 08ba 00       		.string	""
 2711 08bb 00       		.string	""
 2712 08bc 00       		.string	""
 2713 08bd 00       		.string	""
 2714 08be 00       		.string	""
 2715 08bf 00       		.string	""
 2716 08c0 00       		.string	""
 2717 08c1 00       		.string	""
 2718 08c2 00       		.string	""
 2719 08c3 00       		.string	""
 2720 08c4 00       		.string	""
 2721 08c5 00       		.string	""
 2722 08c6 00       		.string	""
 2723 08c7 00       		.string	""
 2724 08c8 00       		.string	""
 2725 08c9 00       		.string	""
 2726 08ca 00       		.string	""
 2727 08cb 00       		.string	""
 2728 08cc 00       		.string	""
 2729 08cd 00       		.string	""
 2730 08ce 00       		.string	""
 2731 08cf 00       		.string	""
 2732 08d0 00       		.string	""
 2733 08d1 00       		.string	""
 2734 08d2 00       		.string	""
 2735 08d3 00       		.string	""
 2736 08d4 00       		.string	""
 2737 08d5 00       		.string	""
 2738 08d6 00       		.string	""
 2739 08d7 00       		.string	""
 2740 08d8 00       		.string	""
 2741 08d9 00       		.string	""
 2742 08da 00       		.string	""
 2743 08db 00       		.string	""
 2744 08dc 00       		.string	""
 2745 08dd 00       		.string	""
 2746 08de 00       		.string	""
 2747 08df 00       		.string	""
 2748 08e0 00       		.string	""
GAS LISTING printk.s 			page 60


 2749 08e1 00       		.string	""
 2750 08e2 00       		.string	""
 2751 08e3 00       		.string	""
 2752 08e4 00       		.string	""
 2753 08e5 00       		.string	""
 2754 08e6 00       		.string	""
 2755 08e7 00       		.string	""
 2756 08e8 00       		.string	""
 2757 08e9 00       		.string	""
 2758 08ea 00       		.string	""
 2759 08eb 00       		.string	""
 2760 08ec 00       		.string	""
 2761 08ed 00       		.string	""
 2762 08ee 00       		.string	""
 2763 08ef 00       		.string	""
 2764 08f0 00       		.string	""
 2765 08f1 00       		.string	""
 2766 08f2 00       		.string	""
 2767 08f3 00       		.string	""
 2768 08f4 00       		.string	""
 2769 08f5 00       		.string	""
 2770 08f6 00       		.string	""
 2771 08f7 00       		.string	""
 2772 08f8 00       		.string	""
 2773 08f9 00       		.string	""
 2774 08fa 00       		.string	""
 2775 08fb 00       		.string	""
 2776 08fc 00       		.string	""
 2777 08fd 00       		.string	""
 2778 08fe 00       		.string	""
 2779 08ff 00       		.string	""
 2780 0900 00       		.string	""
 2781 0901 00       		.string	""
 2782 0902 00       		.string	""
 2783 0903 00       		.string	""
 2784 0904 00       		.string	""
 2785 0905 00       		.string	""
 2786 0906 00       		.string	""
 2787 0907 00       		.string	""
 2788 0908 00       		.string	""
 2789 0909 00       		.string	""
 2790 090a 00       		.string	""
 2791 090b 00       		.string	""
 2792 090c 00       		.string	""
 2793 090d 00       		.string	""
 2794 090e 00       		.string	""
 2795 090f 00       		.string	""
 2796 0910 00       		.string	""
 2797 0911 00       		.string	""
 2798 0912 00       		.string	""
 2799 0913 00       		.string	""
 2800 0914 00       		.string	""
 2801 0915 00       		.string	""
 2802 0916 00       		.string	""
 2803 0917 00       		.string	""
 2804 0918 00       		.string	""
 2805 0919 00       		.string	""
GAS LISTING printk.s 			page 61


 2806 091a 00       		.string	""
 2807 091b 00       		.string	""
 2808 091c 00       		.string	""
 2809 091d 00       		.string	""
 2810 091e 00       		.string	""
 2811 091f 00       		.string	""
 2812 0920 00       		.string	""
 2813 0921 00       		.string	""
 2814 0922 00       		.string	""
 2815 0923 00       		.string	""
 2816 0924 00       		.string	""
 2817 0925 00       		.string	""
 2818 0926 00       		.string	""
 2819 0927 00       		.string	""
 2820 0928 00       		.string	""
 2821 0929 00       		.string	""
 2822 092a 00       		.string	""
 2823 092b 00       		.string	""
 2824 092c 00       		.string	""
 2825 092d 00       		.string	""
 2826 092e 00       		.string	""
 2827 092f 00       		.string	""
 2828 0930 00       		.string	""
 2829 0931 00       		.string	""
 2830 0932 00       		.string	""
 2831 0933 00       		.string	""
 2832 0934 00       		.string	""
 2833 0935 00       		.string	""
 2834 0936 00       		.string	""
 2835 0937 00       		.string	""
 2836 0938 00       		.string	""
 2837 0939 00       		.string	""
 2838 093a 00       		.string	""
 2839 093b 00       		.string	""
 2840 093c 00       		.string	""
 2841 093d 00       		.string	""
 2842 093e 00       		.string	""
 2843 093f 00       		.string	""
 2844 0940 00       		.string	""
 2845 0941 00       		.string	""
 2846 0942 00       		.string	""
 2847 0943 00       		.string	""
 2848 0944 00       		.string	""
 2849 0945 00       		.string	""
 2850 0946 00       		.string	""
 2851 0947 00       		.string	""
 2852 0948 00       		.string	""
 2853 0949 00       		.string	""
 2854 094a 00       		.string	""
 2855 094b 00       		.string	""
 2856 094c 00       		.string	""
 2857 094d 00       		.string	""
 2858 094e 00       		.string	""
 2859 094f 00       		.string	""
 2860 0950 00       		.string	""
 2861 0951 00       		.string	""
 2862 0952 00       		.string	""
GAS LISTING printk.s 			page 62


 2863 0953 00       		.string	""
 2864 0954 00       		.string	""
 2865 0955 00       		.string	""
 2866 0956 00       		.string	""
 2867 0957 00       		.string	""
 2868 0958 00       		.string	""
 2869 0959 00       		.string	""
 2870 095a 00       		.string	""
 2871 095b 00       		.string	""
 2872 095c 00       		.string	""
 2873 095d 00       		.string	""
 2874 095e 00       		.string	""
 2875 095f 00       		.string	""
 2876 0960 00       		.string	""
 2877 0961 00       		.string	""
 2878 0962 00       		.string	""
 2879 0963 00       		.string	""
 2880 0964 00       		.string	""
 2881 0965 00       		.string	""
 2882 0966 00       		.string	""
 2883 0967 00       		.string	""
 2884 0968 00       		.string	""
 2885 0969 00       		.string	""
 2886 096a 00       		.string	""
 2887 096b 00       		.string	""
 2888 096c 00       		.string	""
 2889 096d 00       		.string	""
 2890 096e 00       		.string	""
 2891 096f 00       		.string	""
 2892 0970 00       		.string	""
 2893 0971 00       		.string	""
 2894 0972 00       		.string	""
 2895 0973 00       		.string	""
 2896 0974 00       		.string	""
 2897 0975 00       		.string	""
 2898 0976 00       		.string	""
 2899 0977 00       		.string	""
 2900 0978 00       		.string	""
 2901 0979 00       		.string	""
 2902 097a 00       		.string	""
 2903 097b 00       		.string	""
 2904 097c 00       		.string	""
 2905 097d 00       		.string	""
 2906 097e 00       		.string	""
 2907 097f 00       		.string	""
 2908 0980 00       		.string	""
 2909 0981 00       		.string	""
 2910 0982 00       		.string	""
 2911 0983 00       		.string	""
 2912 0984 00       		.string	""
 2913 0985 00       		.string	""
 2914 0986 00       		.string	""
 2915 0987 00       		.string	""
 2916 0988 00       		.string	""
 2917 0989 00       		.string	""
 2918 098a 00       		.string	""
 2919 098b 00       		.string	""
GAS LISTING printk.s 			page 63


 2920 098c 00       		.string	""
 2921 098d 00       		.string	""
 2922 098e 00       		.string	""
 2923 098f 00       		.string	""
 2924 0990 00       		.string	""
 2925 0991 00       		.string	""
 2926 0992 00       		.string	""
 2927 0993 00       		.string	""
 2928 0994 00       		.string	""
 2929 0995 00       		.string	""
 2930 0996 00       		.string	""
 2931 0997 00       		.string	""
 2932 0998 00       		.string	""
 2933 0999 00       		.string	""
 2934 099a 00       		.string	""
 2935 099b 00       		.string	""
 2936 099c 00       		.string	""
 2937 099d 00       		.string	""
 2938 099e 00       		.string	""
 2939 099f 00       		.string	""
 2940 09a0 00       		.string	""
 2941 09a1 00       		.string	""
 2942 09a2 00       		.string	""
 2943 09a3 00       		.string	""
 2944 09a4 00       		.string	""
 2945 09a5 00       		.string	""
 2946 09a6 00       		.string	""
 2947 09a7 00       		.string	""
 2948 09a8 00       		.string	""
 2949 09a9 00       		.string	""
 2950 09aa 00       		.string	""
 2951 09ab 00       		.string	""
 2952 09ac 00       		.string	""
 2953 09ad 00       		.string	""
 2954 09ae 00       		.string	""
 2955 09af 00       		.string	""
 2956 09b0 00       		.string	""
 2957 09b1 00       		.string	""
 2958 09b2 00       		.string	""
 2959 09b3 00       		.string	""
 2960 09b4 00       		.string	""
 2961 09b5 00       		.string	""
 2962 09b6 00       		.string	""
 2963 09b7 00       		.string	""
 2964 09b8 00       		.string	""
 2965 09b9 00       		.string	""
 2966 09ba 00       		.string	""
 2967 09bb 00       		.string	""
 2968 09bc 00       		.string	""
 2969 09bd 00       		.string	""
 2970 09be 00       		.string	""
 2971 09bf 00       		.string	""
 2972 09c0 00       		.string	""
 2973 09c1 00       		.string	""
 2974 09c2 00       		.string	""
 2975 09c3 00       		.string	""
 2976 09c4 00       		.string	""
GAS LISTING printk.s 			page 64


 2977 09c5 00       		.string	""
 2978 09c6 00       		.string	""
 2979 09c7 00       		.string	""
 2980 09c8 00       		.string	""
 2981 09c9 00       		.string	""
 2982 09ca 00       		.string	""
 2983 09cb 00       		.string	""
 2984 09cc 00       		.string	""
 2985 09cd 00       		.string	""
 2986 09ce 00       		.string	""
 2987 09cf 00       		.string	""
 2988 09d0 00       		.string	""
 2989 09d1 00       		.string	""
 2990 09d2 00       		.string	""
 2991 09d3 00       		.string	""
 2992 09d4 00       		.string	""
 2993 09d5 00       		.string	""
 2994 09d6 00       		.string	""
 2995 09d7 00       		.string	""
 2996 09d8 00       		.string	""
 2997 09d9 00       		.string	""
 2998 09da 00       		.string	""
 2999 09db 00       		.string	""
 3000 09dc 00       		.string	""
 3001 09dd 00       		.string	""
 3002 09de 00       		.string	""
 3003 09df 00       		.string	""
 3004 09e0 00       		.string	""
 3005 09e1 00       		.string	""
 3006 09e2 00       		.string	""
 3007 09e3 00       		.string	""
 3008 09e4 00       		.string	""
 3009 09e5 00       		.string	""
 3010 09e6 00       		.string	""
 3011 09e7 00       		.string	""
 3012 09e8 00       		.string	""
 3013 09e9 00       		.string	""
 3014 09ea 00       		.string	""
 3015 09eb 00       		.string	""
 3016 09ec 00       		.string	""
 3017 09ed 00       		.string	""
 3018 09ee 00       		.string	""
 3019 09ef 00       		.string	""
 3020 09f0 00       		.string	""
 3021 09f1 00       		.string	""
 3022 09f2 00       		.string	""
 3023 09f3 00       		.string	""
 3024 09f4 00       		.string	""
 3025 09f5 00       		.string	""
 3026 09f6 00       		.string	""
 3027 09f7 00       		.string	""
 3028 09f8 00       		.string	""
 3029 09f9 00       		.string	""
 3030 09fa 00       		.string	""
 3031 09fb 00       		.string	""
 3032 09fc 00       		.string	""
 3033 09fd 00       		.string	""
GAS LISTING printk.s 			page 65


 3034 09fe 00       		.string	""
 3035 09ff 00       		.string	""
 3036 0a00 00       		.string	""
 3037 0a01 00       		.string	""
 3038 0a02 00       		.string	""
 3039 0a03 00       		.string	""
 3040 0a04 00       		.string	""
 3041 0a05 00       		.string	""
 3042 0a06 00       		.string	""
 3043 0a07 00       		.string	""
 3044 0a08 00       		.string	""
 3045 0a09 00       		.string	""
 3046 0a0a 00       		.string	""
 3047 0a0b 00       		.string	""
 3048 0a0c 00       		.string	""
 3049 0a0d 00       		.string	""
 3050 0a0e 00       		.string	""
 3051 0a0f 00       		.string	""
 3052 0a10 00       		.string	""
 3053 0a11 00       		.string	""
 3054 0a12 00       		.string	""
 3055 0a13 00       		.string	""
 3056 0a14 00       		.string	""
 3057 0a15 00       		.string	""
 3058 0a16 00       		.string	""
 3059 0a17 00       		.string	""
 3060 0a18 00       		.string	""
 3061 0a19 00       		.string	""
 3062 0a1a 00       		.string	""
 3063 0a1b 00       		.string	""
 3064 0a1c 00       		.string	""
 3065 0a1d 00       		.string	""
 3066 0a1e 00       		.string	""
 3067 0a1f 00       		.string	""
 3068 0a20 00       		.string	""
 3069 0a21 00       		.string	""
 3070 0a22 00       		.string	""
 3071 0a23 00       		.string	""
 3072 0a24 00       		.string	""
 3073 0a25 00       		.string	""
 3074 0a26 00       		.string	""
 3075 0a27 00       		.string	""
 3076 0a28 00       		.string	""
 3077 0a29 00       		.string	""
 3078 0a2a 00       		.string	""
 3079 0a2b 00       		.string	""
 3080 0a2c 00       		.string	""
 3081 0a2d 00       		.string	""
 3082 0a2e 00       		.string	""
 3083 0a2f 00       		.string	""
 3084 0a30 00       		.string	""
 3085 0a31 00       		.string	""
 3086 0a32 00       		.string	""
 3087 0a33 00       		.string	""
 3088 0a34 00       		.string	""
 3089 0a35 00       		.string	""
 3090 0a36 00       		.string	""
GAS LISTING printk.s 			page 66


 3091 0a37 00       		.string	""
 3092 0a38 00       		.string	""
 3093 0a39 00       		.string	""
 3094 0a3a 00       		.string	""
 3095 0a3b 00       		.string	""
 3096 0a3c 00       		.string	""
 3097 0a3d 00       		.string	""
 3098 0a3e 00       		.string	""
 3099 0a3f 00       		.string	""
 3100 0a40 00       		.string	""
 3101 0a41 00       		.string	""
 3102 0a42 00       		.string	""
 3103 0a43 00       		.string	""
 3104 0a44 00       		.string	""
 3105 0a45 00       		.string	""
 3106 0a46 00       		.string	""
 3107 0a47 00       		.string	""
 3108 0a48 00       		.string	""
 3109 0a49 00       		.string	""
 3110 0a4a 00       		.string	""
 3111 0a4b 00       		.string	""
 3112 0a4c 00       		.string	""
 3113 0a4d 00       		.string	""
 3114 0a4e 00       		.string	""
 3115 0a4f 00       		.string	""
 3116 0a50 00       		.string	""
 3117 0a51 00       		.string	""
 3118 0a52 00       		.string	""
 3119 0a53 00       		.string	""
 3120 0a54 00       		.string	""
 3121 0a55 00       		.string	""
 3122 0a56 00       		.string	""
 3123 0a57 00       		.string	""
 3124 0a58 00       		.string	""
 3125 0a59 00       		.string	""
 3126 0a5a 00       		.string	""
 3127 0a5b 00       		.string	""
 3128 0a5c 00       		.string	""
 3129 0a5d 00       		.string	""
 3130 0a5e 00       		.string	""
 3131 0a5f 00       		.string	""
 3132 0a60 00       		.string	""
 3133 0a61 00       		.string	""
 3134 0a62 00       		.string	""
 3135 0a63 00       		.string	""
 3136 0a64 00       		.string	""
 3137 0a65 00       		.string	""
 3138 0a66 00       		.string	""
 3139 0a67 00       		.string	""
 3140 0a68 00       		.string	""
 3141 0a69 00       		.string	""
 3142 0a6a 00       		.string	""
 3143 0a6b 00       		.string	""
 3144 0a6c 00       		.string	""
 3145 0a6d 00       		.string	""
 3146 0a6e 00       		.string	""
 3147 0a6f 00       		.string	""
GAS LISTING printk.s 			page 67


 3148 0a70 00       		.string	""
 3149 0a71 00       		.string	""
 3150 0a72 00       		.string	""
 3151 0a73 00       		.string	""
 3152 0a74 00       		.string	""
 3153 0a75 00       		.string	""
 3154 0a76 00       		.string	""
 3155 0a77 00       		.string	""
 3156 0a78 00       		.string	""
 3157 0a79 00       		.string	""
 3158 0a7a 00       		.string	""
 3159 0a7b 00       		.string	""
 3160 0a7c 00       		.string	""
 3161 0a7d 00       		.string	""
 3162 0a7e 00       		.string	""
 3163 0a7f 00       		.string	""
 3164 0a80 00       		.string	""
 3165 0a81 00       		.string	""
 3166 0a82 00       		.string	""
 3167 0a83 00       		.string	""
 3168 0a84 00       		.string	""
 3169 0a85 00       		.string	""
 3170 0a86 00       		.string	""
 3171 0a87 00       		.string	""
 3172 0a88 00       		.string	""
 3173 0a89 00       		.string	""
 3174 0a8a 00       		.string	""
 3175 0a8b 00       		.string	""
 3176 0a8c 00       		.string	""
 3177 0a8d 00       		.string	""
 3178 0a8e 00       		.string	""
 3179 0a8f 00       		.string	""
 3180 0a90 00       		.string	""
 3181 0a91 00       		.string	""
 3182 0a92 00       		.string	""
 3183 0a93 00       		.string	""
 3184 0a94 00       		.string	""
 3185 0a95 00       		.string	""
 3186 0a96 00       		.string	""
 3187 0a97 00       		.string	""
 3188 0a98 00       		.string	""
 3189 0a99 00       		.string	""
 3190 0a9a 00       		.string	""
 3191 0a9b 00       		.string	""
 3192 0a9c 00       		.string	""
 3193 0a9d 00       		.string	""
 3194 0a9e 00       		.string	""
 3195 0a9f 00       		.string	""
 3196 0aa0 00       		.string	""
 3197 0aa1 00       		.string	""
 3198 0aa2 00       		.string	""
 3199 0aa3 00       		.string	""
 3200 0aa4 00       		.string	""
 3201 0aa5 00       		.string	""
 3202 0aa6 00       		.string	""
 3203 0aa7 00       		.string	""
 3204 0aa8 00       		.string	""
GAS LISTING printk.s 			page 68


 3205 0aa9 00       		.string	""
 3206 0aaa 00       		.string	""
 3207 0aab 00       		.string	""
 3208 0aac 00       		.string	""
 3209 0aad 00       		.string	""
 3210 0aae 00       		.string	""
 3211 0aaf 00       		.string	""
 3212 0ab0 00       		.string	""
 3213 0ab1 00       		.string	""
 3214 0ab2 00       		.string	""
 3215 0ab3 00       		.string	""
 3216 0ab4 00       		.string	""
 3217 0ab5 00       		.string	""
 3218 0ab6 00       		.string	""
 3219 0ab7 00       		.string	""
 3220 0ab8 00       		.string	""
 3221 0ab9 00       		.string	""
 3222 0aba 00       		.string	""
 3223 0abb 00       		.string	""
 3224 0abc 00       		.string	""
 3225 0abd 00       		.string	""
 3226 0abe 00       		.string	""
 3227 0abf 00       		.string	""
 3228 0ac0 00       		.string	""
 3229 0ac1 00       		.string	""
 3230 0ac2 00       		.string	""
 3231 0ac3 00       		.string	""
 3232 0ac4 00       		.string	""
 3233 0ac5 00       		.string	""
 3234 0ac6 00       		.string	""
 3235 0ac7 00       		.string	""
 3236 0ac8 00       		.string	""
 3237 0ac9 00       		.string	""
 3238 0aca 00       		.string	""
 3239 0acb 00       		.string	""
 3240 0acc 00       		.string	""
 3241 0acd 00       		.string	""
 3242 0ace 00       		.string	""
 3243 0acf 00       		.string	""
 3244 0ad0 00       		.string	""
 3245 0ad1 00       		.string	""
 3246 0ad2 00       		.string	""
 3247 0ad3 00       		.string	""
 3248 0ad4 00       		.string	""
 3249 0ad5 00       		.string	""
 3250 0ad6 00       		.string	""
 3251 0ad7 00       		.string	""
 3252 0ad8 00       		.string	""
 3253 0ad9 00       		.string	""
 3254 0ada 00       		.string	""
 3255 0adb 00       		.string	""
 3256 0adc 00       		.string	""
 3257 0add 00       		.string	""
 3258 0ade 00       		.string	""
 3259 0adf 00       		.string	""
 3260 0ae0 00       		.string	""
 3261 0ae1 00       		.string	""
GAS LISTING printk.s 			page 69


 3262 0ae2 00       		.string	""
 3263 0ae3 00       		.string	""
 3264 0ae4 00       		.string	""
 3265 0ae5 00       		.string	""
 3266 0ae6 00       		.string	""
 3267 0ae7 00       		.string	""
 3268 0ae8 00       		.string	""
 3269 0ae9 00       		.string	""
 3270 0aea 00       		.string	""
 3271 0aeb 00       		.string	""
 3272 0aec 00       		.string	""
 3273 0aed 00       		.string	""
 3274 0aee 00       		.string	""
 3275 0aef 00       		.string	""
 3276 0af0 00       		.string	""
 3277 0af1 00       		.string	""
 3278 0af2 00       		.string	""
 3279 0af3 00       		.string	""
 3280 0af4 00       		.string	""
 3281 0af5 00       		.string	""
 3282 0af6 00       		.string	""
 3283 0af7 00       		.string	""
 3284 0af8 00       		.string	""
 3285 0af9 00       		.string	""
 3286 0afa 00       		.string	""
 3287 0afb 00       		.string	""
 3288 0afc 00       		.string	""
 3289 0afd 00       		.string	""
 3290 0afe 00       		.string	""
 3291 0aff 00       		.string	""
 3292 0b00 00       		.string	""
 3293 0b01 00       		.string	""
 3294 0b02 00       		.string	""
 3295 0b03 00       		.string	""
 3296 0b04 00       		.string	""
 3297 0b05 00       		.string	""
 3298 0b06 00       		.string	""
 3299 0b07 00       		.string	""
 3300 0b08 00       		.string	""
 3301 0b09 00       		.string	""
 3302 0b0a 00       		.string	""
 3303 0b0b 00       		.string	""
 3304 0b0c 00       		.string	""
 3305 0b0d 00       		.string	""
 3306 0b0e 00       		.string	""
 3307 0b0f 00       		.string	""
 3308 0b10 00       		.string	""
 3309 0b11 00       		.string	""
 3310 0b12 00       		.string	""
 3311 0b13 00       		.string	""
 3312 0b14 00       		.string	""
 3313 0b15 00       		.string	""
 3314 0b16 00       		.string	""
 3315 0b17 00       		.string	""
 3316 0b18 00       		.string	""
 3317 0b19 00       		.string	""
 3318 0b1a 00       		.string	""
GAS LISTING printk.s 			page 70


 3319 0b1b 00       		.string	""
 3320 0b1c 00       		.string	""
 3321 0b1d 00       		.string	""
 3322 0b1e 00       		.string	""
 3323 0b1f 00       		.string	""
 3324 0b20 00       		.string	""
 3325 0b21 00       		.string	""
 3326 0b22 00       		.string	""
 3327 0b23 00       		.string	""
 3328 0b24 00       		.string	""
 3329 0b25 00       		.string	""
 3330 0b26 00       		.string	""
 3331 0b27 00       		.string	""
 3332 0b28 00       		.string	""
 3333 0b29 00       		.string	""
 3334 0b2a 00       		.string	""
 3335 0b2b 00       		.string	""
 3336 0b2c 00       		.string	""
 3337 0b2d 00       		.string	""
 3338 0b2e 00       		.string	""
 3339 0b2f 00       		.string	""
 3340 0b30 00       		.string	""
 3341 0b31 00       		.string	""
 3342 0b32 00       		.string	""
 3343 0b33 00       		.string	""
 3344 0b34 00       		.string	""
 3345 0b35 00       		.string	""
 3346 0b36 00       		.string	""
 3347 0b37 00       		.string	""
 3348 0b38 00       		.string	""
 3349 0b39 00       		.string	""
 3350 0b3a 00       		.string	""
 3351 0b3b 00       		.string	""
 3352 0b3c 00       		.string	""
 3353 0b3d 00       		.string	""
 3354 0b3e 00       		.string	""
 3355 0b3f 00       		.string	""
 3356 0b40 00       		.string	""
 3357 0b41 00       		.string	""
 3358 0b42 00       		.string	""
 3359 0b43 00       		.string	""
 3360 0b44 00       		.string	""
 3361 0b45 00       		.string	""
 3362 0b46 00       		.string	""
 3363 0b47 00       		.string	""
 3364 0b48 00       		.string	""
 3365 0b49 00       		.string	""
 3366 0b4a 00       		.string	""
 3367 0b4b 00       		.string	""
 3368 0b4c 00       		.string	""
 3369 0b4d 00       		.string	""
 3370 0b4e 00       		.string	""
 3371 0b4f 00       		.string	""
 3372 0b50 00       		.string	""
 3373 0b51 00       		.string	""
 3374 0b52 00       		.string	""
 3375 0b53 00       		.string	""
GAS LISTING printk.s 			page 71


 3376 0b54 00       		.string	""
 3377 0b55 00       		.string	""
 3378 0b56 00       		.string	""
 3379 0b57 00       		.string	""
 3380 0b58 00       		.string	""
 3381 0b59 00       		.string	""
 3382 0b5a 00       		.string	""
 3383 0b5b 00       		.string	""
 3384 0b5c 00       		.string	""
 3385 0b5d 00       		.string	""
 3386 0b5e 00       		.string	""
 3387 0b5f 00       		.string	""
 3388 0b60 00       		.string	""
 3389 0b61 00       		.string	""
 3390 0b62 00       		.string	""
 3391 0b63 00       		.string	""
 3392 0b64 00       		.string	""
 3393 0b65 00       		.string	""
 3394 0b66 00       		.string	""
 3395 0b67 00       		.string	""
 3396 0b68 00       		.string	""
 3397 0b69 00       		.string	""
 3398 0b6a 00       		.string	""
 3399 0b6b 00       		.string	""
 3400 0b6c 00       		.string	""
 3401 0b6d 00       		.string	""
 3402 0b6e 00       		.string	""
 3403 0b6f 00       		.string	""
 3404 0b70 00       		.string	""
 3405 0b71 00       		.string	""
 3406 0b72 00       		.string	""
 3407 0b73 00       		.string	""
 3408 0b74 00       		.string	""
 3409 0b75 00       		.string	""
 3410 0b76 00       		.string	""
 3411 0b77 00       		.string	""
 3412 0b78 00       		.string	""
 3413 0b79 00       		.string	""
 3414 0b7a 00       		.string	""
 3415 0b7b 00       		.string	""
 3416 0b7c 00       		.string	""
 3417 0b7d 00       		.string	""
 3418 0b7e 00       		.string	""
 3419 0b7f 00       		.string	""
 3420 0b80 00       		.string	""
 3421 0b81 00       		.string	""
 3422 0b82 00       		.string	""
 3423 0b83 00       		.string	""
 3424 0b84 00       		.string	""
 3425 0b85 00       		.string	""
 3426 0b86 00       		.string	""
 3427 0b87 00       		.string	""
 3428 0b88 00       		.string	""
 3429 0b89 00       		.string	""
 3430 0b8a 00       		.string	""
 3431 0b8b 00       		.string	""
 3432 0b8c 00       		.string	""
GAS LISTING printk.s 			page 72


 3433 0b8d 00       		.string	""
 3434 0b8e 00       		.string	""
 3435 0b8f 00       		.string	""
 3436 0b90 00       		.string	""
 3437 0b91 00       		.string	""
 3438 0b92 00       		.string	""
 3439 0b93 00       		.string	""
 3440 0b94 00       		.string	""
 3441 0b95 00       		.string	""
 3442 0b96 00       		.string	""
 3443 0b97 00       		.string	""
 3444 0b98 00       		.string	""
 3445 0b99 00       		.string	""
 3446 0b9a 00       		.string	""
 3447 0b9b 00       		.string	""
 3448 0b9c 00       		.string	""
 3449 0b9d 00       		.string	""
 3450 0b9e 00       		.string	""
 3451 0b9f 00       		.string	""
 3452 0ba0 00       		.string	""
 3453 0ba1 00       		.string	""
 3454 0ba2 00       		.string	""
 3455 0ba3 00       		.string	""
 3456 0ba4 00       		.string	""
 3457 0ba5 00       		.string	""
 3458 0ba6 00       		.string	""
 3459 0ba7 00       		.string	""
 3460 0ba8 00       		.string	""
 3461 0ba9 00       		.string	""
 3462 0baa 00       		.string	""
 3463 0bab 00       		.string	""
 3464 0bac 00       		.string	""
 3465 0bad 00       		.string	""
 3466 0bae 00       		.string	""
 3467 0baf 00       		.string	""
 3468 0bb0 00       		.string	""
 3469 0bb1 00       		.string	""
 3470 0bb2 00       		.string	""
 3471 0bb3 00       		.string	""
 3472 0bb4 00       		.string	""
 3473 0bb5 00       		.string	""
 3474 0bb6 00       		.string	""
 3475 0bb7 00       		.string	""
 3476 0bb8 00       		.string	""
 3477 0bb9 00       		.string	""
 3478 0bba 00       		.string	""
 3479 0bbb 00       		.string	""
 3480 0bbc 00       		.string	""
 3481 0bbd 00       		.string	""
 3482 0bbe 00       		.string	""
 3483 0bbf 00       		.string	""
 3484 0bc0 00       		.string	""
 3485 0bc1 00       		.string	""
 3486 0bc2 00       		.string	""
 3487 0bc3 00       		.string	""
 3488 0bc4 00       		.string	""
 3489 0bc5 00       		.string	""
GAS LISTING printk.s 			page 73


 3490 0bc6 00       		.string	""
 3491 0bc7 00       		.string	""
 3492 0bc8 00       		.string	""
 3493 0bc9 00       		.string	""
 3494 0bca 00       		.string	""
 3495 0bcb 00       		.string	""
 3496 0bcc 00       		.string	""
 3497 0bcd 00       		.string	""
 3498 0bce 00       		.string	""
 3499 0bcf 00       		.string	""
 3500 0bd0 00       		.string	""
 3501 0bd1 00       		.string	""
 3502 0bd2 00       		.string	""
 3503 0bd3 00       		.string	""
 3504 0bd4 00       		.string	""
 3505 0bd5 00       		.string	""
 3506 0bd6 00       		.string	""
 3507 0bd7 00       		.string	""
 3508 0bd8 00       		.string	""
 3509 0bd9 00       		.string	""
 3510 0bda 00       		.string	""
 3511 0bdb 00       		.string	""
 3512 0bdc 00       		.string	""
 3513 0bdd 00       		.string	""
 3514 0bde 00       		.string	""
 3515 0bdf 00       		.string	""
 3516 0be0 00       		.string	""
 3517 0be1 00       		.string	""
 3518 0be2 00       		.string	""
 3519 0be3 00       		.string	""
 3520 0be4 00       		.string	""
 3521 0be5 00       		.string	""
 3522 0be6 00       		.string	""
 3523 0be7 00       		.string	""
 3524 0be8 00       		.string	""
 3525 0be9 00       		.string	""
 3526 0bea 00       		.string	""
 3527 0beb 00       		.string	""
 3528 0bec 00       		.string	""
 3529 0bed 00       		.string	""
 3530 0bee 00       		.string	""
 3531 0bef 00       		.string	""
 3532 0bf0 00       		.string	""
 3533 0bf1 00       		.string	""
 3534 0bf2 00       		.string	""
 3535 0bf3 00       		.string	""
 3536 0bf4 00       		.string	""
 3537 0bf5 00       		.string	""
 3538 0bf6 00       		.string	""
 3539 0bf7 00       		.string	""
 3540 0bf8 00       		.string	""
 3541 0bf9 00       		.string	""
 3542 0bfa 00       		.string	""
 3543 0bfb 00       		.string	""
 3544 0bfc 00       		.string	""
 3545 0bfd 00       		.string	""
 3546 0bfe 00       		.string	""
GAS LISTING printk.s 			page 74


 3547 0bff 00       		.string	""
 3548 0c00 00       		.string	""
 3549 0c01 00       		.string	""
 3550 0c02 00       		.string	""
 3551 0c03 00       		.string	""
 3552 0c04 00       		.string	""
 3553 0c05 00       		.string	""
 3554 0c06 00       		.string	""
 3555 0c07 00       		.string	""
 3556 0c08 00       		.string	""
 3557 0c09 00       		.string	""
 3558 0c0a 00       		.string	""
 3559 0c0b 00       		.string	""
 3560 0c0c 00       		.string	""
 3561 0c0d 00       		.string	""
 3562 0c0e 00       		.string	""
 3563 0c0f 00       		.string	""
 3564 0c10 00       		.string	""
 3565 0c11 00       		.string	""
 3566 0c12 00       		.string	""
 3567 0c13 00       		.string	""
 3568 0c14 00       		.string	""
 3569 0c15 00       		.string	""
 3570 0c16 00       		.string	""
 3571 0c17 00       		.string	""
 3572 0c18 00       		.string	""
 3573 0c19 00       		.string	""
 3574 0c1a 00       		.string	""
 3575 0c1b 00       		.string	""
 3576 0c1c 00       		.string	""
 3577 0c1d 00       		.string	""
 3578 0c1e 00       		.string	""
 3579 0c1f 00       		.string	""
 3580 0c20 00       		.string	""
 3581 0c21 00       		.string	""
 3582 0c22 00       		.string	""
 3583 0c23 00       		.string	""
 3584 0c24 00       		.string	""
 3585 0c25 00       		.string	""
 3586 0c26 00       		.string	""
 3587 0c27 00       		.string	""
 3588 0c28 00       		.string	""
 3589 0c29 00       		.string	""
 3590 0c2a 00       		.string	""
 3591 0c2b 00       		.string	""
 3592 0c2c 00       		.string	""
 3593 0c2d 00       		.string	""
 3594 0c2e 00       		.string	""
 3595 0c2f 00       		.string	""
 3596 0c30 00       		.string	""
 3597 0c31 00       		.string	""
 3598 0c32 00       		.string	""
 3599 0c33 00       		.string	""
 3600 0c34 00       		.string	""
 3601 0c35 00       		.string	""
 3602 0c36 00       		.string	""
 3603 0c37 00       		.string	""
GAS LISTING printk.s 			page 75


 3604 0c38 00       		.string	""
 3605 0c39 00       		.string	""
 3606 0c3a 00       		.string	""
 3607 0c3b 00       		.string	""
 3608 0c3c 00       		.string	""
 3609 0c3d 00       		.string	""
 3610 0c3e 00       		.string	""
 3611 0c3f 00       		.string	""
 3612 0c40 00       		.string	""
 3613 0c41 00       		.string	""
 3614 0c42 00       		.string	""
 3615 0c43 00       		.string	""
 3616 0c44 00       		.string	""
 3617 0c45 00       		.string	""
 3618 0c46 00       		.string	""
 3619 0c47 00       		.string	""
 3620 0c48 00       		.string	""
 3621 0c49 00       		.string	""
 3622 0c4a 00       		.string	""
 3623 0c4b 00       		.string	""
 3624 0c4c 00       		.string	""
 3625 0c4d 00       		.string	""
 3626 0c4e 00       		.string	""
 3627 0c4f 00       		.string	""
 3628 0c50 00       		.string	""
 3629 0c51 00       		.string	""
 3630 0c52 00       		.string	""
 3631 0c53 00       		.string	""
 3632 0c54 00       		.string	""
 3633 0c55 00       		.string	""
 3634 0c56 00       		.string	""
 3635 0c57 00       		.string	""
 3636 0c58 00       		.string	""
 3637 0c59 00       		.string	""
 3638 0c5a 00       		.string	""
 3639 0c5b 00       		.string	""
 3640 0c5c 00       		.string	""
 3641 0c5d 00       		.string	""
 3642 0c5e 00       		.string	""
 3643 0c5f 00       		.string	""
 3644 0c60 00       		.string	""
 3645 0c61 00       		.string	""
 3646 0c62 00       		.string	""
 3647 0c63 00       		.string	""
 3648 0c64 00       		.string	""
 3649 0c65 00       		.string	""
 3650 0c66 00       		.string	""
 3651 0c67 00       		.string	""
 3652 0c68 00       		.string	""
 3653 0c69 00       		.string	""
 3654 0c6a 00       		.string	""
 3655 0c6b 00       		.string	""
 3656 0c6c 00       		.string	""
 3657 0c6d 00       		.string	""
 3658 0c6e 00       		.string	""
 3659 0c6f 00       		.string	""
 3660 0c70 00       		.string	""
GAS LISTING printk.s 			page 76


 3661 0c71 00       		.string	""
 3662 0c72 00       		.string	""
 3663 0c73 00       		.string	""
 3664 0c74 00       		.string	""
 3665 0c75 00       		.string	""
 3666 0c76 00       		.string	""
 3667 0c77 00       		.string	""
 3668 0c78 00       		.string	""
 3669 0c79 00       		.string	""
 3670 0c7a 00       		.string	""
 3671 0c7b 00       		.string	""
 3672 0c7c 00       		.string	""
 3673 0c7d 00       		.string	""
 3674 0c7e 00       		.string	""
 3675 0c7f 00       		.string	""
 3676 0c80 00       		.string	""
 3677 0c81 00       		.string	""
 3678 0c82 00       		.string	""
 3679 0c83 00       		.string	""
 3680 0c84 00       		.string	""
 3681 0c85 00       		.string	""
 3682 0c86 00       		.string	""
 3683 0c87 00       		.string	""
 3684 0c88 00       		.string	""
 3685 0c89 00       		.string	""
 3686 0c8a 00       		.string	""
 3687 0c8b 00       		.string	""
 3688 0c8c 00       		.string	""
 3689 0c8d 00       		.string	""
 3690 0c8e 00       		.string	""
 3691 0c8f 00       		.string	""
 3692 0c90 00       		.string	""
 3693 0c91 00       		.string	""
 3694 0c92 00       		.string	""
 3695 0c93 00       		.string	""
 3696 0c94 00       		.string	""
 3697 0c95 00       		.string	""
 3698 0c96 00       		.string	""
 3699 0c97 00       		.string	""
 3700 0c98 00       		.string	""
 3701 0c99 00       		.string	""
 3702 0c9a 00       		.string	""
 3703 0c9b 00       		.string	""
 3704 0c9c 00       		.string	""
 3705 0c9d 00       		.string	""
 3706 0c9e 00       		.string	""
 3707 0c9f 00       		.string	""
 3708 0ca0 00       		.string	""
 3709 0ca1 00       		.string	""
 3710 0ca2 00       		.string	""
 3711 0ca3 00       		.string	""
 3712 0ca4 00       		.string	""
 3713 0ca5 00       		.string	""
 3714 0ca6 00       		.string	""
 3715 0ca7 00       		.string	""
 3716 0ca8 00       		.string	""
 3717 0ca9 00       		.string	""
GAS LISTING printk.s 			page 77


 3718 0caa 00       		.string	""
 3719 0cab 00       		.string	""
 3720 0cac 00       		.string	""
 3721 0cad 00       		.string	""
 3722 0cae 00       		.string	""
 3723 0caf 00       		.string	""
 3724 0cb0 00       		.string	""
 3725 0cb1 00       		.string	""
 3726 0cb2 00       		.string	""
 3727 0cb3 00       		.string	""
 3728 0cb4 00       		.string	""
 3729 0cb5 00       		.string	""
 3730 0cb6 00       		.string	""
 3731 0cb7 00       		.string	""
 3732 0cb8 00       		.string	""
 3733 0cb9 00       		.string	""
 3734 0cba 00       		.string	""
 3735 0cbb 00       		.string	""
 3736 0cbc 00       		.string	""
 3737 0cbd 00       		.string	""
 3738 0cbe 00       		.string	""
 3739 0cbf 00       		.string	""
 3740 0cc0 00       		.string	""
 3741 0cc1 00       		.string	""
 3742 0cc2 00       		.string	""
 3743 0cc3 00       		.string	""
 3744 0cc4 00       		.string	""
 3745 0cc5 00       		.string	""
 3746 0cc6 00       		.string	""
 3747 0cc7 00       		.string	""
 3748 0cc8 00       		.string	""
 3749 0cc9 00       		.string	""
 3750 0cca 00       		.string	""
 3751 0ccb 00       		.string	""
 3752 0ccc 00       		.string	""
 3753 0ccd 00       		.string	""
 3754 0cce 00       		.string	""
 3755 0ccf 00       		.string	""
 3756 0cd0 00       		.string	""
 3757 0cd1 00       		.string	""
 3758 0cd2 00       		.string	""
 3759 0cd3 00       		.string	""
 3760 0cd4 00       		.string	""
 3761 0cd5 00       		.string	""
 3762 0cd6 00       		.string	""
 3763 0cd7 00       		.string	""
 3764 0cd8 00       		.string	""
 3765 0cd9 00       		.string	""
 3766 0cda 00       		.string	""
 3767 0cdb 00       		.string	""
 3768 0cdc 00       		.string	""
 3769 0cdd 00       		.string	""
 3770 0cde 00       		.string	""
 3771 0cdf 00       		.string	""
 3772 0ce0 00       		.string	""
 3773 0ce1 00       		.string	""
 3774 0ce2 00       		.string	""
GAS LISTING printk.s 			page 78


 3775 0ce3 00       		.string	""
 3776 0ce4 00       		.string	""
 3777 0ce5 00       		.string	""
 3778 0ce6 00       		.string	""
 3779 0ce7 00       		.string	""
 3780 0ce8 00       		.string	""
 3781 0ce9 00       		.string	""
 3782 0cea 00       		.string	""
 3783 0ceb 00       		.string	""
 3784 0cec 00       		.string	""
 3785 0ced 00       		.string	""
 3786 0cee 00       		.string	""
 3787 0cef 00       		.string	""
 3788 0cf0 00       		.string	""
 3789 0cf1 00       		.string	""
 3790 0cf2 00       		.string	""
 3791 0cf3 00       		.string	""
 3792 0cf4 00       		.string	""
 3793 0cf5 00       		.string	""
 3794 0cf6 00       		.string	""
 3795 0cf7 00       		.string	""
 3796 0cf8 00       		.string	""
 3797 0cf9 00       		.string	""
 3798 0cfa 00       		.string	""
 3799 0cfb 00       		.string	""
 3800 0cfc 00       		.string	""
 3801 0cfd 00       		.string	""
 3802 0cfe 00       		.string	""
 3803 0cff 00       		.string	""
 3804 0d00 00       		.string	""
 3805 0d01 00       		.string	""
 3806 0d02 00       		.string	""
 3807 0d03 00       		.string	""
 3808 0d04 00       		.string	""
 3809 0d05 00       		.string	""
 3810 0d06 00       		.string	""
 3811 0d07 00       		.string	""
 3812 0d08 00       		.string	""
 3813 0d09 00       		.string	""
 3814 0d0a 00       		.string	""
 3815 0d0b 00       		.string	""
 3816 0d0c 00       		.string	""
 3817 0d0d 00       		.string	""
 3818 0d0e 00       		.string	""
 3819 0d0f 00       		.string	""
 3820 0d10 00       		.string	""
 3821 0d11 00       		.string	""
 3822 0d12 00       		.string	""
 3823 0d13 00       		.string	""
 3824 0d14 00       		.string	""
 3825 0d15 00       		.string	""
 3826 0d16 00       		.string	""
 3827 0d17 00       		.string	""
 3828 0d18 00       		.string	""
 3829 0d19 00       		.string	""
 3830 0d1a 00       		.string	""
 3831 0d1b 00       		.string	""
GAS LISTING printk.s 			page 79


 3832 0d1c 00       		.string	""
 3833 0d1d 00       		.string	""
 3834 0d1e 00       		.string	""
 3835 0d1f 00       		.string	""
 3836 0d20 00       		.string	""
 3837 0d21 00       		.string	""
 3838 0d22 00       		.string	""
 3839 0d23 00       		.string	""
 3840 0d24 00       		.string	""
 3841 0d25 00       		.string	""
 3842 0d26 00       		.string	""
 3843 0d27 00       		.string	""
 3844 0d28 00       		.string	""
 3845 0d29 00       		.string	""
 3846 0d2a 00       		.string	""
 3847 0d2b 00       		.string	""
 3848 0d2c 00       		.string	""
 3849 0d2d 00       		.string	""
 3850 0d2e 00       		.string	""
 3851 0d2f 00       		.string	""
 3852 0d30 00       		.string	""
 3853 0d31 00       		.string	""
 3854 0d32 00       		.string	""
 3855 0d33 00       		.string	""
 3856 0d34 00       		.string	""
 3857 0d35 00       		.string	""
 3858 0d36 00       		.string	""
 3859 0d37 00       		.string	""
 3860 0d38 00       		.string	""
 3861 0d39 00       		.string	""
 3862 0d3a 00       		.string	""
 3863 0d3b 00       		.string	""
 3864 0d3c 00       		.string	""
 3865 0d3d 00       		.string	""
 3866 0d3e 00       		.string	""
 3867 0d3f 00       		.string	""
 3868 0d40 00       		.string	""
 3869 0d41 00       		.string	""
 3870 0d42 00       		.string	""
 3871 0d43 00       		.string	""
 3872 0d44 00       		.string	""
 3873 0d45 00       		.string	""
 3874 0d46 00       		.string	""
 3875 0d47 00       		.string	""
 3876 0d48 00       		.string	""
 3877 0d49 00       		.string	""
 3878 0d4a 00       		.string	""
 3879 0d4b 00       		.string	""
 3880 0d4c 00       		.string	""
 3881 0d4d 00       		.string	""
 3882 0d4e 00       		.string	""
 3883 0d4f 00       		.string	""
 3884 0d50 00       		.string	""
 3885 0d51 00       		.string	""
 3886 0d52 00       		.string	""
 3887 0d53 00       		.string	""
 3888 0d54 00       		.string	""
GAS LISTING printk.s 			page 80


 3889 0d55 00       		.string	""
 3890 0d56 00       		.string	""
 3891 0d57 00       		.string	""
 3892 0d58 00       		.string	""
 3893 0d59 00       		.string	""
 3894 0d5a 00       		.string	""
 3895 0d5b 00       		.string	""
 3896 0d5c 00       		.string	""
 3897 0d5d 00       		.string	""
 3898 0d5e 00       		.string	""
 3899 0d5f 00       		.string	""
 3900 0d60 00       		.string	""
 3901 0d61 00       		.string	""
 3902 0d62 00       		.string	""
 3903 0d63 00       		.string	""
 3904 0d64 00       		.string	""
 3905 0d65 00       		.string	""
 3906 0d66 00       		.string	""
 3907 0d67 00       		.string	""
 3908 0d68 00       		.string	""
 3909 0d69 00       		.string	""
 3910 0d6a 00       		.string	""
 3911 0d6b 00       		.string	""
 3912 0d6c 00       		.string	""
 3913 0d6d 00       		.string	""
 3914 0d6e 00       		.string	""
 3915 0d6f 00       		.string	""
 3916 0d70 00       		.string	""
 3917 0d71 00       		.string	""
 3918 0d72 00       		.string	""
 3919 0d73 00       		.string	""
 3920 0d74 00       		.string	""
 3921 0d75 00       		.string	""
 3922 0d76 00       		.string	""
 3923 0d77 00       		.string	""
 3924 0d78 00       		.string	""
 3925 0d79 00       		.string	""
 3926 0d7a 00       		.string	""
 3927 0d7b 00       		.string	""
 3928 0d7c 00       		.string	""
 3929 0d7d 00       		.string	""
 3930 0d7e 00       		.string	""
 3931 0d7f 00       		.string	""
 3932 0d80 00       		.string	""
 3933 0d81 00       		.string	""
 3934 0d82 00       		.string	""
 3935 0d83 00       		.string	""
 3936 0d84 00       		.string	""
 3937 0d85 00       		.string	""
 3938 0d86 00       		.string	""
 3939 0d87 00       		.string	""
 3940 0d88 00       		.string	""
 3941 0d89 00       		.string	""
 3942 0d8a 00       		.string	""
 3943 0d8b 00       		.string	""
 3944 0d8c 00       		.string	""
 3945 0d8d 00       		.string	""
GAS LISTING printk.s 			page 81


 3946 0d8e 00       		.string	""
 3947 0d8f 00       		.string	""
 3948 0d90 00       		.string	""
 3949 0d91 00       		.string	""
 3950 0d92 00       		.string	""
 3951 0d93 00       		.string	""
 3952 0d94 00       		.string	""
 3953 0d95 00       		.string	""
 3954 0d96 00       		.string	""
 3955 0d97 00       		.string	""
 3956 0d98 00       		.string	""
 3957 0d99 00       		.string	""
 3958 0d9a 00       		.string	""
 3959 0d9b 00       		.string	""
 3960 0d9c 00       		.string	""
 3961 0d9d 00       		.string	""
 3962 0d9e 00       		.string	""
 3963 0d9f 00       		.string	""
 3964 0da0 00       		.string	""
 3965 0da1 00       		.string	""
 3966 0da2 00       		.string	""
 3967 0da3 00       		.string	""
 3968 0da4 00       		.string	""
 3969 0da5 00       		.string	""
 3970 0da6 00       		.string	""
 3971 0da7 00       		.string	""
 3972 0da8 00       		.string	""
 3973 0da9 00       		.string	""
 3974 0daa 00       		.string	""
 3975 0dab 00       		.string	""
 3976 0dac 00       		.string	""
 3977 0dad 00       		.string	""
 3978 0dae 00       		.string	""
 3979 0daf 00       		.string	""
 3980 0db0 00       		.string	""
 3981 0db1 00       		.string	""
 3982 0db2 00       		.string	""
 3983 0db3 00       		.string	""
 3984 0db4 00       		.string	""
 3985 0db5 00       		.string	""
 3986 0db6 00       		.string	""
 3987 0db7 00       		.string	""
 3988 0db8 00       		.string	""
 3989 0db9 00       		.string	""
 3990 0dba 00       		.string	""
 3991 0dbb 00       		.string	""
 3992 0dbc 00       		.string	""
 3993 0dbd 00       		.string	""
 3994 0dbe 00       		.string	""
 3995 0dbf 00       		.string	""
 3996 0dc0 00       		.string	""
 3997 0dc1 00       		.string	""
 3998 0dc2 00       		.string	""
 3999 0dc3 00       		.string	""
 4000 0dc4 00       		.string	""
 4001 0dc5 00       		.string	""
 4002 0dc6 00       		.string	""
GAS LISTING printk.s 			page 82


 4003 0dc7 00       		.string	""
 4004 0dc8 00       		.string	""
 4005 0dc9 00       		.string	""
 4006 0dca 00       		.string	""
 4007 0dcb 00       		.string	""
 4008 0dcc 00       		.string	""
 4009 0dcd 00       		.string	""
 4010 0dce 00       		.string	""
 4011 0dcf 00       		.string	""
 4012 0dd0 00       		.string	""
 4013 0dd1 00       		.string	""
 4014 0dd2 00       		.string	""
 4015 0dd3 00       		.string	""
 4016 0dd4 00       		.string	""
 4017 0dd5 00       		.string	""
 4018 0dd6 00       		.string	""
 4019 0dd7 00       		.string	""
 4020 0dd8 00       		.string	""
 4021 0dd9 00       		.string	""
 4022 0dda 00       		.string	""
 4023 0ddb 00       		.string	""
 4024 0ddc 00       		.string	""
 4025 0ddd 00       		.string	""
 4026 0dde 00       		.string	""
 4027 0ddf 00       		.string	""
 4028 0de0 00       		.string	""
 4029 0de1 00       		.string	""
 4030 0de2 00       		.string	""
 4031 0de3 00       		.string	""
 4032 0de4 00       		.string	""
 4033 0de5 00       		.string	""
 4034 0de6 00       		.string	""
 4035 0de7 00       		.string	""
 4036 0de8 00       		.string	""
 4037 0de9 00       		.string	""
 4038 0dea 00       		.string	""
 4039 0deb 00       		.string	""
 4040 0dec 00       		.string	""
 4041 0ded 00       		.string	""
 4042 0dee 00       		.string	""
 4043 0def 00       		.string	""
 4044 0df0 00       		.string	""
 4045 0df1 00       		.string	""
 4046 0df2 00       		.string	""
 4047 0df3 00       		.string	""
 4048 0df4 00       		.string	""
 4049 0df5 00       		.string	""
 4050 0df6 00       		.string	""
 4051 0df7 00       		.string	""
 4052 0df8 00       		.string	""
 4053 0df9 00       		.string	""
 4054 0dfa 00       		.string	""
 4055 0dfb 00       		.string	""
 4056 0dfc 00       		.string	""
 4057 0dfd 00       		.string	""
 4058 0dfe 00       		.string	""
 4059 0dff 00       		.string	""
GAS LISTING printk.s 			page 83


 4060 0e00 00       		.string	""
 4061 0e01 00       		.string	""
 4062 0e02 00       		.string	""
 4063 0e03 00       		.string	""
 4064 0e04 00       		.string	""
 4065 0e05 00       		.string	""
 4066 0e06 00       		.string	""
 4067 0e07 00       		.string	""
 4068 0e08 00       		.string	""
 4069 0e09 00       		.string	""
 4070 0e0a 00       		.string	""
 4071 0e0b 00       		.string	""
 4072 0e0c 00       		.string	""
 4073 0e0d 00       		.string	""
 4074 0e0e 00       		.string	""
 4075 0e0f 00       		.string	""
 4076 0e10 00       		.string	""
 4077 0e11 00       		.string	""
 4078 0e12 00       		.string	""
 4079 0e13 00       		.string	""
 4080 0e14 00       		.string	""
 4081 0e15 00       		.string	""
 4082 0e16 00       		.string	""
 4083 0e17 00       		.string	""
 4084 0e18 00       		.string	""
 4085 0e19 00       		.string	""
 4086 0e1a 00       		.string	""
 4087 0e1b 00       		.string	""
 4088 0e1c 00       		.string	""
 4089 0e1d 00       		.string	""
 4090 0e1e 00       		.string	""
 4091 0e1f 00       		.string	""
 4092 0e20 00       		.string	""
 4093 0e21 00       		.string	""
 4094 0e22 00       		.string	""
 4095 0e23 00       		.string	""
 4096 0e24 00       		.string	""
 4097 0e25 00       		.string	""
 4098 0e26 00       		.string	""
 4099 0e27 00       		.string	""
 4100 0e28 00       		.string	""
 4101 0e29 00       		.string	""
 4102 0e2a 00       		.string	""
 4103 0e2b 00       		.string	""
 4104 0e2c 00       		.string	""
 4105 0e2d 00       		.string	""
 4106 0e2e 00       		.string	""
 4107 0e2f 00       		.string	""
 4108 0e30 00       		.string	""
 4109 0e31 00       		.string	""
 4110 0e32 00       		.string	""
 4111 0e33 00       		.string	""
 4112 0e34 00       		.string	""
 4113 0e35 00       		.string	""
 4114 0e36 00       		.string	""
 4115 0e37 00       		.string	""
 4116 0e38 00       		.string	""
GAS LISTING printk.s 			page 84


 4117 0e39 00       		.string	""
 4118 0e3a 00       		.string	""
 4119 0e3b 00       		.string	""
 4120 0e3c 00       		.string	""
 4121 0e3d 00       		.string	""
 4122 0e3e 00       		.string	""
 4123 0e3f 00       		.string	""
 4124 0e40 00       		.string	""
 4125 0e41 00       		.string	""
 4126 0e42 00       		.string	""
 4127 0e43 00       		.string	""
 4128 0e44 00       		.string	""
 4129 0e45 00       		.string	""
 4130 0e46 00       		.string	""
 4131 0e47 00       		.string	""
 4132 0e48 00       		.string	""
 4133 0e49 00       		.string	""
 4134 0e4a 00       		.string	""
 4135 0e4b 00       		.string	""
 4136 0e4c 00       		.string	""
 4137 0e4d 00       		.string	""
 4138 0e4e 00       		.string	""
 4139 0e4f 00       		.string	""
 4140 0e50 00       		.string	""
 4141 0e51 00       		.string	""
 4142 0e52 00       		.string	""
 4143 0e53 00       		.string	""
 4144 0e54 00       		.string	""
 4145 0e55 00       		.string	""
 4146 0e56 00       		.string	""
 4147 0e57 00       		.string	""
 4148 0e58 00       		.string	""
 4149 0e59 00       		.string	""
 4150 0e5a 00       		.string	""
 4151 0e5b 00       		.string	""
 4152 0e5c 00       		.string	""
 4153 0e5d 00       		.string	""
 4154 0e5e 00       		.string	""
 4155 0e5f 00       		.string	""
 4156 0e60 00       		.string	""
 4157 0e61 00       		.string	""
 4158 0e62 00       		.string	""
 4159 0e63 00       		.string	""
 4160 0e64 00       		.string	""
 4161 0e65 00       		.string	""
 4162 0e66 00       		.string	""
 4163 0e67 00       		.string	""
 4164 0e68 00       		.string	""
 4165 0e69 00       		.string	""
 4166 0e6a 00       		.string	""
 4167 0e6b 00       		.string	""
 4168 0e6c 00       		.string	""
 4169 0e6d 00       		.string	""
 4170 0e6e 00       		.string	""
 4171 0e6f 00       		.string	""
 4172 0e70 00       		.string	""
 4173 0e71 00       		.string	""
GAS LISTING printk.s 			page 85


 4174 0e72 00       		.string	""
 4175 0e73 00       		.string	""
 4176 0e74 00       		.string	""
 4177 0e75 00       		.string	""
 4178 0e76 00       		.string	""
 4179 0e77 00       		.string	""
 4180 0e78 00       		.string	""
 4181 0e79 00       		.string	""
 4182 0e7a 00       		.string	""
 4183 0e7b 00       		.string	""
 4184 0e7c 00       		.string	""
 4185 0e7d 00       		.string	""
 4186 0e7e 00       		.string	""
 4187 0e7f 00       		.string	""
 4188 0e80 00       		.string	""
 4189 0e81 00       		.string	""
 4190 0e82 00       		.string	""
 4191 0e83 00       		.string	""
 4192 0e84 00       		.string	""
 4193 0e85 00       		.string	""
 4194 0e86 00       		.string	""
 4195 0e87 00       		.string	""
 4196 0e88 00       		.string	""
 4197 0e89 00       		.string	""
 4198 0e8a 00       		.string	""
 4199 0e8b 00       		.string	""
 4200 0e8c 00       		.string	""
 4201 0e8d 00       		.string	""
 4202 0e8e 00       		.string	""
 4203 0e8f 00       		.string	""
 4204 0e90 00       		.string	""
 4205 0e91 00       		.string	""
 4206 0e92 00       		.string	""
 4207 0e93 00       		.string	""
 4208 0e94 00       		.string	""
 4209 0e95 00       		.string	""
 4210 0e96 00       		.string	""
 4211 0e97 00       		.string	""
 4212 0e98 00       		.string	""
 4213 0e99 00       		.string	""
 4214 0e9a 00       		.string	""
 4215 0e9b 00       		.string	""
 4216 0e9c 00       		.string	""
 4217 0e9d 00       		.string	""
 4218 0e9e 00       		.string	""
 4219 0e9f 00       		.string	""
 4220 0ea0 00       		.string	""
 4221 0ea1 00       		.string	""
 4222 0ea2 00       		.string	""
 4223 0ea3 00       		.string	""
 4224 0ea4 00       		.string	""
 4225 0ea5 00       		.string	""
 4226 0ea6 00       		.string	""
 4227 0ea7 00       		.string	""
 4228 0ea8 00       		.string	""
 4229 0ea9 00       		.string	""
 4230 0eaa 00       		.string	""
GAS LISTING printk.s 			page 86


 4231 0eab 00       		.string	""
 4232 0eac 00       		.string	""
 4233 0ead 00       		.string	""
 4234 0eae 00       		.string	""
 4235 0eaf 00       		.string	""
 4236 0eb0 00       		.string	""
 4237 0eb1 00       		.string	""
 4238 0eb2 00       		.string	""
 4239 0eb3 00       		.string	""
 4240 0eb4 00       		.string	""
 4241 0eb5 00       		.string	""
 4242 0eb6 00       		.string	""
 4243 0eb7 00       		.string	""
 4244 0eb8 00       		.string	""
 4245 0eb9 00       		.string	""
 4246 0eba 00       		.string	""
 4247 0ebb 00       		.string	""
 4248 0ebc 00       		.string	""
 4249 0ebd 00       		.string	""
 4250 0ebe 00       		.string	""
 4251 0ebf 00       		.string	""
 4252 0ec0 00       		.string	""
 4253 0ec1 00       		.string	""
 4254 0ec2 00       		.string	""
 4255 0ec3 00       		.string	""
 4256 0ec4 00       		.string	""
 4257 0ec5 00       		.string	""
 4258 0ec6 00       		.string	""
 4259 0ec7 00       		.string	""
 4260 0ec8 00       		.string	""
 4261 0ec9 00       		.string	""
 4262 0eca 00       		.string	""
 4263 0ecb 00       		.string	""
 4264 0ecc 00       		.string	""
 4265 0ecd 00       		.string	""
 4266 0ece 00       		.string	""
 4267 0ecf 00       		.string	""
 4268 0ed0 00       		.string	""
 4269 0ed1 00       		.string	""
 4270 0ed2 00       		.string	""
 4271 0ed3 00       		.string	""
 4272 0ed4 00       		.string	""
 4273 0ed5 00       		.string	""
 4274 0ed6 00       		.string	""
 4275 0ed7 00       		.string	""
 4276 0ed8 00       		.string	""
 4277 0ed9 00       		.string	""
 4278 0eda 00       		.string	""
 4279 0edb 00       		.string	""
 4280 0edc 00       		.string	""
 4281 0edd 00       		.string	""
 4282 0ede 00       		.string	""
 4283 0edf 00       		.string	""
 4284 0ee0 00       		.string	""
 4285 0ee1 00       		.string	""
 4286 0ee2 00       		.string	""
 4287 0ee3 00       		.string	""
GAS LISTING printk.s 			page 87


 4288 0ee4 00       		.string	""
 4289 0ee5 00       		.string	""
 4290 0ee6 00       		.string	""
 4291 0ee7 00       		.string	""
 4292 0ee8 00       		.string	""
 4293 0ee9 00       		.string	""
 4294 0eea 00       		.string	""
 4295 0eeb 00       		.string	""
 4296 0eec 00       		.string	""
 4297 0eed 00       		.string	""
 4298 0eee 00       		.string	""
 4299 0eef 00       		.string	""
 4300 0ef0 00       		.string	""
 4301 0ef1 00       		.string	""
 4302 0ef2 00       		.string	""
 4303 0ef3 00       		.string	""
 4304 0ef4 00       		.string	""
 4305 0ef5 00       		.string	""
 4306 0ef6 00       		.string	""
 4307 0ef7 00       		.string	""
 4308 0ef8 00       		.string	""
 4309 0ef9 00       		.string	""
 4310 0efa 00       		.string	""
 4311 0efb 00       		.string	""
 4312 0efc 00       		.string	""
 4313 0efd 00       		.string	""
 4314 0efe 00       		.string	""
 4315 0eff 00       		.string	""
 4316 0f00 00       		.string	""
 4317 0f01 00       		.string	""
 4318 0f02 00       		.string	""
 4319 0f03 00       		.string	""
 4320 0f04 00       		.string	""
 4321 0f05 00       		.string	""
 4322 0f06 00       		.string	""
 4323 0f07 00       		.string	""
 4324 0f08 00       		.string	""
 4325 0f09 00       		.string	""
 4326 0f0a 00       		.string	""
 4327 0f0b 00       		.string	""
 4328 0f0c 00       		.string	""
 4329 0f0d 00       		.string	""
 4330 0f0e 00       		.string	""
 4331 0f0f 00       		.string	""
 4332 0f10 00       		.string	""
 4333 0f11 00       		.string	""
 4334 0f12 00       		.string	""
 4335 0f13 00       		.string	""
 4336 0f14 00       		.string	""
 4337 0f15 00       		.string	""
 4338 0f16 00       		.string	""
 4339 0f17 00       		.string	""
 4340 0f18 00       		.string	""
 4341 0f19 00       		.string	""
 4342 0f1a 00       		.string	""
 4343 0f1b 00       		.string	""
 4344 0f1c 00       		.string	""
GAS LISTING printk.s 			page 88


 4345 0f1d 00       		.string	""
 4346 0f1e 00       		.string	""
 4347 0f1f 00       		.string	""
 4348 0f20 00       		.string	""
 4349 0f21 00       		.string	""
 4350 0f22 00       		.string	""
 4351 0f23 00       		.string	""
 4352 0f24 00       		.string	""
 4353 0f25 00       		.string	""
 4354 0f26 00       		.string	""
 4355 0f27 00       		.string	""
 4356 0f28 00       		.string	""
 4357 0f29 00       		.string	""
 4358 0f2a 00       		.string	""
 4359 0f2b 00       		.string	""
 4360 0f2c 00       		.string	""
 4361 0f2d 00       		.string	""
 4362 0f2e 00       		.string	""
 4363 0f2f 00       		.string	""
 4364 0f30 00       		.string	""
 4365 0f31 00       		.string	""
 4366 0f32 00       		.string	""
 4367 0f33 00       		.string	""
 4368 0f34 00       		.string	""
 4369 0f35 00       		.string	""
 4370 0f36 00       		.string	""
 4371 0f37 00       		.string	""
 4372 0f38 00       		.string	""
 4373 0f39 00       		.string	""
 4374 0f3a 00       		.string	""
 4375 0f3b 00       		.string	""
 4376 0f3c 00       		.string	""
 4377 0f3d 00       		.string	""
 4378 0f3e 00       		.string	""
 4379 0f3f 00       		.string	""
 4380 0f40 00       		.string	""
 4381 0f41 00       		.string	""
 4382 0f42 00       		.string	""
 4383 0f43 00       		.string	""
 4384 0f44 00       		.string	""
 4385 0f45 00       		.string	""
 4386 0f46 00       		.string	""
 4387 0f47 00       		.string	""
 4388 0f48 00       		.string	""
 4389 0f49 00       		.string	""
 4390 0f4a 00       		.string	""
 4391 0f4b 00       		.string	""
 4392 0f4c 00       		.string	""
 4393 0f4d 00       		.string	""
 4394 0f4e 00       		.string	""
 4395 0f4f 00       		.string	""
 4396 0f50 00       		.string	""
 4397 0f51 00       		.string	""
 4398 0f52 00       		.string	""
 4399 0f53 00       		.string	""
 4400 0f54 00       		.string	""
 4401 0f55 00       		.string	""
GAS LISTING printk.s 			page 89


 4402 0f56 00       		.string	""
 4403 0f57 00       		.string	""
 4404 0f58 00       		.string	""
 4405 0f59 00       		.string	""
 4406 0f5a 00       		.string	""
 4407 0f5b 00       		.string	""
 4408 0f5c 00       		.string	""
 4409 0f5d 00       		.string	""
 4410 0f5e 00       		.string	""
 4411 0f5f 00       		.string	""
 4412 0f60 00       		.string	""
 4413 0f61 00       		.string	""
 4414 0f62 00       		.string	""
 4415 0f63 00       		.string	""
 4416 0f64 00       		.string	""
 4417 0f65 00       		.string	""
 4418 0f66 00       		.string	""
 4419 0f67 00       		.string	""
 4420 0f68 00       		.string	""
 4421 0f69 00       		.string	""
 4422 0f6a 00       		.string	""
 4423 0f6b 00       		.string	""
 4424 0f6c 00       		.string	""
 4425 0f6d 00       		.string	""
 4426 0f6e 00       		.string	""
 4427 0f6f 00       		.string	""
 4428 0f70 00       		.string	""
 4429 0f71 00       		.string	""
 4430 0f72 00       		.string	""
 4431 0f73 00       		.string	""
 4432 0f74 00       		.string	""
 4433 0f75 00       		.string	""
 4434 0f76 00       		.string	""
 4435 0f77 00       		.string	""
 4436 0f78 00       		.string	""
 4437 0f79 00       		.string	""
 4438 0f7a 00       		.string	""
 4439 0f7b 00       		.string	""
 4440 0f7c 00       		.string	""
 4441 0f7d 00       		.string	""
 4442 0f7e 00       		.string	""
 4443 0f7f 00       		.string	""
 4444 0f80 00       		.string	""
 4445 0f81 00       		.string	""
 4446 0f82 00       		.string	""
 4447 0f83 00       		.string	""
 4448 0f84 00       		.string	""
 4449 0f85 00       		.string	""
 4450 0f86 00       		.string	""
 4451 0f87 00       		.string	""
 4452 0f88 00       		.string	""
 4453 0f89 00       		.string	""
 4454 0f8a 00       		.string	""
 4455 0f8b 00       		.string	""
 4456 0f8c 00       		.string	""
 4457 0f8d 00       		.string	""
 4458 0f8e 00       		.string	""
GAS LISTING printk.s 			page 90


 4459 0f8f 00       		.string	""
 4460 0f90 00       		.string	""
 4461 0f91 00       		.string	""
 4462 0f92 00       		.string	""
 4463 0f93 00       		.string	""
 4464 0f94 00       		.string	""
 4465 0f95 00       		.string	""
 4466 0f96 00       		.string	""
 4467 0f97 00       		.string	""
 4468 0f98 00       		.string	""
 4469 0f99 00       		.string	""
 4470 0f9a 00       		.string	""
 4471 0f9b 00       		.string	""
 4472 0f9c 00       		.string	""
 4473 0f9d 00       		.string	""
 4474 0f9e 00       		.string	""
 4475 0f9f 00       		.string	""
 4476 0fa0 00       		.string	""
 4477 0fa1 00       		.string	""
 4478 0fa2 00       		.string	""
 4479 0fa3 00       		.string	""
 4480 0fa4 00       		.string	""
 4481 0fa5 00       		.string	""
 4482 0fa6 00       		.string	""
 4483 0fa7 00       		.string	""
 4484 0fa8 00       		.string	""
 4485 0fa9 00       		.string	""
 4486 0faa 00       		.string	""
 4487 0fab 00       		.string	""
 4488 0fac 00       		.string	""
 4489 0fad 00       		.string	""
 4490 0fae 00       		.string	""
 4491 0faf 00       		.string	""
 4492 0fb0 00       		.string	""
 4493 0fb1 00       		.string	""
 4494 0fb2 00       		.string	""
 4495 0fb3 00       		.string	""
 4496 0fb4 00       		.string	""
 4497 0fb5 00       		.string	""
 4498 0fb6 00       		.string	""
 4499 0fb7 00       		.string	""
 4500 0fb8 00       		.string	""
 4501 0fb9 00       		.string	""
 4502 0fba 00       		.string	""
 4503 0fbb 00       		.string	""
 4504 0fbc 00       		.string	""
 4505 0fbd 00       		.string	""
 4506 0fbe 00       		.string	""
 4507 0fbf 00       		.string	""
 4508 0fc0 00       		.string	""
 4509 0fc1 00       		.string	""
 4510 0fc2 00       		.string	""
 4511 0fc3 00       		.string	""
 4512 0fc4 00       		.string	""
 4513 0fc5 00       		.string	""
 4514 0fc6 00       		.string	""
 4515 0fc7 00       		.string	""
GAS LISTING printk.s 			page 91


 4516 0fc8 00       		.string	""
 4517 0fc9 00       		.string	""
 4518 0fca 00       		.string	""
 4519 0fcb 00       		.string	""
 4520 0fcc 00       		.string	""
 4521 0fcd 00       		.string	""
 4522 0fce 00       		.string	""
 4523 0fcf 00       		.string	""
 4524 0fd0 00       		.string	""
 4525 0fd1 00       		.string	""
 4526 0fd2 00       		.string	""
 4527 0fd3 00       		.string	""
 4528 0fd4 00       		.string	""
 4529 0fd5 00       		.string	""
 4530 0fd6 00       		.string	""
 4531 0fd7 00       		.string	""
 4532 0fd8 00       		.string	""
 4533 0fd9 00       		.string	""
 4534 0fda 00       		.string	""
 4535 0fdb 00       		.string	""
 4536 0fdc 00       		.string	""
 4537 0fdd 00       		.string	""
 4538 0fde 00       		.string	""
 4539 0fdf 00       		.string	""
 4540 0fe0 00       		.string	""
 4541 0fe1 00       		.string	""
 4542 0fe2 00       		.string	""
 4543 0fe3 00       		.string	""
 4544 0fe4 00       		.string	""
 4545 0fe5 00       		.string	""
 4546 0fe6 00       		.string	""
 4547 0fe7 00       		.string	""
 4548 0fe8 00       		.string	""
 4549 0fe9 00       		.string	""
 4550 0fea 00       		.string	""
 4551 0feb 00       		.string	""
 4552 0fec 00       		.string	""
 4553 0fed 00       		.string	""
 4554 0fee 00       		.string	""
 4555 0fef 00       		.string	""
 4556 0ff0 00       		.string	""
 4557 0ff1 00       		.string	""
 4558 0ff2 00       		.string	""
 4559 0ff3 00       		.string	""
 4560 0ff4 00       		.string	""
 4561 0ff5 00       		.string	""
 4562 0ff6 00       		.string	""
 4563 0ff7 00       		.string	""
 4564 0ff8 00       		.string	""
 4565 0ff9 00       		.string	""
 4566 0ffa 00       		.string	""
 4567 0ffb 00       		.string	""
 4568 0ffc 00       		.string	""
 4569 0ffd 00       		.string	""
 4570 0ffe 00       		.string	""
 4571 0fff 00       		.string	""
 4572              		.ident	"GCC: (Ubuntu 13.3.0-6ubuntu2~24.04) 13.3.0"
GAS LISTING printk.s 			page 92


 4573              		.section	.note.GNU-stack,"",@progbits
 4574              		.section	.note.gnu.property,"a"
 4575              		.align 8
 4576 0000 04000000 		.long	1f - 0f
 4577 0004 10000000 		.long	4f - 1f
 4578 0008 05000000 		.long	5
 4579              	0:
 4580 000c 474E5500 		.string	"GNU"
 4581              	1:
 4582              		.align 8
 4583 0010 020000C0 		.long	0xc0000002
 4584 0014 04000000 		.long	3f - 2f
 4585              	2:
 4586 0018 03000000 		.long	0x3
 4587              	3:
 4588 001c 00000000 		.align 8
 4589              	4:
GAS LISTING printk.s 			page 93


DEFINED SYMBOLS
                            *ABS*:0000000000000000 printk.c
            printk.s:15     .text:0000000000000000 number
            printk.s:308    .text:00000000000001fa putchar
            printk.s:1517   .data:0000000000000000 font_ascii
            printk.s:369    .text:000000000000027e clear_screen
            printk.s:1510   .bss:0000000000001000 Pos
            printk.s:477    .text:0000000000000327 skip_atoi2
            printk.s:507    .text:000000000000034c skip_atoi
            printk.s:538    .text:0000000000000371 vsprintf
            printk.s:1238   .text:00000000000008d6 color_printk
            printk.s:1504   .bss:0000000000000000 buf
            printk.s:11     .rodata.str1.1:0000000000000025 .LC1
            printk.s:9      .rodata.str1.1:0000000000000000 .LC0

UNDEFINED SYMBOLS
_GLOBAL_OFFSET_TABLE_
