GAS LISTING main.s 			page 1


   1              		.file	"main.c"
   2              	# GNU C17 (Ubuntu 13.3.0-6ubuntu2~24.04) version 13.3.0 (x86_64-linux-gnu)
   3              	#	compiled by GNU C version 13.3.0, GMP version 6.3.0, MPFR version 4.2.1, MPC version 1.3.1, isl v
   4              	
   5              	# GGC heuristics: --param ggc-min-expand=91 --param ggc-min-heapsize=114975
   6              	# options passed: -mcmodel=large -m64 -mtune=generic -march=x86-64 -O2 -fno-builtin -fno-stack-prot
   7              		.text
   8              		.section	.rodata.str1.1,"aMS",@progbits,1
   9              	.LC2:
  10 0000 68656C6C 		.string	"hello\t\t kernel!\n"
  10      6F090920 
  10      6B65726E 
  10      656C210A 
  10      00
  11              	.LC3:
  12 0011 68656C6C 		.string	"hello,User\n"
  12      6F2C5573 
  12      65720A00 
  13              		.section	.rodata.str1.8,"aMS",@progbits,1
  14              		.align 8
  15              	.LC4:
  16 0000 5374616E 		.string	"Standing firm in the universe and cosmos, I have established the paradise of Eden.\n"
  16      64696E67 
  16      20666972 
  16      6D20696E 
  16      20746865 
  17 0054 00000000 		.align 8
  18              	.LC5:
  19 0058 4920616D 		.string	"I am the royal daughter who has broken the law!\n"
  19      20746865 
  19      20726F79 
  19      616C2064 
  19      61756768 
  20 0089 00000000 		.align 8
  20      000000
  21              	.LC6:
  22 0090 486D6D2C 		.string	"Hmm,there is still a problem here?"
  22      74686572 
  22      65206973 
  22      20737469 
  22      6C6C2061 
  23              		.text
  24              		.p2align 4
  25              		.globl	Start_Kernel
  26              		.type	Start_Kernel, @function
  27              	Start_Kernel:
  28              	.LFB34:
  29              		.cfi_startproc
  30 0000 F30F1EFA 		endbr64	
  31              	.L3:
  32 0004 4157     		pushq	%r15	#
  33              		.cfi_def_cfa_offset 16
  34              		.cfi_offset 15, -16
  35              	# main.c:59:     color_printk(YELLOW,BLACK,"hello\t\t kernel!\n");
  36 0006 31F6     		xorl	%esi, %esi	#
  37 0008 49BB0000 		movabsq	$_GLOBAL_OFFSET_TABLE_-.L3, %r11	#,
  37      00000000 
GAS LISTING main.s 			page 2


  37      0000
  38 0012 4C8D3DEB 		leaq	.L3(%rip), %r15	#, tmp82
  38      FFFFFF
  39              	# main.c:13: {
  40 0019 53       		pushq	%rbx	#
  41              		.cfi_def_cfa_offset 24
  42              		.cfi_offset 3, -24
  43 001a 4D01DF   		addq	%r11, %r15	#, tmp82
  44              	# main.c:19:     Pos.XResolution=1440;
  45 001d 48BA0000 		movabsq	$.LC0@GOTOFF, %rdx	#, tmp84
  45      00000000 
  45      0000
  46 0027 48B80000 		movabsq	$Pos@GOTOFF, %rax	#, tmp83
  46      00000000 
  46      0000
  47              	# main.c:25:     Pos.FB_addr=(int *)0xffff800000a00000;
  48 0031 48B90000 		movabsq	$-140737477869568, %rcx	#, tmp109
  48      A0000080 
  48      FFFF
  49              	# main.c:59:     color_printk(YELLOW,BLACK,"hello\t\t kernel!\n");
  50 003b BF00FFFF 		movl	$16776960, %edi	#,
  50      00
  51 0040 48BB0000 		movabsq	$color_printk@PLTOFF, %rbx	#, tmp94
  51      00000000 
  51      0000
  52 004a 4C01FB   		addq	%r15, %rbx	# tmp82, tmp94
  53              	# main.c:13: {
  54 004d 4883EC08 		subq	$8, %rsp	#,
  55              		.cfi_def_cfa_offset 32
  56              	# main.c:19:     Pos.XResolution=1440;
  57 0051 66410F6F 		movdqa	(%r15,%rdx), %xmm0	#, tmp108
  57      0417
  58              	# main.c:25:     Pos.FB_addr=(int *)0xffff800000a00000;
  59 0057 4A894C38 		movq	%rcx, 24(%rax,%r15)	# tmp109, Pos.FB_addr
  59      18
  60              	# main.c:23:     Pos.XCharSize=8;
  61 005c 48BA0000 		movabsq	$.LC1@GOTOFF, %rdx	#, tmp87
  61      00000000 
  61      0000
  62              	# main.c:26:     Pos.FB_length=(Pos.XResolution*Pos.YResolution*4);
  63 0066 49C74407 		movq	$5184000, 32(%r15,%rax)	#, Pos.FB_length
  63      20001A4F 
  63      00
  64              	# main.c:23:     Pos.XCharSize=8;
  65 006f 498B1417 		movq	(%r15,%rdx), %rdx	#, tmp88
  66              	# main.c:19:     Pos.XResolution=1440;
  67 0073 410F2904 		movaps	%xmm0, (%r15,%rax)	# tmp108, MEM <vector(4) int> [(int *)&Pos]
  67      07
  68              	# main.c:23:     Pos.XCharSize=8;
  69 0078 49895407 		movq	%rdx, 16(%r15,%rax)	# tmp88, MEM <vector(2) int> [(int *)&Pos + 16B]
  69      10
  70              	# main.c:59:     color_printk(YELLOW,BLACK,"hello\t\t kernel!\n");
  71 007d 48B80000 		movabsq	$.LC2@GOTOFF, %rax	#, tmp93
  71      00000000 
  71      0000
  72 0087 498D1407 		leaq	(%r15,%rax), %rdx	#, tmp92
  73 008b 31C0     		xorl	%eax, %eax	#
GAS LISTING main.s 			page 3


  74 008d FFD3     		call	*%rbx	# tmp94
  75              	# main.c:60:     color_printk(YELLOW,BLACK,"hello,User\n");
  76 008f 31F6     		xorl	%esi, %esi	#
  77 0091 BF00FFFF 		movl	$16776960, %edi	#,
  77      00
  78 0096 48B80000 		movabsq	$.LC3@GOTOFF, %rax	#, tmp96
  78      00000000 
  78      0000
  79 00a0 498D1407 		leaq	(%r15,%rax), %rdx	#, tmp95
  80 00a4 31C0     		xorl	%eax, %eax	#
  81 00a6 FFD3     		call	*%rbx	# tmp94
  82              	# main.c:61:     color_printk(YELLOW,BLACK,"Standing firm in the universe and cosmos, I have establ
  83 00a8 31F6     		xorl	%esi, %esi	#
  84 00aa BF00FFFF 		movl	$16776960, %edi	#,
  84      00
  85 00af 48B80000 		movabsq	$.LC4@GOTOFF, %rax	#, tmp99
  85      00000000 
  85      0000
  86 00b9 498D1407 		leaq	(%r15,%rax), %rdx	#, tmp98
  87 00bd 31C0     		xorl	%eax, %eax	#
  88 00bf FFD3     		call	*%rbx	# tmp94
  89              	# main.c:62:     color_printk(YELLOW,BLACK,"I am the royal daughter who has broken the law!\n");
  90 00c1 31F6     		xorl	%esi, %esi	#
  91 00c3 BF00FFFF 		movl	$16776960, %edi	#,
  91      00
  92 00c8 48B80000 		movabsq	$.LC5@GOTOFF, %rax	#, tmp102
  92      00000000 
  92      0000
  93 00d2 498D1407 		leaq	(%r15,%rax), %rdx	#, tmp101
  94 00d6 31C0     		xorl	%eax, %eax	#
  95 00d8 FFD3     		call	*%rbx	# tmp94
  96              	# main.c:64:     color_printk(YELLOW,BLACK,"Hmm,there is still a problem here?");
  97 00da 31F6     		xorl	%esi, %esi	#
  98 00dc BF00FFFF 		movl	$16776960, %edi	#,
  98      00
  99 00e1 48B80000 		movabsq	$.LC6@GOTOFF, %rax	#, tmp105
  99      00000000 
  99      0000
 100 00eb 498D1407 		leaq	(%r15,%rax), %rdx	#, tmp104
 101 00ef 31C0     		xorl	%eax, %eax	#
 102 00f1 FFD3     		call	*%rbx	# tmp94
 103              	.L2:
 104 00f3 EBFE     		jmp	.L2	#
 105              		.cfi_endproc
 106              	.LFE34:
 107              		.size	Start_Kernel, .-Start_Kernel
 108              		.globl	buf
 109              		.bss
 110              		.align 32
 111              		.type	buf, @object
 112              		.size	buf, 4096
 113              	buf:
 114 0000 00000000 		.zero	4096
 114      00000000 
 114      00000000 
 114      00000000 
 114      00000000 
GAS LISTING main.s 			page 4


 115              		.globl	Pos
 116              		.align 32
 117              		.type	Pos, @object
 118              		.size	Pos, 40
 119              	Pos:
 120 1000 00000000 		.zero	40
 120      00000000 
 120      00000000 
 120      00000000 
 120      00000000 
 121              		.globl	font_ascii
 122              		.data
 123              		.align 32
 124              		.type	font_ascii, @object
 125              		.size	font_ascii, 4096
 126              	font_ascii:
 127 0000 00       		.string	""
 128 0001 00       		.string	""
 129 0002 00       		.string	""
 130 0003 00       		.string	""
 131 0004 00       		.string	""
 132 0005 00       		.string	""
 133 0006 00       		.string	""
 134 0007 00       		.string	""
 135 0008 00       		.string	""
 136 0009 00       		.string	""
 137 000a 00       		.string	""
 138 000b 00       		.string	""
 139 000c 00       		.string	""
 140 000d 00       		.string	""
 141 000e 00       		.string	""
 142 000f 00       		.string	""
 143 0010 00       		.string	""
 144 0011 00       		.string	""
 145 0012 00       		.string	""
 146 0013 00       		.string	""
 147 0014 00       		.string	""
 148 0015 00       		.string	""
 149 0016 00       		.string	""
 150 0017 00       		.string	""
 151 0018 00       		.string	""
 152 0019 00       		.string	""
 153 001a 00       		.string	""
 154 001b 00       		.string	""
 155 001c 00       		.string	""
 156 001d 00       		.string	""
 157 001e 00       		.string	""
 158 001f 00       		.string	""
 159 0020 00       		.string	""
 160 0021 00       		.string	""
 161 0022 00       		.string	""
 162 0023 00       		.string	""
 163 0024 00       		.string	""
 164 0025 00       		.string	""
 165 0026 00       		.string	""
 166 0027 00       		.string	""
 167 0028 00       		.string	""
GAS LISTING main.s 			page 5


 168 0029 00       		.string	""
 169 002a 00       		.string	""
 170 002b 00       		.string	""
 171 002c 00       		.string	""
 172 002d 00       		.string	""
 173 002e 00       		.string	""
 174 002f 00       		.string	""
 175 0030 00       		.string	""
 176 0031 00       		.string	""
 177 0032 00       		.string	""
 178 0033 00       		.string	""
 179 0034 00       		.string	""
 180 0035 00       		.string	""
 181 0036 00       		.string	""
 182 0037 00       		.string	""
 183 0038 00       		.string	""
 184 0039 00       		.string	""
 185 003a 00       		.string	""
 186 003b 00       		.string	""
 187 003c 00       		.string	""
 188 003d 00       		.string	""
 189 003e 00       		.string	""
 190 003f 00       		.string	""
 191 0040 00       		.string	""
 192 0041 00       		.string	""
 193 0042 00       		.string	""
 194 0043 00       		.string	""
 195 0044 00       		.string	""
 196 0045 00       		.string	""
 197 0046 00       		.string	""
 198 0047 00       		.string	""
 199 0048 00       		.string	""
 200 0049 00       		.string	""
 201 004a 00       		.string	""
 202 004b 00       		.string	""
 203 004c 00       		.string	""
 204 004d 00       		.string	""
 205 004e 00       		.string	""
 206 004f 00       		.string	""
 207 0050 00       		.string	""
 208 0051 00       		.string	""
 209 0052 00       		.string	""
 210 0053 00       		.string	""
 211 0054 00       		.string	""
 212 0055 00       		.string	""
 213 0056 00       		.string	""
 214 0057 00       		.string	""
 215 0058 00       		.string	""
 216 0059 00       		.string	""
 217 005a 00       		.string	""
 218 005b 00       		.string	""
 219 005c 00       		.string	""
 220 005d 00       		.string	""
 221 005e 00       		.string	""
 222 005f 00       		.string	""
 223 0060 00       		.string	""
 224 0061 00       		.string	""
GAS LISTING main.s 			page 6


 225 0062 00       		.string	""
 226 0063 00       		.string	""
 227 0064 00       		.string	""
 228 0065 00       		.string	""
 229 0066 00       		.string	""
 230 0067 00       		.string	""
 231 0068 00       		.string	""
 232 0069 00       		.string	""
 233 006a 00       		.string	""
 234 006b 00       		.string	""
 235 006c 00       		.string	""
 236 006d 00       		.string	""
 237 006e 00       		.string	""
 238 006f 00       		.string	""
 239 0070 00       		.string	""
 240 0071 00       		.string	""
 241 0072 00       		.string	""
 242 0073 00       		.string	""
 243 0074 00       		.string	""
 244 0075 00       		.string	""
 245 0076 00       		.string	""
 246 0077 00       		.string	""
 247 0078 00       		.string	""
 248 0079 00       		.string	""
 249 007a 00       		.string	""
 250 007b 00       		.string	""
 251 007c 00       		.string	""
 252 007d 00       		.string	""
 253 007e 00       		.string	""
 254 007f 00       		.string	""
 255 0080 00       		.string	""
 256 0081 00       		.string	""
 257 0082 00       		.string	""
 258 0083 00       		.string	""
 259 0084 00       		.string	""
 260 0085 00       		.string	""
 261 0086 00       		.string	""
 262 0087 00       		.string	""
 263 0088 00       		.string	""
 264 0089 00       		.string	""
 265 008a 00       		.string	""
 266 008b 00       		.string	""
 267 008c 00       		.string	""
 268 008d 00       		.string	""
 269 008e 00       		.string	""
 270 008f 00       		.string	""
 271 0090 00       		.string	""
 272 0091 00       		.string	""
 273 0092 00       		.string	""
 274 0093 00       		.string	""
 275 0094 00       		.string	""
 276 0095 00       		.string	""
 277 0096 00       		.string	""
 278 0097 00       		.string	""
 279 0098 00       		.string	""
 280 0099 00       		.string	""
 281 009a 00       		.string	""
GAS LISTING main.s 			page 7


 282 009b 00       		.string	""
 283 009c 00       		.string	""
 284 009d 00       		.string	""
 285 009e 00       		.string	""
 286 009f 00       		.string	""
 287 00a0 00       		.string	""
 288 00a1 00       		.string	""
 289 00a2 00       		.string	""
 290 00a3 00       		.string	""
 291 00a4 00       		.string	""
 292 00a5 00       		.string	""
 293 00a6 00       		.string	""
 294 00a7 00       		.string	""
 295 00a8 00       		.string	""
 296 00a9 00       		.string	""
 297 00aa 00       		.string	""
 298 00ab 00       		.string	""
 299 00ac 00       		.string	""
 300 00ad 00       		.string	""
 301 00ae 00       		.string	""
 302 00af 00       		.string	""
 303 00b0 00       		.string	""
 304 00b1 00       		.string	""
 305 00b2 00       		.string	""
 306 00b3 00       		.string	""
 307 00b4 00       		.string	""
 308 00b5 00       		.string	""
 309 00b6 00       		.string	""
 310 00b7 00       		.string	""
 311 00b8 00       		.string	""
 312 00b9 00       		.string	""
 313 00ba 00       		.string	""
 314 00bb 00       		.string	""
 315 00bc 00       		.string	""
 316 00bd 00       		.string	""
 317 00be 00       		.string	""
 318 00bf 00       		.string	""
 319 00c0 00       		.string	""
 320 00c1 00       		.string	""
 321 00c2 00       		.string	""
 322 00c3 00       		.string	""
 323 00c4 00       		.string	""
 324 00c5 00       		.string	""
 325 00c6 00       		.string	""
 326 00c7 00       		.string	""
 327 00c8 00       		.string	""
 328 00c9 00       		.string	""
 329 00ca 00       		.string	""
 330 00cb 00       		.string	""
 331 00cc 00       		.string	""
 332 00cd 00       		.string	""
 333 00ce 00       		.string	""
 334 00cf 00       		.string	""
 335 00d0 00       		.string	""
 336 00d1 00       		.string	""
 337 00d2 00       		.string	""
 338 00d3 00       		.string	""
GAS LISTING main.s 			page 8


 339 00d4 00       		.string	""
 340 00d5 00       		.string	""
 341 00d6 00       		.string	""
 342 00d7 00       		.string	""
 343 00d8 00       		.string	""
 344 00d9 00       		.string	""
 345 00da 00       		.string	""
 346 00db 00       		.string	""
 347 00dc 00       		.string	""
 348 00dd 00       		.string	""
 349 00de 00       		.string	""
 350 00df 00       		.string	""
 351 00e0 00       		.string	""
 352 00e1 00       		.string	""
 353 00e2 00       		.string	""
 354 00e3 00       		.string	""
 355 00e4 00       		.string	""
 356 00e5 00       		.string	""
 357 00e6 00       		.string	""
 358 00e7 00       		.string	""
 359 00e8 00       		.string	""
 360 00e9 00       		.string	""
 361 00ea 00       		.string	""
 362 00eb 00       		.string	""
 363 00ec 00       		.string	""
 364 00ed 00       		.string	""
 365 00ee 00       		.string	""
 366 00ef 00       		.string	""
 367 00f0 00       		.string	""
 368 00f1 00       		.string	""
 369 00f2 00       		.string	""
 370 00f3 00       		.string	""
 371 00f4 00       		.string	""
 372 00f5 00       		.string	""
 373 00f6 00       		.string	""
 374 00f7 00       		.string	""
 375 00f8 00       		.string	""
 376 00f9 00       		.string	""
 377 00fa 00       		.string	""
 378 00fb 00       		.string	""
 379 00fc 00       		.string	""
 380 00fd 00       		.string	""
 381 00fe 00       		.string	""
 382 00ff 00       		.string	""
 383 0100 00       		.string	""
 384 0101 00       		.string	""
 385 0102 00       		.string	""
 386 0103 00       		.string	""
 387 0104 00       		.string	""
 388 0105 00       		.string	""
 389 0106 00       		.string	""
 390 0107 00       		.string	""
 391 0108 00       		.string	""
 392 0109 00       		.string	""
 393 010a 00       		.string	""
 394 010b 00       		.string	""
 395 010c 00       		.string	""
GAS LISTING main.s 			page 9


 396 010d 00       		.string	""
 397 010e 00       		.string	""
 398 010f 00       		.string	""
 399 0110 00       		.string	""
 400 0111 00       		.string	""
 401 0112 00       		.string	""
 402 0113 00       		.string	""
 403 0114 00       		.string	""
 404 0115 00       		.string	""
 405 0116 00       		.string	""
 406 0117 00       		.string	""
 407 0118 00       		.string	""
 408 0119 00       		.string	""
 409 011a 00       		.string	""
 410 011b 00       		.string	""
 411 011c 00       		.string	""
 412 011d 00       		.string	""
 413 011e 00       		.string	""
 414 011f 00       		.string	""
 415 0120 00       		.string	""
 416 0121 00       		.string	""
 417 0122 00       		.string	""
 418 0123 00       		.string	""
 419 0124 00       		.string	""
 420 0125 00       		.string	""
 421 0126 00       		.string	""
 422 0127 00       		.string	""
 423 0128 00       		.string	""
 424 0129 00       		.string	""
 425 012a 00       		.string	""
 426 012b 00       		.string	""
 427 012c 00       		.string	""
 428 012d 00       		.string	""
 429 012e 00       		.string	""
 430 012f 00       		.string	""
 431 0130 00       		.string	""
 432 0131 00       		.string	""
 433 0132 00       		.string	""
 434 0133 00       		.string	""
 435 0134 00       		.string	""
 436 0135 00       		.string	""
 437 0136 00       		.string	""
 438 0137 00       		.string	""
 439 0138 00       		.string	""
 440 0139 00       		.string	""
 441 013a 00       		.string	""
 442 013b 00       		.string	""
 443 013c 00       		.string	""
 444 013d 00       		.string	""
 445 013e 00       		.string	""
 446 013f 00       		.string	""
 447 0140 00       		.string	""
 448 0141 00       		.string	""
 449 0142 00       		.string	""
 450 0143 00       		.string	""
 451 0144 00       		.string	""
 452 0145 00       		.string	""
GAS LISTING main.s 			page 10


 453 0146 00       		.string	""
 454 0147 00       		.string	""
 455 0148 00       		.string	""
 456 0149 00       		.string	""
 457 014a 00       		.string	""
 458 014b 00       		.string	""
 459 014c 00       		.string	""
 460 014d 00       		.string	""
 461 014e 00       		.string	""
 462 014f 00       		.string	""
 463 0150 00       		.string	""
 464 0151 00       		.string	""
 465 0152 00       		.string	""
 466 0153 00       		.string	""
 467 0154 00       		.string	""
 468 0155 00       		.string	""
 469 0156 00       		.string	""
 470 0157 00       		.string	""
 471 0158 00       		.string	""
 472 0159 00       		.string	""
 473 015a 00       		.string	""
 474 015b 00       		.string	""
 475 015c 00       		.string	""
 476 015d 00       		.string	""
 477 015e 00       		.string	""
 478 015f 00       		.string	""
 479 0160 00       		.string	""
 480 0161 00       		.string	""
 481 0162 00       		.string	""
 482 0163 00       		.string	""
 483 0164 00       		.string	""
 484 0165 00       		.string	""
 485 0166 00       		.string	""
 486 0167 00       		.string	""
 487 0168 00       		.string	""
 488 0169 00       		.string	""
 489 016a 00       		.string	""
 490 016b 00       		.string	""
 491 016c 00       		.string	""
 492 016d 00       		.string	""
 493 016e 00       		.string	""
 494 016f 00       		.string	""
 495 0170 00       		.string	""
 496 0171 00       		.string	""
 497 0172 00       		.string	""
 498 0173 00       		.string	""
 499 0174 00       		.string	""
 500 0175 00       		.string	""
 501 0176 00       		.string	""
 502 0177 00       		.string	""
 503 0178 00       		.string	""
 504 0179 00       		.string	""
 505 017a 00       		.string	""
 506 017b 00       		.string	""
 507 017c 00       		.string	""
 508 017d 00       		.string	""
 509 017e 00       		.string	""
GAS LISTING main.s 			page 11


 510 017f 00       		.string	""
 511 0180 00       		.string	""
 512 0181 00       		.string	""
 513 0182 00       		.string	""
 514 0183 00       		.string	""
 515 0184 00       		.string	""
 516 0185 00       		.string	""
 517 0186 00       		.string	""
 518 0187 00       		.string	""
 519 0188 00       		.string	""
 520 0189 00       		.string	""
 521 018a 00       		.string	""
 522 018b 00       		.string	""
 523 018c 00       		.string	""
 524 018d 00       		.string	""
 525 018e 00       		.string	""
 526 018f 00       		.string	""
 527 0190 00       		.string	""
 528 0191 00       		.string	""
 529 0192 00       		.string	""
 530 0193 00       		.string	""
 531 0194 00       		.string	""
 532 0195 00       		.string	""
 533 0196 00       		.string	""
 534 0197 00       		.string	""
 535 0198 00       		.string	""
 536 0199 00       		.string	""
 537 019a 00       		.string	""
 538 019b 00       		.string	""
 539 019c 00       		.string	""
 540 019d 00       		.string	""
 541 019e 00       		.string	""
 542 019f 00       		.string	""
 543 01a0 00       		.string	""
 544 01a1 00       		.string	""
 545 01a2 00       		.string	""
 546 01a3 00       		.string	""
 547 01a4 00       		.string	""
 548 01a5 00       		.string	""
 549 01a6 00       		.string	""
 550 01a7 00       		.string	""
 551 01a8 00       		.string	""
 552 01a9 00       		.string	""
 553 01aa 00       		.string	""
 554 01ab 00       		.string	""
 555 01ac 00       		.string	""
 556 01ad 00       		.string	""
 557 01ae 00       		.string	""
 558 01af 00       		.string	""
 559 01b0 00       		.string	""
 560 01b1 00       		.string	""
 561 01b2 00       		.string	""
 562 01b3 00       		.string	""
 563 01b4 00       		.string	""
 564 01b5 00       		.string	""
 565 01b6 00       		.string	""
 566 01b7 00       		.string	""
GAS LISTING main.s 			page 12


 567 01b8 00       		.string	""
 568 01b9 00       		.string	""
 569 01ba 00       		.string	""
 570 01bb 00       		.string	""
 571 01bc 00       		.string	""
 572 01bd 00       		.string	""
 573 01be 00       		.string	""
 574 01bf 00       		.string	""
 575 01c0 00       		.string	""
 576 01c1 00       		.string	""
 577 01c2 00       		.string	""
 578 01c3 00       		.string	""
 579 01c4 00       		.string	""
 580 01c5 00       		.string	""
 581 01c6 00       		.string	""
 582 01c7 00       		.string	""
 583 01c8 00       		.string	""
 584 01c9 00       		.string	""
 585 01ca 00       		.string	""
 586 01cb 00       		.string	""
 587 01cc 00       		.string	""
 588 01cd 00       		.string	""
 589 01ce 00       		.string	""
 590 01cf 00       		.string	""
 591 01d0 00       		.string	""
 592 01d1 00       		.string	""
 593 01d2 00       		.string	""
 594 01d3 00       		.string	""
 595 01d4 00       		.string	""
 596 01d5 00       		.string	""
 597 01d6 00       		.string	""
 598 01d7 00       		.string	""
 599 01d8 00       		.string	""
 600 01d9 00       		.string	""
 601 01da 00       		.string	""
 602 01db 00       		.string	""
 603 01dc 00       		.string	""
 604 01dd 00       		.string	""
 605 01de 00       		.string	""
 606 01df 00       		.string	""
 607 01e0 00       		.string	""
 608 01e1 00       		.string	""
 609 01e2 00       		.string	""
 610 01e3 00       		.string	""
 611 01e4 00       		.string	""
 612 01e5 00       		.string	""
 613 01e6 00       		.string	""
 614 01e7 00       		.string	""
 615 01e8 00       		.string	""
 616 01e9 00       		.string	""
 617 01ea 00       		.string	""
 618 01eb 00       		.string	""
 619 01ec 00       		.string	""
 620 01ed 00       		.string	""
 621 01ee 00       		.string	""
 622 01ef 00       		.string	""
 623 01f0 00       		.string	""
GAS LISTING main.s 			page 13


 624 01f1 00       		.string	""
 625 01f2 00       		.string	""
 626 01f3 00       		.string	""
 627 01f4 00       		.string	""
 628 01f5 00       		.string	""
 629 01f6 00       		.string	""
 630 01f7 00       		.string	""
 631 01f8 00       		.string	""
 632 01f9 00       		.string	""
 633 01fa 00       		.string	""
 634 01fb 00       		.string	""
 635 01fc 00       		.string	""
 636 01fd 00       		.string	""
 637 01fe 00       		.string	""
 638 01ff 00       		.string	""
 639 0200 00       		.string	""
 640 0201 00       		.string	""
 641 0202 00       		.string	""
 642 0203 00       		.string	""
 643 0204 00       		.string	""
 644 0205 00       		.string	""
 645 0206 00       		.string	""
 646 0207 00       		.string	""
 647 0208 00       		.string	""
 648 0209 00       		.string	""
 649 020a 00       		.string	""
 650 020b 00       		.string	""
 651 020c 00       		.string	""
 652 020d 00       		.string	""
 653 020e 00       		.string	""
 654 020f 00       		.string	""
 655 0210 00       		.string	""
 656 0211 10101010 		.string	"\020\020\020\020\020\020\020\020\020"
 656      10101010 
 656      1000
 657 021b 00       		.string	""
 658 021c 101000   		.string	"\020\020"
 659 021f 00       		.string	""
 660 0220 28282800 		.string	"((("
 661 0224 00       		.string	""
 662 0225 00       		.string	""
 663 0226 00       		.string	""
 664 0227 00       		.string	""
 665 0228 00       		.string	""
 666 0229 00       		.string	""
 667 022a 00       		.string	""
 668 022b 00       		.string	""
 669 022c 00       		.string	""
 670 022d 00       		.string	""
 671 022e 00       		.string	""
 672 022f 00       		.string	""
 673 0230 00       		.string	""
 674 0231 444444FE 		.string	"DDD\376DDDDD\376DDD"
 674      44444444 
 674      44FE4444 
 674      4400
 675 023f 00       		.string	""
GAS LISTING main.s 			page 14


 676 0240 103A5692 		.ascii	"\020:V\222\222\220P8\024\022\222\222\324\270\020\020"
 676      92905038 
 676      14129292 
 676      D4B81010 
 677 0250 62929494 		.string	"b\222\224\224h\b\020\020 ,RR\222\214"
 677      68081010 
 677      202C5252 
 677      928C00
 678 025f 00       		.string	""
 679 0260 00       		.string	""
 680 0261 70888888 		.string	"p\210\210\210\220`G\242\222\212\204F9"
 680      906047A2 
 680      928A8446 
 680      3900
 681 026f 00       		.string	""
 682 0270 04081000 		.string	"\004\b\020"
 683 0274 00       		.string	""
 684 0275 00       		.string	""
 685 0276 00       		.string	""
 686 0277 00       		.string	""
 687 0278 00       		.string	""
 688 0279 00       		.string	""
 689 027a 00       		.string	""
 690 027b 00       		.string	""
 691 027c 00       		.string	""
 692 027d 00       		.string	""
 693 027e 00       		.string	""
 694 027f 00       		.string	""
 695 0280 02040808 		.string	"\002\004\b\b\020\020\020\020\020\020\020\b\b\004\002"
 695      10101010 
 695      10101008 
 695      08040200 
 696 0290 80402020 		.string	"\200@  \020\020\020\020\020\020\020  @\200"
 696      10101010 
 696      10101020 
 696      20408000 
 697 02a0 00       		.string	""
 698 02a1 00       		.string	""
 699 02a2 00       		.string	""
 700 02a3 00       		.string	""
 701 02a4 00       		.string	""
 702 02a5 10925438 		.string	"\020\222T8T\222\020"
 702      54921000 
 703 02ad 00       		.string	""
 704 02ae 00       		.string	""
 705 02af 00       		.string	""
 706 02b0 00       		.string	""
 707 02b1 00       		.string	""
 708 02b2 00       		.string	""
 709 02b3 00       		.string	""
 710 02b4 00       		.string	""
 711 02b5 101010FE 		.string	"\020\020\020\376\020\020\020"
 711      10101000 
 712 02bd 00       		.string	""
 713 02be 00       		.string	""
 714 02bf 00       		.string	""
 715 02c0 00       		.string	""
GAS LISTING main.s 			page 15


 716 02c1 00       		.string	""
 717 02c2 00       		.string	""
 718 02c3 00       		.string	""
 719 02c4 00       		.string	""
 720 02c5 00       		.string	""
 721 02c6 00       		.string	""
 722 02c7 00       		.string	""
 723 02c8 00       		.string	""
 724 02c9 00       		.string	""
 725 02ca 00       		.string	""
 726 02cb 18180808 		.ascii	"\030\030\b\b\020"
 726      10
 727 02d0 00       		.string	""
 728 02d1 00       		.string	""
 729 02d2 00       		.string	""
 730 02d3 00       		.string	""
 731 02d4 00       		.string	""
 732 02d5 00       		.string	""
 733 02d6 00       		.string	""
 734 02d7 00       		.string	""
 735 02d8 FE00     		.string	"\376"
 736 02da 00       		.string	""
 737 02db 00       		.string	""
 738 02dc 00       		.string	""
 739 02dd 00       		.string	""
 740 02de 00       		.string	""
 741 02df 00       		.string	""
 742 02e0 00       		.string	""
 743 02e1 00       		.string	""
 744 02e2 00       		.string	""
 745 02e3 00       		.string	""
 746 02e4 00       		.string	""
 747 02e5 00       		.string	""
 748 02e6 00       		.string	""
 749 02e7 00       		.string	""
 750 02e8 00       		.string	""
 751 02e9 00       		.string	""
 752 02ea 00       		.string	""
 753 02eb 00       		.string	""
 754 02ec 181800   		.string	"\030\030"
 755 02ef 00       		.string	""
 756 02f0 02020404 		.ascii	"\002\002\004\004\b\b\b\020\020  @@@\200\200"
 756      08080810 
 756      10202040 
 756      40408080 
 757 0300 00       		.string	""
 758 0301 18242442 		.string	"\030$$BBBBBBB$$\030"
 758      42424242 
 758      42422424 
 758      1800
 759 030f 00       		.string	""
 760 0310 00       		.string	""
 761 0311 08182808 		.string	"\b\030(\b\b\b\b\b\b\b\b\b>"
 761      08080808 
 761      08080808 
 761      3E00
 762 031f 00       		.string	""
GAS LISTING main.s 			page 16


 763 0320 00       		.string	""
 764 0321 18244242 		.string	"\030$BB\002\004\b\020  @@~"
 764      02040810 
 764      20204040 
 764      7E00
 765 032f 00       		.string	""
 766 0330 00       		.string	""
 767 0331 18244202 		.string	"\030$B\002\002\004\030\004\002\002B$\030"
 767      02041804 
 767      02024224 
 767      1800
 768 033f 00       		.string	""
 769 0340 00       		.string	""
 770 0341 0C0C0C14 		.string	"\f\f\f\024\024\024$$D~\004\004\036"
 770      14142424 
 770      447E0404 
 770      1E00
 771 034f 00       		.string	""
 772 0350 00       		.string	""
 773 0351 7C404040 		.string	"|@@@Xd\002\002\002\002B$\030"
 773      58640202 
 773      02024224 
 773      1800
 774 035f 00       		.string	""
 775 0360 00       		.string	""
 776 0361 18244240 		.string	"\030$B@XdBBBBB$\030"
 776      58644242 
 776      42424224 
 776      1800
 777 036f 00       		.string	""
 778 0370 00       		.string	""
 779 0371 7E424204 		.string	"~BB\004\004\b\b\b\020\020\020\0208"
 779      04080808 
 779      10101010 
 779      3800
 780 037f 00       		.string	""
 781 0380 00       		.string	""
 782 0381 18244242 		.string	"\030$BBB$\030$BBB$\030"
 782      42241824 
 782      42424224 
 782      1800
 783 038f 00       		.string	""
 784 0390 00       		.string	""
 785 0391 18244242 		.string	"\030$BBBBB&\032\002B$\030"
 785      42424226 
 785      1A024224 
 785      1800
 786 039f 00       		.string	""
 787 03a0 00       		.string	""
 788 03a1 00       		.string	""
 789 03a2 00       		.string	""
 790 03a3 00       		.string	""
 791 03a4 00       		.string	""
 792 03a5 181800   		.string	"\030\030"
 793 03a8 00       		.string	""
 794 03a9 00       		.string	""
 795 03aa 00       		.string	""
GAS LISTING main.s 			page 17


 796 03ab 00       		.string	""
 797 03ac 181800   		.string	"\030\030"
 798 03af 00       		.string	""
 799 03b0 00       		.string	""
 800 03b1 00       		.string	""
 801 03b2 00       		.string	""
 802 03b3 00       		.string	""
 803 03b4 00       		.string	""
 804 03b5 181800   		.string	"\030\030"
 805 03b8 00       		.string	""
 806 03b9 00       		.string	""
 807 03ba 00       		.string	""
 808 03bb 18180808 		.ascii	"\030\030\b\b\020"
 808      10
 809 03c0 00       		.string	""
 810 03c1 02040810 		.string	"\002\004\b\020 @\200\200@ \020\b\004\002"
 810      20408080 
 810      40201008 
 810      040200
 811 03d0 00       		.string	""
 812 03d1 00       		.string	""
 813 03d2 00       		.string	""
 814 03d3 00       		.string	""
 815 03d4 00       		.string	""
 816 03d5 00       		.string	""
 817 03d6 FE00     		.string	"\376"
 818 03d8 00       		.string	""
 819 03d9 FE00     		.string	"\376"
 820 03db 00       		.string	""
 821 03dc 00       		.string	""
 822 03dd 00       		.string	""
 823 03de 00       		.string	""
 824 03df 00       		.string	""
 825 03e0 00       		.string	""
 826 03e1 80402010 		.string	"\200@ \020\b\004\002\002\004\b\020 @\200"
 826      08040202 
 826      04081020 
 826      408000
 827 03f0 00       		.string	""
 828 03f1 38448282 		.string	"8D\202\202\202\004\b\020\020"
 828      82040810 
 828      1000
 829 03fb 00       		.string	""
 830 03fc 181800   		.string	"\030\030"
 831 03ff 00       		.string	""
 832 0400 00       		.string	""
 833 0401 3844829A 		.string	"8D\202\232\252\252\252\252\252\234\200F8"
 833      AAAAAAAA 
 833      AA9C8046 
 833      3800
 834 040f 00       		.string	""
 835 0410 00       		.string	""
 836 0411 18181818 		.string	"\030\030\030\030$$$$~BBB\347"
 836      24242424 
 836      7E424242 
 836      E700
 837 041f 00       		.string	""
GAS LISTING main.s 			page 18


 838 0420 00       		.string	""
 839 0421 F0484444 		.string	"\360HDDDHxDBBBD\370"
 839      44487844 
 839      42424244 
 839      F800
 840 042f 00       		.string	""
 841 0430 00       		.string	""
 842 0431 3A464282 		.string	":FB\202\200\200\200\200\200\202BD8"
 842      80808080 
 842      80824244 
 842      3800
 843 043f 00       		.string	""
 844 0440 00       		.string	""
 845 0441 F8444442 		.string	"\370DDBBBBBBBDD\370"
 845      42424242 
 845      42424444 
 845      F800
 846 044f 00       		.string	""
 847 0450 00       		.string	""
 848 0451 FE424240 		.string	"\376BB@@D|D@@BB\376"
 848      40447C44 
 848      40404242 
 848      FE00
 849 045f 00       		.string	""
 850 0460 00       		.string	""
 851 0461 FE424240 		.string	"\376BB@@D|DD@@@\360"
 851      40447C44 
 851      44404040 
 851      F000
 852 046f 00       		.string	""
 853 0470 00       		.string	""
 854 0471 3A464282 		.string	":FB\202\200\200\236\202\202\202BF8"
 854      80809E82 
 854      82824246 
 854      3800
 855 047f 00       		.string	""
 856 0480 00       		.string	""
 857 0481 E7424242 		.string	"\347BBBBB~BBBBB\347"
 857      42427E42 
 857      42424242 
 857      E700
 858 048f 00       		.string	""
 859 0490 00       		.string	""
 860 0491 7C101010 		.string	"|\020\020\020\020\020\020\020\020\020\020\020|"
 860      10101010 
 860      10101010 
 860      7C00
 861 049f 00       		.string	""
 862 04a0 00       		.string	""
 863 04a1 1F040404 		.string	"\037\004\004\004\004\004\004\004\004\004\004\204H0"
 863      04040404 
 863      04040484 
 863      483000
 864 04b0 00       		.string	""
 865 04b1 E7424448 		.string	"\347BDHPP`PPHDB\347"
 865      50506050 
 865      50484442 
GAS LISTING main.s 			page 19


 865      E700
 866 04bf 00       		.string	""
 867 04c0 00       		.string	""
 868 04c1 F0404040 		.string	"\360@@@@@@@@@BB\376"
 868      40404040 
 868      40404242 
 868      FE00
 869 04cf 00       		.string	""
 870 04d0 00       		.string	""
 871 04d1 C3426666 		.string	"\303BfffZZZBBBB\347"
 871      665A5A5A 
 871      42424242 
 871      E700
 872 04df 00       		.string	""
 873 04e0 00       		.string	""
 874 04e1 C7426262 		.string	"\307BbbRRRJJJFF\342"
 874      5252524A 
 874      4A4A4646 
 874      E200
 875 04ef 00       		.string	""
 876 04f0 00       		.string	""
 877 04f1 38448282 		.string	"8D\202\202\202\202\202\202\202\202\202D8"
 877      82828282 
 877      82828244 
 877      3800
 878 04ff 00       		.string	""
 879 0500 00       		.string	""
 880 0501 F8444242 		.string	"\370DBBBDx@@@@@\360"
 880      42447840 
 880      40404040 
 880      F000
 881 050f 00       		.string	""
 882 0510 00       		.string	""
 883 0511 38448282 		.string	"8D\202\202\202\202\202\202\202\222\212D:"
 883      82828282 
 883      82928A44 
 883      3A00
 884 051f 00       		.string	""
 885 0520 00       		.string	""
 886 0521 FC424242 		.string	"\374BBBB|DBBBBB\347"
 886      427C4442 
 886      42424242 
 886      E700
 887 052f 00       		.string	""
 888 0530 00       		.string	""
 889 0531 3A468282 		.string	":F\202\202\200@8\004\002\202\202\304\270"
 889      80403804 
 889      028282C4 
 889      B800
 890 053f 00       		.string	""
 891 0540 00       		.string	""
 892 0541 FE929210 		.string	"\376\222\222\020\020\020\020\020\020\020\020\020|"
 892      10101010 
 892      10101010 
 892      7C00
 893 054f 00       		.string	""
 894 0550 00       		.string	""
GAS LISTING main.s 			page 20


 895 0551 E7424242 		.string	"\347BBBBBBBBBB$<"
 895      42424242 
 895      42424224 
 895      3C00
 896 055f 00       		.string	""
 897 0560 00       		.string	""
 898 0561 E7424242 		.string	"\347BBBB$$$$\030\030\030\030"
 898      42242424 
 898      24181818 
 898      1800
 899 056f 00       		.string	""
 900 0570 00       		.string	""
 901 0571 E7424242 		.string	"\347BBBZZZZ$$$$$"
 901      5A5A5A5A 
 901      24242424 
 901      2400
 902 057f 00       		.string	""
 903 0580 00       		.string	""
 904 0581 E7424224 		.string	"\347BB$$$\030$$$BB\347"
 904      24241824 
 904      24244242 
 904      E700
 905 058f 00       		.string	""
 906 0590 00       		.string	""
 907 0591 EE444444 		.string	"\356DDD(((\020\020\020\020\020|"
 907      28282810 
 907      10101010 
 907      7C00
 908 059f 00       		.string	""
 909 05a0 00       		.string	""
 910 05a1 FE848408 		.string	"\376\204\204\b\b\020\020  @B\202\376"
 910      08101020 
 910      20404282 
 910      FE00
 911 05af 00       		.string	""
 912 05b0 00       		.string	""
 913 05b1 3E202020 		.string	">            >"
 913      20202020 
 913      20202020 
 913      203E00
 914 05c0 80804040 		.ascii	"\200\200@@   \020\020\b\b\004\004\004\002\002"
 914      20202010 
 914      10080804 
 914      04040202 
 915 05d0 00       		.string	""
 916 05d1 7C040404 		.string	"|\004\004\004\004\004\004\004\004\004\004\004\004|"
 916      04040404 
 916      04040404 
 916      047C00
 917 05e0 00       		.string	""
 918 05e1 10284482 		.string	"\020(D\202"
 918      00
 919 05e6 00       		.string	""
 920 05e7 00       		.string	""
 921 05e8 00       		.string	""
 922 05e9 00       		.string	""
 923 05ea 00       		.string	""
GAS LISTING main.s 			page 21


 924 05eb 00       		.string	""
 925 05ec 00       		.string	""
 926 05ed 00       		.string	""
 927 05ee 00       		.string	""
 928 05ef 00       		.string	""
 929 05f0 00       		.string	""
 930 05f1 00       		.string	""
 931 05f2 00       		.string	""
 932 05f3 00       		.string	""
 933 05f4 00       		.string	""
 934 05f5 00       		.string	""
 935 05f6 00       		.string	""
 936 05f7 00       		.string	""
 937 05f8 00       		.string	""
 938 05f9 00       		.string	""
 939 05fa 00       		.string	""
 940 05fb 00       		.string	""
 941 05fc 00       		.string	""
 942 05fd 00       		.string	""
 943 05fe FE00     		.string	"\376"
 944 0600 10080400 		.string	"\020\b\004"
 945 0604 00       		.string	""
 946 0605 00       		.string	""
 947 0606 00       		.string	""
 948 0607 00       		.string	""
 949 0608 00       		.string	""
 950 0609 00       		.string	""
 951 060a 00       		.string	""
 952 060b 00       		.string	""
 953 060c 00       		.string	""
 954 060d 00       		.string	""
 955 060e 00       		.string	""
 956 060f 00       		.string	""
 957 0610 00       		.string	""
 958 0611 00       		.string	""
 959 0612 00       		.string	""
 960 0613 00       		.string	""
 961 0614 00       		.string	""
 962 0615 7008043C 		.string	"p\b\004<D\204\204\214v"
 962      4484848C 
 962      7600
 963 061f 00       		.string	""
 964 0620 C0404040 		.string	"\300@@@@XdBBBBBdX"
 964      40586442 
 964      42424242 
 964      645800
 965 062f 00       		.string	""
 966 0630 00       		.string	""
 967 0631 00       		.string	""
 968 0632 00       		.string	""
 969 0633 00       		.string	""
 970 0634 00       		.string	""
 971 0635 304C8484 		.string	"0L\204\204\200\200\202D8"
 971      80808244 
 971      3800
 972 063f 00       		.string	""
 973 0640 0C040404 		.string	"\f\004\004\004\0044L\204\204\204\204\204L6"
GAS LISTING main.s 			page 22


 973      04344C84 
 973      84848484 
 973      4C3600
 974 064f 00       		.string	""
 975 0650 00       		.string	""
 976 0651 00       		.string	""
 977 0652 00       		.string	""
 978 0653 00       		.string	""
 979 0654 00       		.string	""
 980 0655 38448282 		.string	"8D\202\202\374\200\202B<"
 980      FC808242 
 980      3C00
 981 065f 00       		.string	""
 982 0660 0E101010 		.string	"\016\020\020\020\020|\020\020\020\020\020\020\020|"
 982      107C1010 
 982      10101010 
 982      107C00
 983 066f 00       		.string	""
 984 0670 00       		.string	""
 985 0671 00       		.string	""
 986 0672 00       		.string	""
 987 0673 00       		.string	""
 988 0674 00       		.string	""
 989 0675 364C8484 		.ascii	"6L\204\204\204\204L4\004\0048"
 989      84844C34 
 989      040438
 990 0680 C0404040 		.string	"\300@@@@XdBBBBBB\343"
 990      40586442 
 990      42424242 
 990      42E300
 991 068f 00       		.string	""
 992 0690 00       		.string	""
 993 0691 101000   		.string	"\020\020"
 994 0694 00       		.string	""
 995 0695 30101010 		.string	"0\020\020\020\020\020\020\0208"
 995      10101010 
 995      3800
 996 069f 00       		.string	""
 997 06a0 00       		.string	""
 998 06a1 040400   		.string	"\004\004"
 999 06a4 00       		.string	""
 1000 06a5 0C040404 		.ascii	"\f\004\004\004\004\004\004\004\b\b0"
 1000      04040404 
 1000      080830
 1001 06b0 C0404040 		.string	"\300@@@@NDHP`PHD\346"
 1001      404E4448 
 1001      50605048 
 1001      44E600
 1002 06bf 00       		.string	""
 1003 06c0 30101010 		.string	"0\020\020\020\020\020\020\020\020\020\020\020\0208"
 1003      10101010 
 1003      10101010 
 1003      103800
 1004 06cf 00       		.string	""
 1005 06d0 00       		.string	""
 1006 06d1 00       		.string	""
 1007 06d2 00       		.string	""
GAS LISTING main.s 			page 23


 1008 06d3 00       		.string	""
 1009 06d4 00       		.string	""
 1010 06d5 F6494949 		.string	"\366IIIIIII\333"
 1010      49494949 
 1010      DB00
 1011 06df 00       		.string	""
 1012 06e0 00       		.string	""
 1013 06e1 00       		.string	""
 1014 06e2 00       		.string	""
 1015 06e3 00       		.string	""
 1016 06e4 00       		.string	""
 1017 06e5 D8644242 		.string	"\330dBBBBBB\343"
 1017      42424242 
 1017      E300
 1018 06ef 00       		.string	""
 1019 06f0 00       		.string	""
 1020 06f1 00       		.string	""
 1021 06f2 00       		.string	""
 1022 06f3 00       		.string	""
 1023 06f4 00       		.string	""
 1024 06f5 38448282 		.string	"8D\202\202\202\202\202D8"
 1024      82828244 
 1024      3800
 1025 06ff 00       		.string	""
 1026 0700 00       		.string	""
 1027 0701 00       		.string	""
 1028 0702 00       		.string	""
 1029 0703 00       		.string	""
 1030 0704 D8644242 		.ascii	"\330dBBBBBdX@@\340"
 1030      42424264 
 1030      584040E0 
 1031 0710 00       		.string	""
 1032 0711 00       		.string	""
 1033 0712 00       		.string	""
 1034 0713 00       		.string	""
 1035 0714 344C8484 		.ascii	"4L\204\204\204\204\204L4\004\004\016"
 1035      8484844C 
 1035      3404040E 
 1036 0720 00       		.string	""
 1037 0721 00       		.string	""
 1038 0722 00       		.string	""
 1039 0723 00       		.string	""
 1040 0724 00       		.string	""
 1041 0725 DC624240 		.string	"\334bB@@@@@\340"
 1041      40404040 
 1041      E000
 1042 072f 00       		.string	""
 1043 0730 00       		.string	""
 1044 0731 00       		.string	""
 1045 0732 00       		.string	""
 1046 0733 00       		.string	""
 1047 0734 00       		.string	""
 1048 0735 7A8682C0 		.string	"z\206\202\3008\006\202\302\274"
 1048      380682C2 
 1048      BC00
 1049 073f 00       		.string	""
 1050 0740 00       		.string	""
GAS LISTING main.s 			page 24


 1051 0741 00       		.string	""
 1052 0742 1010107C 		.string	"\020\020\020|\020\020\020\020\020\020\020\016"
 1052      10101010 
 1052      1010100E 
 1052      00
 1053 074f 00       		.string	""
 1054 0750 00       		.string	""
 1055 0751 00       		.string	""
 1056 0752 00       		.string	""
 1057 0753 00       		.string	""
 1058 0754 00       		.string	""
 1059 0755 C6424242 		.string	"\306BBBBBBF;"
 1059      42424246 
 1059      3B00
 1060 075f 00       		.string	""
 1061 0760 00       		.string	""
 1062 0761 00       		.string	""
 1063 0762 00       		.string	""
 1064 0763 00       		.string	""
 1065 0764 00       		.string	""
 1066 0765 E7424242 		.string	"\347BBB$$$\030\030"
 1066      24242418 
 1066      1800
 1067 076f 00       		.string	""
 1068 0770 00       		.string	""
 1069 0771 00       		.string	""
 1070 0772 00       		.string	""
 1071 0773 00       		.string	""
 1072 0774 00       		.string	""
 1073 0775 E742425A 		.string	"\347BBZZZ$$$"
 1073      5A5A2424 
 1073      2400
 1074 077f 00       		.string	""
 1075 0780 00       		.string	""
 1076 0781 00       		.string	""
 1077 0782 00       		.string	""
 1078 0783 00       		.string	""
 1079 0784 00       		.string	""
 1080 0785 C6442828 		.string	"\306D((\020((D\306"
 1080      10282844 
 1080      C600
 1081 078f 00       		.string	""
 1082 0790 00       		.string	""
 1083 0791 00       		.string	""
 1084 0792 00       		.string	""
 1085 0793 00       		.string	""
 1086 0794 00       		.string	""
 1087 0795 E7424224 		.ascii	"\347BB$$$\030\030\020\020`"
 1087      24241818 
 1087      101060
 1088 07a0 00       		.string	""
 1089 07a1 00       		.string	""
 1090 07a2 00       		.string	""
 1091 07a3 00       		.string	""
 1092 07a4 00       		.string	""
 1093 07a5 FE828408 		.string	"\376\202\204\b\020 B\202\376"
 1093      10204282 
GAS LISTING main.s 			page 25


 1093      FE00
 1094 07af 00       		.string	""
 1095 07b0 00       		.string	""
 1096 07b1 06081010 		.string	"\006\b\020\020\020\020`\020\020\020\020\b\006"
 1096      10106010 
 1096      10101008 
 1096      0600
 1097 07bf 00       		.string	""
 1098 07c0 10101010 		.ascii	"\020\020\020\020\020\020\020\020\020\020\020\020\020\020\020"
 1098      10101010 
 1098      10101010 
 1098      101010
 1099 07cf 10       		.ascii	"\020"
 1100 07d0 00       		.string	""
 1101 07d1 60100808 		.string	"`\020\b\b\b\b\006\b\b\b\b\020`"
 1101      08080608 
 1101      08080810 
 1101      6000
 1102 07df 00       		.string	""
 1103 07e0 00       		.string	""
 1104 07e1 728C00   		.string	"r\214"
 1105 07e4 00       		.string	""
 1106 07e5 00       		.string	""
 1107 07e6 00       		.string	""
 1108 07e7 00       		.string	""
 1109 07e8 00       		.string	""
 1110 07e9 00       		.string	""
 1111 07ea 00       		.string	""
 1112 07eb 00       		.string	""
 1113 07ec 00       		.string	""
 1114 07ed 00       		.string	""
 1115 07ee 00       		.string	""
 1116 07ef 00       		.string	""
 1117 07f0 00       		.string	""
 1118 07f1 00       		.string	""
 1119 07f2 00       		.string	""
 1120 07f3 00       		.string	""
 1121 07f4 00       		.string	""
 1122 07f5 00       		.string	""
 1123 07f6 00       		.string	""
 1124 07f7 00       		.string	""
 1125 07f8 00       		.string	""
 1126 07f9 00       		.string	""
 1127 07fa 00       		.string	""
 1128 07fb 00       		.string	""
 1129 07fc 00       		.string	""
 1130 07fd 00       		.string	""
 1131 07fe 00       		.string	""
 1132 07ff 00       		.string	""
 1133 0800 00       		.string	""
 1134 0801 00       		.string	""
 1135 0802 00       		.string	""
 1136 0803 00       		.string	""
 1137 0804 00       		.string	""
 1138 0805 00       		.string	""
 1139 0806 00       		.string	""
 1140 0807 00       		.string	""
GAS LISTING main.s 			page 26


 1141 0808 00       		.string	""
 1142 0809 00       		.string	""
 1143 080a 00       		.string	""
 1144 080b 00       		.string	""
 1145 080c 00       		.string	""
 1146 080d 00       		.string	""
 1147 080e 00       		.string	""
 1148 080f 00       		.string	""
 1149 0810 00       		.string	""
 1150 0811 00       		.string	""
 1151 0812 00       		.string	""
 1152 0813 00       		.string	""
 1153 0814 00       		.string	""
 1154 0815 00       		.string	""
 1155 0816 00       		.string	""
 1156 0817 00       		.string	""
 1157 0818 00       		.string	""
 1158 0819 00       		.string	""
 1159 081a 00       		.string	""
 1160 081b 00       		.string	""
 1161 081c 00       		.string	""
 1162 081d 00       		.string	""
 1163 081e 00       		.string	""
 1164 081f 00       		.string	""
 1165 0820 00       		.string	""
 1166 0821 00       		.string	""
 1167 0822 00       		.string	""
 1168 0823 00       		.string	""
 1169 0824 00       		.string	""
 1170 0825 00       		.string	""
 1171 0826 00       		.string	""
 1172 0827 00       		.string	""
 1173 0828 00       		.string	""
 1174 0829 00       		.string	""
 1175 082a 00       		.string	""
 1176 082b 00       		.string	""
 1177 082c 00       		.string	""
 1178 082d 00       		.string	""
 1179 082e 00       		.string	""
 1180 082f 00       		.string	""
 1181 0830 00       		.string	""
 1182 0831 00       		.string	""
 1183 0832 00       		.string	""
 1184 0833 00       		.string	""
 1185 0834 00       		.string	""
 1186 0835 00       		.string	""
 1187 0836 00       		.string	""
 1188 0837 00       		.string	""
 1189 0838 00       		.string	""
 1190 0839 00       		.string	""
 1191 083a 00       		.string	""
 1192 083b 00       		.string	""
 1193 083c 00       		.string	""
 1194 083d 00       		.string	""
 1195 083e 00       		.string	""
 1196 083f 00       		.string	""
 1197 0840 00       		.string	""
GAS LISTING main.s 			page 27


 1198 0841 00       		.string	""
 1199 0842 00       		.string	""
 1200 0843 00       		.string	""
 1201 0844 00       		.string	""
 1202 0845 00       		.string	""
 1203 0846 00       		.string	""
 1204 0847 00       		.string	""
 1205 0848 00       		.string	""
 1206 0849 00       		.string	""
 1207 084a 00       		.string	""
 1208 084b 00       		.string	""
 1209 084c 00       		.string	""
 1210 084d 00       		.string	""
 1211 084e 00       		.string	""
 1212 084f 00       		.string	""
 1213 0850 00       		.string	""
 1214 0851 00       		.string	""
 1215 0852 00       		.string	""
 1216 0853 00       		.string	""
 1217 0854 00       		.string	""
 1218 0855 00       		.string	""
 1219 0856 00       		.string	""
 1220 0857 00       		.string	""
 1221 0858 00       		.string	""
 1222 0859 00       		.string	""
 1223 085a 00       		.string	""
 1224 085b 00       		.string	""
 1225 085c 00       		.string	""
 1226 085d 00       		.string	""
 1227 085e 00       		.string	""
 1228 085f 00       		.string	""
 1229 0860 00       		.string	""
 1230 0861 00       		.string	""
 1231 0862 00       		.string	""
 1232 0863 00       		.string	""
 1233 0864 00       		.string	""
 1234 0865 00       		.string	""
 1235 0866 00       		.string	""
 1236 0867 00       		.string	""
 1237 0868 00       		.string	""
 1238 0869 00       		.string	""
 1239 086a 00       		.string	""
 1240 086b 00       		.string	""
 1241 086c 00       		.string	""
 1242 086d 00       		.string	""
 1243 086e 00       		.string	""
 1244 086f 00       		.string	""
 1245 0870 00       		.string	""
 1246 0871 00       		.string	""
 1247 0872 00       		.string	""
 1248 0873 00       		.string	""
 1249 0874 00       		.string	""
 1250 0875 00       		.string	""
 1251 0876 00       		.string	""
 1252 0877 00       		.string	""
 1253 0878 00       		.string	""
 1254 0879 00       		.string	""
GAS LISTING main.s 			page 28


 1255 087a 00       		.string	""
 1256 087b 00       		.string	""
 1257 087c 00       		.string	""
 1258 087d 00       		.string	""
 1259 087e 00       		.string	""
 1260 087f 00       		.string	""
 1261 0880 00       		.string	""
 1262 0881 00       		.string	""
 1263 0882 00       		.string	""
 1264 0883 00       		.string	""
 1265 0884 00       		.string	""
 1266 0885 00       		.string	""
 1267 0886 00       		.string	""
 1268 0887 00       		.string	""
 1269 0888 00       		.string	""
 1270 0889 00       		.string	""
 1271 088a 00       		.string	""
 1272 088b 00       		.string	""
 1273 088c 00       		.string	""
 1274 088d 00       		.string	""
 1275 088e 00       		.string	""
 1276 088f 00       		.string	""
 1277 0890 00       		.string	""
 1278 0891 00       		.string	""
 1279 0892 00       		.string	""
 1280 0893 00       		.string	""
 1281 0894 00       		.string	""
 1282 0895 00       		.string	""
 1283 0896 00       		.string	""
 1284 0897 00       		.string	""
 1285 0898 00       		.string	""
 1286 0899 00       		.string	""
 1287 089a 00       		.string	""
 1288 089b 00       		.string	""
 1289 089c 00       		.string	""
 1290 089d 00       		.string	""
 1291 089e 00       		.string	""
 1292 089f 00       		.string	""
 1293 08a0 00       		.string	""
 1294 08a1 00       		.string	""
 1295 08a2 00       		.string	""
 1296 08a3 00       		.string	""
 1297 08a4 00       		.string	""
 1298 08a5 00       		.string	""
 1299 08a6 00       		.string	""
 1300 08a7 00       		.string	""
 1301 08a8 00       		.string	""
 1302 08a9 00       		.string	""
 1303 08aa 00       		.string	""
 1304 08ab 00       		.string	""
 1305 08ac 00       		.string	""
 1306 08ad 00       		.string	""
 1307 08ae 00       		.string	""
 1308 08af 00       		.string	""
 1309 08b0 00       		.string	""
 1310 08b1 00       		.string	""
 1311 08b2 00       		.string	""
GAS LISTING main.s 			page 29


 1312 08b3 00       		.string	""
 1313 08b4 00       		.string	""
 1314 08b5 00       		.string	""
 1315 08b6 00       		.string	""
 1316 08b7 00       		.string	""
 1317 08b8 00       		.string	""
 1318 08b9 00       		.string	""
 1319 08ba 00       		.string	""
 1320 08bb 00       		.string	""
 1321 08bc 00       		.string	""
 1322 08bd 00       		.string	""
 1323 08be 00       		.string	""
 1324 08bf 00       		.string	""
 1325 08c0 00       		.string	""
 1326 08c1 00       		.string	""
 1327 08c2 00       		.string	""
 1328 08c3 00       		.string	""
 1329 08c4 00       		.string	""
 1330 08c5 00       		.string	""
 1331 08c6 00       		.string	""
 1332 08c7 00       		.string	""
 1333 08c8 00       		.string	""
 1334 08c9 00       		.string	""
 1335 08ca 00       		.string	""
 1336 08cb 00       		.string	""
 1337 08cc 00       		.string	""
 1338 08cd 00       		.string	""
 1339 08ce 00       		.string	""
 1340 08cf 00       		.string	""
 1341 08d0 00       		.string	""
 1342 08d1 00       		.string	""
 1343 08d2 00       		.string	""
 1344 08d3 00       		.string	""
 1345 08d4 00       		.string	""
 1346 08d5 00       		.string	""
 1347 08d6 00       		.string	""
 1348 08d7 00       		.string	""
 1349 08d8 00       		.string	""
 1350 08d9 00       		.string	""
 1351 08da 00       		.string	""
 1352 08db 00       		.string	""
 1353 08dc 00       		.string	""
 1354 08dd 00       		.string	""
 1355 08de 00       		.string	""
 1356 08df 00       		.string	""
 1357 08e0 00       		.string	""
 1358 08e1 00       		.string	""
 1359 08e2 00       		.string	""
 1360 08e3 00       		.string	""
 1361 08e4 00       		.string	""
 1362 08e5 00       		.string	""
 1363 08e6 00       		.string	""
 1364 08e7 00       		.string	""
 1365 08e8 00       		.string	""
 1366 08e9 00       		.string	""
 1367 08ea 00       		.string	""
 1368 08eb 00       		.string	""
GAS LISTING main.s 			page 30


 1369 08ec 00       		.string	""
 1370 08ed 00       		.string	""
 1371 08ee 00       		.string	""
 1372 08ef 00       		.string	""
 1373 08f0 00       		.string	""
 1374 08f1 00       		.string	""
 1375 08f2 00       		.string	""
 1376 08f3 00       		.string	""
 1377 08f4 00       		.string	""
 1378 08f5 00       		.string	""
 1379 08f6 00       		.string	""
 1380 08f7 00       		.string	""
 1381 08f8 00       		.string	""
 1382 08f9 00       		.string	""
 1383 08fa 00       		.string	""
 1384 08fb 00       		.string	""
 1385 08fc 00       		.string	""
 1386 08fd 00       		.string	""
 1387 08fe 00       		.string	""
 1388 08ff 00       		.string	""
 1389 0900 00       		.string	""
 1390 0901 00       		.string	""
 1391 0902 00       		.string	""
 1392 0903 00       		.string	""
 1393 0904 00       		.string	""
 1394 0905 00       		.string	""
 1395 0906 00       		.string	""
 1396 0907 00       		.string	""
 1397 0908 00       		.string	""
 1398 0909 00       		.string	""
 1399 090a 00       		.string	""
 1400 090b 00       		.string	""
 1401 090c 00       		.string	""
 1402 090d 00       		.string	""
 1403 090e 00       		.string	""
 1404 090f 00       		.string	""
 1405 0910 00       		.string	""
 1406 0911 00       		.string	""
 1407 0912 00       		.string	""
 1408 0913 00       		.string	""
 1409 0914 00       		.string	""
 1410 0915 00       		.string	""
 1411 0916 00       		.string	""
 1412 0917 00       		.string	""
 1413 0918 00       		.string	""
 1414 0919 00       		.string	""
 1415 091a 00       		.string	""
 1416 091b 00       		.string	""
 1417 091c 00       		.string	""
 1418 091d 00       		.string	""
 1419 091e 00       		.string	""
 1420 091f 00       		.string	""
 1421 0920 00       		.string	""
 1422 0921 00       		.string	""
 1423 0922 00       		.string	""
 1424 0923 00       		.string	""
 1425 0924 00       		.string	""
GAS LISTING main.s 			page 31


 1426 0925 00       		.string	""
 1427 0926 00       		.string	""
 1428 0927 00       		.string	""
 1429 0928 00       		.string	""
 1430 0929 00       		.string	""
 1431 092a 00       		.string	""
 1432 092b 00       		.string	""
 1433 092c 00       		.string	""
 1434 092d 00       		.string	""
 1435 092e 00       		.string	""
 1436 092f 00       		.string	""
 1437 0930 00       		.string	""
 1438 0931 00       		.string	""
 1439 0932 00       		.string	""
 1440 0933 00       		.string	""
 1441 0934 00       		.string	""
 1442 0935 00       		.string	""
 1443 0936 00       		.string	""
 1444 0937 00       		.string	""
 1445 0938 00       		.string	""
 1446 0939 00       		.string	""
 1447 093a 00       		.string	""
 1448 093b 00       		.string	""
 1449 093c 00       		.string	""
 1450 093d 00       		.string	""
 1451 093e 00       		.string	""
 1452 093f 00       		.string	""
 1453 0940 00       		.string	""
 1454 0941 00       		.string	""
 1455 0942 00       		.string	""
 1456 0943 00       		.string	""
 1457 0944 00       		.string	""
 1458 0945 00       		.string	""
 1459 0946 00       		.string	""
 1460 0947 00       		.string	""
 1461 0948 00       		.string	""
 1462 0949 00       		.string	""
 1463 094a 00       		.string	""
 1464 094b 00       		.string	""
 1465 094c 00       		.string	""
 1466 094d 00       		.string	""
 1467 094e 00       		.string	""
 1468 094f 00       		.string	""
 1469 0950 00       		.string	""
 1470 0951 00       		.string	""
 1471 0952 00       		.string	""
 1472 0953 00       		.string	""
 1473 0954 00       		.string	""
 1474 0955 00       		.string	""
 1475 0956 00       		.string	""
 1476 0957 00       		.string	""
 1477 0958 00       		.string	""
 1478 0959 00       		.string	""
 1479 095a 00       		.string	""
 1480 095b 00       		.string	""
 1481 095c 00       		.string	""
 1482 095d 00       		.string	""
GAS LISTING main.s 			page 32


 1483 095e 00       		.string	""
 1484 095f 00       		.string	""
 1485 0960 00       		.string	""
 1486 0961 00       		.string	""
 1487 0962 00       		.string	""
 1488 0963 00       		.string	""
 1489 0964 00       		.string	""
 1490 0965 00       		.string	""
 1491 0966 00       		.string	""
 1492 0967 00       		.string	""
 1493 0968 00       		.string	""
 1494 0969 00       		.string	""
 1495 096a 00       		.string	""
 1496 096b 00       		.string	""
 1497 096c 00       		.string	""
 1498 096d 00       		.string	""
 1499 096e 00       		.string	""
 1500 096f 00       		.string	""
 1501 0970 00       		.string	""
 1502 0971 00       		.string	""
 1503 0972 00       		.string	""
 1504 0973 00       		.string	""
 1505 0974 00       		.string	""
 1506 0975 00       		.string	""
 1507 0976 00       		.string	""
 1508 0977 00       		.string	""
 1509 0978 00       		.string	""
 1510 0979 00       		.string	""
 1511 097a 00       		.string	""
 1512 097b 00       		.string	""
 1513 097c 00       		.string	""
 1514 097d 00       		.string	""
 1515 097e 00       		.string	""
 1516 097f 00       		.string	""
 1517 0980 00       		.string	""
 1518 0981 00       		.string	""
 1519 0982 00       		.string	""
 1520 0983 00       		.string	""
 1521 0984 00       		.string	""
 1522 0985 00       		.string	""
 1523 0986 00       		.string	""
 1524 0987 00       		.string	""
 1525 0988 00       		.string	""
 1526 0989 00       		.string	""
 1527 098a 00       		.string	""
 1528 098b 00       		.string	""
 1529 098c 00       		.string	""
 1530 098d 00       		.string	""
 1531 098e 00       		.string	""
 1532 098f 00       		.string	""
 1533 0990 00       		.string	""
 1534 0991 00       		.string	""
 1535 0992 00       		.string	""
 1536 0993 00       		.string	""
 1537 0994 00       		.string	""
 1538 0995 00       		.string	""
 1539 0996 00       		.string	""
GAS LISTING main.s 			page 33


 1540 0997 00       		.string	""
 1541 0998 00       		.string	""
 1542 0999 00       		.string	""
 1543 099a 00       		.string	""
 1544 099b 00       		.string	""
 1545 099c 00       		.string	""
 1546 099d 00       		.string	""
 1547 099e 00       		.string	""
 1548 099f 00       		.string	""
 1549 09a0 00       		.string	""
 1550 09a1 00       		.string	""
 1551 09a2 00       		.string	""
 1552 09a3 00       		.string	""
 1553 09a4 00       		.string	""
 1554 09a5 00       		.string	""
 1555 09a6 00       		.string	""
 1556 09a7 00       		.string	""
 1557 09a8 00       		.string	""
 1558 09a9 00       		.string	""
 1559 09aa 00       		.string	""
 1560 09ab 00       		.string	""
 1561 09ac 00       		.string	""
 1562 09ad 00       		.string	""
 1563 09ae 00       		.string	""
 1564 09af 00       		.string	""
 1565 09b0 00       		.string	""
 1566 09b1 00       		.string	""
 1567 09b2 00       		.string	""
 1568 09b3 00       		.string	""
 1569 09b4 00       		.string	""
 1570 09b5 00       		.string	""
 1571 09b6 00       		.string	""
 1572 09b7 00       		.string	""
 1573 09b8 00       		.string	""
 1574 09b9 00       		.string	""
 1575 09ba 00       		.string	""
 1576 09bb 00       		.string	""
 1577 09bc 00       		.string	""
 1578 09bd 00       		.string	""
 1579 09be 00       		.string	""
 1580 09bf 00       		.string	""
 1581 09c0 00       		.string	""
 1582 09c1 00       		.string	""
 1583 09c2 00       		.string	""
 1584 09c3 00       		.string	""
 1585 09c4 00       		.string	""
 1586 09c5 00       		.string	""
 1587 09c6 00       		.string	""
 1588 09c7 00       		.string	""
 1589 09c8 00       		.string	""
 1590 09c9 00       		.string	""
 1591 09ca 00       		.string	""
 1592 09cb 00       		.string	""
 1593 09cc 00       		.string	""
 1594 09cd 00       		.string	""
 1595 09ce 00       		.string	""
 1596 09cf 00       		.string	""
GAS LISTING main.s 			page 34


 1597 09d0 00       		.string	""
 1598 09d1 00       		.string	""
 1599 09d2 00       		.string	""
 1600 09d3 00       		.string	""
 1601 09d4 00       		.string	""
 1602 09d5 00       		.string	""
 1603 09d6 00       		.string	""
 1604 09d7 00       		.string	""
 1605 09d8 00       		.string	""
 1606 09d9 00       		.string	""
 1607 09da 00       		.string	""
 1608 09db 00       		.string	""
 1609 09dc 00       		.string	""
 1610 09dd 00       		.string	""
 1611 09de 00       		.string	""
 1612 09df 00       		.string	""
 1613 09e0 00       		.string	""
 1614 09e1 00       		.string	""
 1615 09e2 00       		.string	""
 1616 09e3 00       		.string	""
 1617 09e4 00       		.string	""
 1618 09e5 00       		.string	""
 1619 09e6 00       		.string	""
 1620 09e7 00       		.string	""
 1621 09e8 00       		.string	""
 1622 09e9 00       		.string	""
 1623 09ea 00       		.string	""
 1624 09eb 00       		.string	""
 1625 09ec 00       		.string	""
 1626 09ed 00       		.string	""
 1627 09ee 00       		.string	""
 1628 09ef 00       		.string	""
 1629 09f0 00       		.string	""
 1630 09f1 00       		.string	""
 1631 09f2 00       		.string	""
 1632 09f3 00       		.string	""
 1633 09f4 00       		.string	""
 1634 09f5 00       		.string	""
 1635 09f6 00       		.string	""
 1636 09f7 00       		.string	""
 1637 09f8 00       		.string	""
 1638 09f9 00       		.string	""
 1639 09fa 00       		.string	""
 1640 09fb 00       		.string	""
 1641 09fc 00       		.string	""
 1642 09fd 00       		.string	""
 1643 09fe 00       		.string	""
 1644 09ff 00       		.string	""
 1645 0a00 00       		.string	""
 1646 0a01 00       		.string	""
 1647 0a02 00       		.string	""
 1648 0a03 00       		.string	""
 1649 0a04 00       		.string	""
 1650 0a05 00       		.string	""
 1651 0a06 00       		.string	""
 1652 0a07 00       		.string	""
 1653 0a08 00       		.string	""
GAS LISTING main.s 			page 35


 1654 0a09 00       		.string	""
 1655 0a0a 00       		.string	""
 1656 0a0b 00       		.string	""
 1657 0a0c 00       		.string	""
 1658 0a0d 00       		.string	""
 1659 0a0e 00       		.string	""
 1660 0a0f 00       		.string	""
 1661 0a10 00       		.string	""
 1662 0a11 00       		.string	""
 1663 0a12 00       		.string	""
 1664 0a13 00       		.string	""
 1665 0a14 00       		.string	""
 1666 0a15 00       		.string	""
 1667 0a16 00       		.string	""
 1668 0a17 00       		.string	""
 1669 0a18 00       		.string	""
 1670 0a19 00       		.string	""
 1671 0a1a 00       		.string	""
 1672 0a1b 00       		.string	""
 1673 0a1c 00       		.string	""
 1674 0a1d 00       		.string	""
 1675 0a1e 00       		.string	""
 1676 0a1f 00       		.string	""
 1677 0a20 00       		.string	""
 1678 0a21 00       		.string	""
 1679 0a22 00       		.string	""
 1680 0a23 00       		.string	""
 1681 0a24 00       		.string	""
 1682 0a25 00       		.string	""
 1683 0a26 00       		.string	""
 1684 0a27 00       		.string	""
 1685 0a28 00       		.string	""
 1686 0a29 00       		.string	""
 1687 0a2a 00       		.string	""
 1688 0a2b 00       		.string	""
 1689 0a2c 00       		.string	""
 1690 0a2d 00       		.string	""
 1691 0a2e 00       		.string	""
 1692 0a2f 00       		.string	""
 1693 0a30 00       		.string	""
 1694 0a31 00       		.string	""
 1695 0a32 00       		.string	""
 1696 0a33 00       		.string	""
 1697 0a34 00       		.string	""
 1698 0a35 00       		.string	""
 1699 0a36 00       		.string	""
 1700 0a37 00       		.string	""
 1701 0a38 00       		.string	""
 1702 0a39 00       		.string	""
 1703 0a3a 00       		.string	""
 1704 0a3b 00       		.string	""
 1705 0a3c 00       		.string	""
 1706 0a3d 00       		.string	""
 1707 0a3e 00       		.string	""
 1708 0a3f 00       		.string	""
 1709 0a40 00       		.string	""
 1710 0a41 00       		.string	""
GAS LISTING main.s 			page 36


 1711 0a42 00       		.string	""
 1712 0a43 00       		.string	""
 1713 0a44 00       		.string	""
 1714 0a45 00       		.string	""
 1715 0a46 00       		.string	""
 1716 0a47 00       		.string	""
 1717 0a48 00       		.string	""
 1718 0a49 00       		.string	""
 1719 0a4a 00       		.string	""
 1720 0a4b 00       		.string	""
 1721 0a4c 00       		.string	""
 1722 0a4d 00       		.string	""
 1723 0a4e 00       		.string	""
 1724 0a4f 00       		.string	""
 1725 0a50 00       		.string	""
 1726 0a51 00       		.string	""
 1727 0a52 00       		.string	""
 1728 0a53 00       		.string	""
 1729 0a54 00       		.string	""
 1730 0a55 00       		.string	""
 1731 0a56 00       		.string	""
 1732 0a57 00       		.string	""
 1733 0a58 00       		.string	""
 1734 0a59 00       		.string	""
 1735 0a5a 00       		.string	""
 1736 0a5b 00       		.string	""
 1737 0a5c 00       		.string	""
 1738 0a5d 00       		.string	""
 1739 0a5e 00       		.string	""
 1740 0a5f 00       		.string	""
 1741 0a60 00       		.string	""
 1742 0a61 00       		.string	""
 1743 0a62 00       		.string	""
 1744 0a63 00       		.string	""
 1745 0a64 00       		.string	""
 1746 0a65 00       		.string	""
 1747 0a66 00       		.string	""
 1748 0a67 00       		.string	""
 1749 0a68 00       		.string	""
 1750 0a69 00       		.string	""
 1751 0a6a 00       		.string	""
 1752 0a6b 00       		.string	""
 1753 0a6c 00       		.string	""
 1754 0a6d 00       		.string	""
 1755 0a6e 00       		.string	""
 1756 0a6f 00       		.string	""
 1757 0a70 00       		.string	""
 1758 0a71 00       		.string	""
 1759 0a72 00       		.string	""
 1760 0a73 00       		.string	""
 1761 0a74 00       		.string	""
 1762 0a75 00       		.string	""
 1763 0a76 00       		.string	""
 1764 0a77 00       		.string	""
 1765 0a78 00       		.string	""
 1766 0a79 00       		.string	""
 1767 0a7a 00       		.string	""
GAS LISTING main.s 			page 37


 1768 0a7b 00       		.string	""
 1769 0a7c 00       		.string	""
 1770 0a7d 00       		.string	""
 1771 0a7e 00       		.string	""
 1772 0a7f 00       		.string	""
 1773 0a80 00       		.string	""
 1774 0a81 00       		.string	""
 1775 0a82 00       		.string	""
 1776 0a83 00       		.string	""
 1777 0a84 00       		.string	""
 1778 0a85 00       		.string	""
 1779 0a86 00       		.string	""
 1780 0a87 00       		.string	""
 1781 0a88 00       		.string	""
 1782 0a89 00       		.string	""
 1783 0a8a 00       		.string	""
 1784 0a8b 00       		.string	""
 1785 0a8c 00       		.string	""
 1786 0a8d 00       		.string	""
 1787 0a8e 00       		.string	""
 1788 0a8f 00       		.string	""
 1789 0a90 00       		.string	""
 1790 0a91 00       		.string	""
 1791 0a92 00       		.string	""
 1792 0a93 00       		.string	""
 1793 0a94 00       		.string	""
 1794 0a95 00       		.string	""
 1795 0a96 00       		.string	""
 1796 0a97 00       		.string	""
 1797 0a98 00       		.string	""
 1798 0a99 00       		.string	""
 1799 0a9a 00       		.string	""
 1800 0a9b 00       		.string	""
 1801 0a9c 00       		.string	""
 1802 0a9d 00       		.string	""
 1803 0a9e 00       		.string	""
 1804 0a9f 00       		.string	""
 1805 0aa0 00       		.string	""
 1806 0aa1 00       		.string	""
 1807 0aa2 00       		.string	""
 1808 0aa3 00       		.string	""
 1809 0aa4 00       		.string	""
 1810 0aa5 00       		.string	""
 1811 0aa6 00       		.string	""
 1812 0aa7 00       		.string	""
 1813 0aa8 00       		.string	""
 1814 0aa9 00       		.string	""
 1815 0aaa 00       		.string	""
 1816 0aab 00       		.string	""
 1817 0aac 00       		.string	""
 1818 0aad 00       		.string	""
 1819 0aae 00       		.string	""
 1820 0aaf 00       		.string	""
 1821 0ab0 00       		.string	""
 1822 0ab1 00       		.string	""
 1823 0ab2 00       		.string	""
 1824 0ab3 00       		.string	""
GAS LISTING main.s 			page 38


 1825 0ab4 00       		.string	""
 1826 0ab5 00       		.string	""
 1827 0ab6 00       		.string	""
 1828 0ab7 00       		.string	""
 1829 0ab8 00       		.string	""
 1830 0ab9 00       		.string	""
 1831 0aba 00       		.string	""
 1832 0abb 00       		.string	""
 1833 0abc 00       		.string	""
 1834 0abd 00       		.string	""
 1835 0abe 00       		.string	""
 1836 0abf 00       		.string	""
 1837 0ac0 00       		.string	""
 1838 0ac1 00       		.string	""
 1839 0ac2 00       		.string	""
 1840 0ac3 00       		.string	""
 1841 0ac4 00       		.string	""
 1842 0ac5 00       		.string	""
 1843 0ac6 00       		.string	""
 1844 0ac7 00       		.string	""
 1845 0ac8 00       		.string	""
 1846 0ac9 00       		.string	""
 1847 0aca 00       		.string	""
 1848 0acb 00       		.string	""
 1849 0acc 00       		.string	""
 1850 0acd 00       		.string	""
 1851 0ace 00       		.string	""
 1852 0acf 00       		.string	""
 1853 0ad0 00       		.string	""
 1854 0ad1 00       		.string	""
 1855 0ad2 00       		.string	""
 1856 0ad3 00       		.string	""
 1857 0ad4 00       		.string	""
 1858 0ad5 00       		.string	""
 1859 0ad6 00       		.string	""
 1860 0ad7 00       		.string	""
 1861 0ad8 00       		.string	""
 1862 0ad9 00       		.string	""
 1863 0ada 00       		.string	""
 1864 0adb 00       		.string	""
 1865 0adc 00       		.string	""
 1866 0add 00       		.string	""
 1867 0ade 00       		.string	""
 1868 0adf 00       		.string	""
 1869 0ae0 00       		.string	""
 1870 0ae1 00       		.string	""
 1871 0ae2 00       		.string	""
 1872 0ae3 00       		.string	""
 1873 0ae4 00       		.string	""
 1874 0ae5 00       		.string	""
 1875 0ae6 00       		.string	""
 1876 0ae7 00       		.string	""
 1877 0ae8 00       		.string	""
 1878 0ae9 00       		.string	""
 1879 0aea 00       		.string	""
 1880 0aeb 00       		.string	""
 1881 0aec 00       		.string	""
GAS LISTING main.s 			page 39


 1882 0aed 00       		.string	""
 1883 0aee 00       		.string	""
 1884 0aef 00       		.string	""
 1885 0af0 00       		.string	""
 1886 0af1 00       		.string	""
 1887 0af2 00       		.string	""
 1888 0af3 00       		.string	""
 1889 0af4 00       		.string	""
 1890 0af5 00       		.string	""
 1891 0af6 00       		.string	""
 1892 0af7 00       		.string	""
 1893 0af8 00       		.string	""
 1894 0af9 00       		.string	""
 1895 0afa 00       		.string	""
 1896 0afb 00       		.string	""
 1897 0afc 00       		.string	""
 1898 0afd 00       		.string	""
 1899 0afe 00       		.string	""
 1900 0aff 00       		.string	""
 1901 0b00 00       		.string	""
 1902 0b01 00       		.string	""
 1903 0b02 00       		.string	""
 1904 0b03 00       		.string	""
 1905 0b04 00       		.string	""
 1906 0b05 00       		.string	""
 1907 0b06 00       		.string	""
 1908 0b07 00       		.string	""
 1909 0b08 00       		.string	""
 1910 0b09 00       		.string	""
 1911 0b0a 00       		.string	""
 1912 0b0b 00       		.string	""
 1913 0b0c 00       		.string	""
 1914 0b0d 00       		.string	""
 1915 0b0e 00       		.string	""
 1916 0b0f 00       		.string	""
 1917 0b10 00       		.string	""
 1918 0b11 00       		.string	""
 1919 0b12 00       		.string	""
 1920 0b13 00       		.string	""
 1921 0b14 00       		.string	""
 1922 0b15 00       		.string	""
 1923 0b16 00       		.string	""
 1924 0b17 00       		.string	""
 1925 0b18 00       		.string	""
 1926 0b19 00       		.string	""
 1927 0b1a 00       		.string	""
 1928 0b1b 00       		.string	""
 1929 0b1c 00       		.string	""
 1930 0b1d 00       		.string	""
 1931 0b1e 00       		.string	""
 1932 0b1f 00       		.string	""
 1933 0b20 00       		.string	""
 1934 0b21 00       		.string	""
 1935 0b22 00       		.string	""
 1936 0b23 00       		.string	""
 1937 0b24 00       		.string	""
 1938 0b25 00       		.string	""
GAS LISTING main.s 			page 40


 1939 0b26 00       		.string	""
 1940 0b27 00       		.string	""
 1941 0b28 00       		.string	""
 1942 0b29 00       		.string	""
 1943 0b2a 00       		.string	""
 1944 0b2b 00       		.string	""
 1945 0b2c 00       		.string	""
 1946 0b2d 00       		.string	""
 1947 0b2e 00       		.string	""
 1948 0b2f 00       		.string	""
 1949 0b30 00       		.string	""
 1950 0b31 00       		.string	""
 1951 0b32 00       		.string	""
 1952 0b33 00       		.string	""
 1953 0b34 00       		.string	""
 1954 0b35 00       		.string	""
 1955 0b36 00       		.string	""
 1956 0b37 00       		.string	""
 1957 0b38 00       		.string	""
 1958 0b39 00       		.string	""
 1959 0b3a 00       		.string	""
 1960 0b3b 00       		.string	""
 1961 0b3c 00       		.string	""
 1962 0b3d 00       		.string	""
 1963 0b3e 00       		.string	""
 1964 0b3f 00       		.string	""
 1965 0b40 00       		.string	""
 1966 0b41 00       		.string	""
 1967 0b42 00       		.string	""
 1968 0b43 00       		.string	""
 1969 0b44 00       		.string	""
 1970 0b45 00       		.string	""
 1971 0b46 00       		.string	""
 1972 0b47 00       		.string	""
 1973 0b48 00       		.string	""
 1974 0b49 00       		.string	""
 1975 0b4a 00       		.string	""
 1976 0b4b 00       		.string	""
 1977 0b4c 00       		.string	""
 1978 0b4d 00       		.string	""
 1979 0b4e 00       		.string	""
 1980 0b4f 00       		.string	""
 1981 0b50 00       		.string	""
 1982 0b51 00       		.string	""
 1983 0b52 00       		.string	""
 1984 0b53 00       		.string	""
 1985 0b54 00       		.string	""
 1986 0b55 00       		.string	""
 1987 0b56 00       		.string	""
 1988 0b57 00       		.string	""
 1989 0b58 00       		.string	""
 1990 0b59 00       		.string	""
 1991 0b5a 00       		.string	""
 1992 0b5b 00       		.string	""
 1993 0b5c 00       		.string	""
 1994 0b5d 00       		.string	""
 1995 0b5e 00       		.string	""
GAS LISTING main.s 			page 41


 1996 0b5f 00       		.string	""
 1997 0b60 00       		.string	""
 1998 0b61 00       		.string	""
 1999 0b62 00       		.string	""
 2000 0b63 00       		.string	""
 2001 0b64 00       		.string	""
 2002 0b65 00       		.string	""
 2003 0b66 00       		.string	""
 2004 0b67 00       		.string	""
 2005 0b68 00       		.string	""
 2006 0b69 00       		.string	""
 2007 0b6a 00       		.string	""
 2008 0b6b 00       		.string	""
 2009 0b6c 00       		.string	""
 2010 0b6d 00       		.string	""
 2011 0b6e 00       		.string	""
 2012 0b6f 00       		.string	""
 2013 0b70 00       		.string	""
 2014 0b71 00       		.string	""
 2015 0b72 00       		.string	""
 2016 0b73 00       		.string	""
 2017 0b74 00       		.string	""
 2018 0b75 00       		.string	""
 2019 0b76 00       		.string	""
 2020 0b77 00       		.string	""
 2021 0b78 00       		.string	""
 2022 0b79 00       		.string	""
 2023 0b7a 00       		.string	""
 2024 0b7b 00       		.string	""
 2025 0b7c 00       		.string	""
 2026 0b7d 00       		.string	""
 2027 0b7e 00       		.string	""
 2028 0b7f 00       		.string	""
 2029 0b80 00       		.string	""
 2030 0b81 00       		.string	""
 2031 0b82 00       		.string	""
 2032 0b83 00       		.string	""
 2033 0b84 00       		.string	""
 2034 0b85 00       		.string	""
 2035 0b86 00       		.string	""
 2036 0b87 00       		.string	""
 2037 0b88 00       		.string	""
 2038 0b89 00       		.string	""
 2039 0b8a 00       		.string	""
 2040 0b8b 00       		.string	""
 2041 0b8c 00       		.string	""
 2042 0b8d 00       		.string	""
 2043 0b8e 00       		.string	""
 2044 0b8f 00       		.string	""
 2045 0b90 00       		.string	""
 2046 0b91 00       		.string	""
 2047 0b92 00       		.string	""
 2048 0b93 00       		.string	""
 2049 0b94 00       		.string	""
 2050 0b95 00       		.string	""
 2051 0b96 00       		.string	""
 2052 0b97 00       		.string	""
GAS LISTING main.s 			page 42


 2053 0b98 00       		.string	""
 2054 0b99 00       		.string	""
 2055 0b9a 00       		.string	""
 2056 0b9b 00       		.string	""
 2057 0b9c 00       		.string	""
 2058 0b9d 00       		.string	""
 2059 0b9e 00       		.string	""
 2060 0b9f 00       		.string	""
 2061 0ba0 00       		.string	""
 2062 0ba1 00       		.string	""
 2063 0ba2 00       		.string	""
 2064 0ba3 00       		.string	""
 2065 0ba4 00       		.string	""
 2066 0ba5 00       		.string	""
 2067 0ba6 00       		.string	""
 2068 0ba7 00       		.string	""
 2069 0ba8 00       		.string	""
 2070 0ba9 00       		.string	""
 2071 0baa 00       		.string	""
 2072 0bab 00       		.string	""
 2073 0bac 00       		.string	""
 2074 0bad 00       		.string	""
 2075 0bae 00       		.string	""
 2076 0baf 00       		.string	""
 2077 0bb0 00       		.string	""
 2078 0bb1 00       		.string	""
 2079 0bb2 00       		.string	""
 2080 0bb3 00       		.string	""
 2081 0bb4 00       		.string	""
 2082 0bb5 00       		.string	""
 2083 0bb6 00       		.string	""
 2084 0bb7 00       		.string	""
 2085 0bb8 00       		.string	""
 2086 0bb9 00       		.string	""
 2087 0bba 00       		.string	""
 2088 0bbb 00       		.string	""
 2089 0bbc 00       		.string	""
 2090 0bbd 00       		.string	""
 2091 0bbe 00       		.string	""
 2092 0bbf 00       		.string	""
 2093 0bc0 00       		.string	""
 2094 0bc1 00       		.string	""
 2095 0bc2 00       		.string	""
 2096 0bc3 00       		.string	""
 2097 0bc4 00       		.string	""
 2098 0bc5 00       		.string	""
 2099 0bc6 00       		.string	""
 2100 0bc7 00       		.string	""
 2101 0bc8 00       		.string	""
 2102 0bc9 00       		.string	""
 2103 0bca 00       		.string	""
 2104 0bcb 00       		.string	""
 2105 0bcc 00       		.string	""
 2106 0bcd 00       		.string	""
 2107 0bce 00       		.string	""
 2108 0bcf 00       		.string	""
 2109 0bd0 00       		.string	""
GAS LISTING main.s 			page 43


 2110 0bd1 00       		.string	""
 2111 0bd2 00       		.string	""
 2112 0bd3 00       		.string	""
 2113 0bd4 00       		.string	""
 2114 0bd5 00       		.string	""
 2115 0bd6 00       		.string	""
 2116 0bd7 00       		.string	""
 2117 0bd8 00       		.string	""
 2118 0bd9 00       		.string	""
 2119 0bda 00       		.string	""
 2120 0bdb 00       		.string	""
 2121 0bdc 00       		.string	""
 2122 0bdd 00       		.string	""
 2123 0bde 00       		.string	""
 2124 0bdf 00       		.string	""
 2125 0be0 00       		.string	""
 2126 0be1 00       		.string	""
 2127 0be2 00       		.string	""
 2128 0be3 00       		.string	""
 2129 0be4 00       		.string	""
 2130 0be5 00       		.string	""
 2131 0be6 00       		.string	""
 2132 0be7 00       		.string	""
 2133 0be8 00       		.string	""
 2134 0be9 00       		.string	""
 2135 0bea 00       		.string	""
 2136 0beb 00       		.string	""
 2137 0bec 00       		.string	""
 2138 0bed 00       		.string	""
 2139 0bee 00       		.string	""
 2140 0bef 00       		.string	""
 2141 0bf0 00       		.string	""
 2142 0bf1 00       		.string	""
 2143 0bf2 00       		.string	""
 2144 0bf3 00       		.string	""
 2145 0bf4 00       		.string	""
 2146 0bf5 00       		.string	""
 2147 0bf6 00       		.string	""
 2148 0bf7 00       		.string	""
 2149 0bf8 00       		.string	""
 2150 0bf9 00       		.string	""
 2151 0bfa 00       		.string	""
 2152 0bfb 00       		.string	""
 2153 0bfc 00       		.string	""
 2154 0bfd 00       		.string	""
 2155 0bfe 00       		.string	""
 2156 0bff 00       		.string	""
 2157 0c00 00       		.string	""
 2158 0c01 00       		.string	""
 2159 0c02 00       		.string	""
 2160 0c03 00       		.string	""
 2161 0c04 00       		.string	""
 2162 0c05 00       		.string	""
 2163 0c06 00       		.string	""
 2164 0c07 00       		.string	""
 2165 0c08 00       		.string	""
 2166 0c09 00       		.string	""
GAS LISTING main.s 			page 44


 2167 0c0a 00       		.string	""
 2168 0c0b 00       		.string	""
 2169 0c0c 00       		.string	""
 2170 0c0d 00       		.string	""
 2171 0c0e 00       		.string	""
 2172 0c0f 00       		.string	""
 2173 0c10 00       		.string	""
 2174 0c11 00       		.string	""
 2175 0c12 00       		.string	""
 2176 0c13 00       		.string	""
 2177 0c14 00       		.string	""
 2178 0c15 00       		.string	""
 2179 0c16 00       		.string	""
 2180 0c17 00       		.string	""
 2181 0c18 00       		.string	""
 2182 0c19 00       		.string	""
 2183 0c1a 00       		.string	""
 2184 0c1b 00       		.string	""
 2185 0c1c 00       		.string	""
 2186 0c1d 00       		.string	""
 2187 0c1e 00       		.string	""
 2188 0c1f 00       		.string	""
 2189 0c20 00       		.string	""
 2190 0c21 00       		.string	""
 2191 0c22 00       		.string	""
 2192 0c23 00       		.string	""
 2193 0c24 00       		.string	""
 2194 0c25 00       		.string	""
 2195 0c26 00       		.string	""
 2196 0c27 00       		.string	""
 2197 0c28 00       		.string	""
 2198 0c29 00       		.string	""
 2199 0c2a 00       		.string	""
 2200 0c2b 00       		.string	""
 2201 0c2c 00       		.string	""
 2202 0c2d 00       		.string	""
 2203 0c2e 00       		.string	""
 2204 0c2f 00       		.string	""
 2205 0c30 00       		.string	""
 2206 0c31 00       		.string	""
 2207 0c32 00       		.string	""
 2208 0c33 00       		.string	""
 2209 0c34 00       		.string	""
 2210 0c35 00       		.string	""
 2211 0c36 00       		.string	""
 2212 0c37 00       		.string	""
 2213 0c38 00       		.string	""
 2214 0c39 00       		.string	""
 2215 0c3a 00       		.string	""
 2216 0c3b 00       		.string	""
 2217 0c3c 00       		.string	""
 2218 0c3d 00       		.string	""
 2219 0c3e 00       		.string	""
 2220 0c3f 00       		.string	""
 2221 0c40 00       		.string	""
 2222 0c41 00       		.string	""
 2223 0c42 00       		.string	""
GAS LISTING main.s 			page 45


 2224 0c43 00       		.string	""
 2225 0c44 00       		.string	""
 2226 0c45 00       		.string	""
 2227 0c46 00       		.string	""
 2228 0c47 00       		.string	""
 2229 0c48 00       		.string	""
 2230 0c49 00       		.string	""
 2231 0c4a 00       		.string	""
 2232 0c4b 00       		.string	""
 2233 0c4c 00       		.string	""
 2234 0c4d 00       		.string	""
 2235 0c4e 00       		.string	""
 2236 0c4f 00       		.string	""
 2237 0c50 00       		.string	""
 2238 0c51 00       		.string	""
 2239 0c52 00       		.string	""
 2240 0c53 00       		.string	""
 2241 0c54 00       		.string	""
 2242 0c55 00       		.string	""
 2243 0c56 00       		.string	""
 2244 0c57 00       		.string	""
 2245 0c58 00       		.string	""
 2246 0c59 00       		.string	""
 2247 0c5a 00       		.string	""
 2248 0c5b 00       		.string	""
 2249 0c5c 00       		.string	""
 2250 0c5d 00       		.string	""
 2251 0c5e 00       		.string	""
 2252 0c5f 00       		.string	""
 2253 0c60 00       		.string	""
 2254 0c61 00       		.string	""
 2255 0c62 00       		.string	""
 2256 0c63 00       		.string	""
 2257 0c64 00       		.string	""
 2258 0c65 00       		.string	""
 2259 0c66 00       		.string	""
 2260 0c67 00       		.string	""
 2261 0c68 00       		.string	""
 2262 0c69 00       		.string	""
 2263 0c6a 00       		.string	""
 2264 0c6b 00       		.string	""
 2265 0c6c 00       		.string	""
 2266 0c6d 00       		.string	""
 2267 0c6e 00       		.string	""
 2268 0c6f 00       		.string	""
 2269 0c70 00       		.string	""
 2270 0c71 00       		.string	""
 2271 0c72 00       		.string	""
 2272 0c73 00       		.string	""
 2273 0c74 00       		.string	""
 2274 0c75 00       		.string	""
 2275 0c76 00       		.string	""
 2276 0c77 00       		.string	""
 2277 0c78 00       		.string	""
 2278 0c79 00       		.string	""
 2279 0c7a 00       		.string	""
 2280 0c7b 00       		.string	""
GAS LISTING main.s 			page 46


 2281 0c7c 00       		.string	""
 2282 0c7d 00       		.string	""
 2283 0c7e 00       		.string	""
 2284 0c7f 00       		.string	""
 2285 0c80 00       		.string	""
 2286 0c81 00       		.string	""
 2287 0c82 00       		.string	""
 2288 0c83 00       		.string	""
 2289 0c84 00       		.string	""
 2290 0c85 00       		.string	""
 2291 0c86 00       		.string	""
 2292 0c87 00       		.string	""
 2293 0c88 00       		.string	""
 2294 0c89 00       		.string	""
 2295 0c8a 00       		.string	""
 2296 0c8b 00       		.string	""
 2297 0c8c 00       		.string	""
 2298 0c8d 00       		.string	""
 2299 0c8e 00       		.string	""
 2300 0c8f 00       		.string	""
 2301 0c90 00       		.string	""
 2302 0c91 00       		.string	""
 2303 0c92 00       		.string	""
 2304 0c93 00       		.string	""
 2305 0c94 00       		.string	""
 2306 0c95 00       		.string	""
 2307 0c96 00       		.string	""
 2308 0c97 00       		.string	""
 2309 0c98 00       		.string	""
 2310 0c99 00       		.string	""
 2311 0c9a 00       		.string	""
 2312 0c9b 00       		.string	""
 2313 0c9c 00       		.string	""
 2314 0c9d 00       		.string	""
 2315 0c9e 00       		.string	""
 2316 0c9f 00       		.string	""
 2317 0ca0 00       		.string	""
 2318 0ca1 00       		.string	""
 2319 0ca2 00       		.string	""
 2320 0ca3 00       		.string	""
 2321 0ca4 00       		.string	""
 2322 0ca5 00       		.string	""
 2323 0ca6 00       		.string	""
 2324 0ca7 00       		.string	""
 2325 0ca8 00       		.string	""
 2326 0ca9 00       		.string	""
 2327 0caa 00       		.string	""
 2328 0cab 00       		.string	""
 2329 0cac 00       		.string	""
 2330 0cad 00       		.string	""
 2331 0cae 00       		.string	""
 2332 0caf 00       		.string	""
 2333 0cb0 00       		.string	""
 2334 0cb1 00       		.string	""
 2335 0cb2 00       		.string	""
 2336 0cb3 00       		.string	""
 2337 0cb4 00       		.string	""
GAS LISTING main.s 			page 47


 2338 0cb5 00       		.string	""
 2339 0cb6 00       		.string	""
 2340 0cb7 00       		.string	""
 2341 0cb8 00       		.string	""
 2342 0cb9 00       		.string	""
 2343 0cba 00       		.string	""
 2344 0cbb 00       		.string	""
 2345 0cbc 00       		.string	""
 2346 0cbd 00       		.string	""
 2347 0cbe 00       		.string	""
 2348 0cbf 00       		.string	""
 2349 0cc0 00       		.string	""
 2350 0cc1 00       		.string	""
 2351 0cc2 00       		.string	""
 2352 0cc3 00       		.string	""
 2353 0cc4 00       		.string	""
 2354 0cc5 00       		.string	""
 2355 0cc6 00       		.string	""
 2356 0cc7 00       		.string	""
 2357 0cc8 00       		.string	""
 2358 0cc9 00       		.string	""
 2359 0cca 00       		.string	""
 2360 0ccb 00       		.string	""
 2361 0ccc 00       		.string	""
 2362 0ccd 00       		.string	""
 2363 0cce 00       		.string	""
 2364 0ccf 00       		.string	""
 2365 0cd0 00       		.string	""
 2366 0cd1 00       		.string	""
 2367 0cd2 00       		.string	""
 2368 0cd3 00       		.string	""
 2369 0cd4 00       		.string	""
 2370 0cd5 00       		.string	""
 2371 0cd6 00       		.string	""
 2372 0cd7 00       		.string	""
 2373 0cd8 00       		.string	""
 2374 0cd9 00       		.string	""
 2375 0cda 00       		.string	""
 2376 0cdb 00       		.string	""
 2377 0cdc 00       		.string	""
 2378 0cdd 00       		.string	""
 2379 0cde 00       		.string	""
 2380 0cdf 00       		.string	""
 2381 0ce0 00       		.string	""
 2382 0ce1 00       		.string	""
 2383 0ce2 00       		.string	""
 2384 0ce3 00       		.string	""
 2385 0ce4 00       		.string	""
 2386 0ce5 00       		.string	""
 2387 0ce6 00       		.string	""
 2388 0ce7 00       		.string	""
 2389 0ce8 00       		.string	""
 2390 0ce9 00       		.string	""
 2391 0cea 00       		.string	""
 2392 0ceb 00       		.string	""
 2393 0cec 00       		.string	""
 2394 0ced 00       		.string	""
GAS LISTING main.s 			page 48


 2395 0cee 00       		.string	""
 2396 0cef 00       		.string	""
 2397 0cf0 00       		.string	""
 2398 0cf1 00       		.string	""
 2399 0cf2 00       		.string	""
 2400 0cf3 00       		.string	""
 2401 0cf4 00       		.string	""
 2402 0cf5 00       		.string	""
 2403 0cf6 00       		.string	""
 2404 0cf7 00       		.string	""
 2405 0cf8 00       		.string	""
 2406 0cf9 00       		.string	""
 2407 0cfa 00       		.string	""
 2408 0cfb 00       		.string	""
 2409 0cfc 00       		.string	""
 2410 0cfd 00       		.string	""
 2411 0cfe 00       		.string	""
 2412 0cff 00       		.string	""
 2413 0d00 00       		.string	""
 2414 0d01 00       		.string	""
 2415 0d02 00       		.string	""
 2416 0d03 00       		.string	""
 2417 0d04 00       		.string	""
 2418 0d05 00       		.string	""
 2419 0d06 00       		.string	""
 2420 0d07 00       		.string	""
 2421 0d08 00       		.string	""
 2422 0d09 00       		.string	""
 2423 0d0a 00       		.string	""
 2424 0d0b 00       		.string	""
 2425 0d0c 00       		.string	""
 2426 0d0d 00       		.string	""
 2427 0d0e 00       		.string	""
 2428 0d0f 00       		.string	""
 2429 0d10 00       		.string	""
 2430 0d11 00       		.string	""
 2431 0d12 00       		.string	""
 2432 0d13 00       		.string	""
 2433 0d14 00       		.string	""
 2434 0d15 00       		.string	""
 2435 0d16 00       		.string	""
 2436 0d17 00       		.string	""
 2437 0d18 00       		.string	""
 2438 0d19 00       		.string	""
 2439 0d1a 00       		.string	""
 2440 0d1b 00       		.string	""
 2441 0d1c 00       		.string	""
 2442 0d1d 00       		.string	""
 2443 0d1e 00       		.string	""
 2444 0d1f 00       		.string	""
 2445 0d20 00       		.string	""
 2446 0d21 00       		.string	""
 2447 0d22 00       		.string	""
 2448 0d23 00       		.string	""
 2449 0d24 00       		.string	""
 2450 0d25 00       		.string	""
 2451 0d26 00       		.string	""
GAS LISTING main.s 			page 49


 2452 0d27 00       		.string	""
 2453 0d28 00       		.string	""
 2454 0d29 00       		.string	""
 2455 0d2a 00       		.string	""
 2456 0d2b 00       		.string	""
 2457 0d2c 00       		.string	""
 2458 0d2d 00       		.string	""
 2459 0d2e 00       		.string	""
 2460 0d2f 00       		.string	""
 2461 0d30 00       		.string	""
 2462 0d31 00       		.string	""
 2463 0d32 00       		.string	""
 2464 0d33 00       		.string	""
 2465 0d34 00       		.string	""
 2466 0d35 00       		.string	""
 2467 0d36 00       		.string	""
 2468 0d37 00       		.string	""
 2469 0d38 00       		.string	""
 2470 0d39 00       		.string	""
 2471 0d3a 00       		.string	""
 2472 0d3b 00       		.string	""
 2473 0d3c 00       		.string	""
 2474 0d3d 00       		.string	""
 2475 0d3e 00       		.string	""
 2476 0d3f 00       		.string	""
 2477 0d40 00       		.string	""
 2478 0d41 00       		.string	""
 2479 0d42 00       		.string	""
 2480 0d43 00       		.string	""
 2481 0d44 00       		.string	""
 2482 0d45 00       		.string	""
 2483 0d46 00       		.string	""
 2484 0d47 00       		.string	""
 2485 0d48 00       		.string	""
 2486 0d49 00       		.string	""
 2487 0d4a 00       		.string	""
 2488 0d4b 00       		.string	""
 2489 0d4c 00       		.string	""
 2490 0d4d 00       		.string	""
 2491 0d4e 00       		.string	""
 2492 0d4f 00       		.string	""
 2493 0d50 00       		.string	""
 2494 0d51 00       		.string	""
 2495 0d52 00       		.string	""
 2496 0d53 00       		.string	""
 2497 0d54 00       		.string	""
 2498 0d55 00       		.string	""
 2499 0d56 00       		.string	""
 2500 0d57 00       		.string	""
 2501 0d58 00       		.string	""
 2502 0d59 00       		.string	""
 2503 0d5a 00       		.string	""
 2504 0d5b 00       		.string	""
 2505 0d5c 00       		.string	""
 2506 0d5d 00       		.string	""
 2507 0d5e 00       		.string	""
 2508 0d5f 00       		.string	""
GAS LISTING main.s 			page 50


 2509 0d60 00       		.string	""
 2510 0d61 00       		.string	""
 2511 0d62 00       		.string	""
 2512 0d63 00       		.string	""
 2513 0d64 00       		.string	""
 2514 0d65 00       		.string	""
 2515 0d66 00       		.string	""
 2516 0d67 00       		.string	""
 2517 0d68 00       		.string	""
 2518 0d69 00       		.string	""
 2519 0d6a 00       		.string	""
 2520 0d6b 00       		.string	""
 2521 0d6c 00       		.string	""
 2522 0d6d 00       		.string	""
 2523 0d6e 00       		.string	""
 2524 0d6f 00       		.string	""
 2525 0d70 00       		.string	""
 2526 0d71 00       		.string	""
 2527 0d72 00       		.string	""
 2528 0d73 00       		.string	""
 2529 0d74 00       		.string	""
 2530 0d75 00       		.string	""
 2531 0d76 00       		.string	""
 2532 0d77 00       		.string	""
 2533 0d78 00       		.string	""
 2534 0d79 00       		.string	""
 2535 0d7a 00       		.string	""
 2536 0d7b 00       		.string	""
 2537 0d7c 00       		.string	""
 2538 0d7d 00       		.string	""
 2539 0d7e 00       		.string	""
 2540 0d7f 00       		.string	""
 2541 0d80 00       		.string	""
 2542 0d81 00       		.string	""
 2543 0d82 00       		.string	""
 2544 0d83 00       		.string	""
 2545 0d84 00       		.string	""
 2546 0d85 00       		.string	""
 2547 0d86 00       		.string	""
 2548 0d87 00       		.string	""
 2549 0d88 00       		.string	""
 2550 0d89 00       		.string	""
 2551 0d8a 00       		.string	""
 2552 0d8b 00       		.string	""
 2553 0d8c 00       		.string	""
 2554 0d8d 00       		.string	""
 2555 0d8e 00       		.string	""
 2556 0d8f 00       		.string	""
 2557 0d90 00       		.string	""
 2558 0d91 00       		.string	""
 2559 0d92 00       		.string	""
 2560 0d93 00       		.string	""
 2561 0d94 00       		.string	""
 2562 0d95 00       		.string	""
 2563 0d96 00       		.string	""
 2564 0d97 00       		.string	""
 2565 0d98 00       		.string	""
GAS LISTING main.s 			page 51


 2566 0d99 00       		.string	""
 2567 0d9a 00       		.string	""
 2568 0d9b 00       		.string	""
 2569 0d9c 00       		.string	""
 2570 0d9d 00       		.string	""
 2571 0d9e 00       		.string	""
 2572 0d9f 00       		.string	""
 2573 0da0 00       		.string	""
 2574 0da1 00       		.string	""
 2575 0da2 00       		.string	""
 2576 0da3 00       		.string	""
 2577 0da4 00       		.string	""
 2578 0da5 00       		.string	""
 2579 0da6 00       		.string	""
 2580 0da7 00       		.string	""
 2581 0da8 00       		.string	""
 2582 0da9 00       		.string	""
 2583 0daa 00       		.string	""
 2584 0dab 00       		.string	""
 2585 0dac 00       		.string	""
 2586 0dad 00       		.string	""
 2587 0dae 00       		.string	""
 2588 0daf 00       		.string	""
 2589 0db0 00       		.string	""
 2590 0db1 00       		.string	""
 2591 0db2 00       		.string	""
 2592 0db3 00       		.string	""
 2593 0db4 00       		.string	""
 2594 0db5 00       		.string	""
 2595 0db6 00       		.string	""
 2596 0db7 00       		.string	""
 2597 0db8 00       		.string	""
 2598 0db9 00       		.string	""
 2599 0dba 00       		.string	""
 2600 0dbb 00       		.string	""
 2601 0dbc 00       		.string	""
 2602 0dbd 00       		.string	""
 2603 0dbe 00       		.string	""
 2604 0dbf 00       		.string	""
 2605 0dc0 00       		.string	""
 2606 0dc1 00       		.string	""
 2607 0dc2 00       		.string	""
 2608 0dc3 00       		.string	""
 2609 0dc4 00       		.string	""
 2610 0dc5 00       		.string	""
 2611 0dc6 00       		.string	""
 2612 0dc7 00       		.string	""
 2613 0dc8 00       		.string	""
 2614 0dc9 00       		.string	""
 2615 0dca 00       		.string	""
 2616 0dcb 00       		.string	""
 2617 0dcc 00       		.string	""
 2618 0dcd 00       		.string	""
 2619 0dce 00       		.string	""
 2620 0dcf 00       		.string	""
 2621 0dd0 00       		.string	""
 2622 0dd1 00       		.string	""
GAS LISTING main.s 			page 52


 2623 0dd2 00       		.string	""
 2624 0dd3 00       		.string	""
 2625 0dd4 00       		.string	""
 2626 0dd5 00       		.string	""
 2627 0dd6 00       		.string	""
 2628 0dd7 00       		.string	""
 2629 0dd8 00       		.string	""
 2630 0dd9 00       		.string	""
 2631 0dda 00       		.string	""
 2632 0ddb 00       		.string	""
 2633 0ddc 00       		.string	""
 2634 0ddd 00       		.string	""
 2635 0dde 00       		.string	""
 2636 0ddf 00       		.string	""
 2637 0de0 00       		.string	""
 2638 0de1 00       		.string	""
 2639 0de2 00       		.string	""
 2640 0de3 00       		.string	""
 2641 0de4 00       		.string	""
 2642 0de5 00       		.string	""
 2643 0de6 00       		.string	""
 2644 0de7 00       		.string	""
 2645 0de8 00       		.string	""
 2646 0de9 00       		.string	""
 2647 0dea 00       		.string	""
 2648 0deb 00       		.string	""
 2649 0dec 00       		.string	""
 2650 0ded 00       		.string	""
 2651 0dee 00       		.string	""
 2652 0def 00       		.string	""
 2653 0df0 00       		.string	""
 2654 0df1 00       		.string	""
 2655 0df2 00       		.string	""
 2656 0df3 00       		.string	""
 2657 0df4 00       		.string	""
 2658 0df5 00       		.string	""
 2659 0df6 00       		.string	""
 2660 0df7 00       		.string	""
 2661 0df8 00       		.string	""
 2662 0df9 00       		.string	""
 2663 0dfa 00       		.string	""
 2664 0dfb 00       		.string	""
 2665 0dfc 00       		.string	""
 2666 0dfd 00       		.string	""
 2667 0dfe 00       		.string	""
 2668 0dff 00       		.string	""
 2669 0e00 00       		.string	""
 2670 0e01 00       		.string	""
 2671 0e02 00       		.string	""
 2672 0e03 00       		.string	""
 2673 0e04 00       		.string	""
 2674 0e05 00       		.string	""
 2675 0e06 00       		.string	""
 2676 0e07 00       		.string	""
 2677 0e08 00       		.string	""
 2678 0e09 00       		.string	""
 2679 0e0a 00       		.string	""
GAS LISTING main.s 			page 53


 2680 0e0b 00       		.string	""
 2681 0e0c 00       		.string	""
 2682 0e0d 00       		.string	""
 2683 0e0e 00       		.string	""
 2684 0e0f 00       		.string	""
 2685 0e10 00       		.string	""
 2686 0e11 00       		.string	""
 2687 0e12 00       		.string	""
 2688 0e13 00       		.string	""
 2689 0e14 00       		.string	""
 2690 0e15 00       		.string	""
 2691 0e16 00       		.string	""
 2692 0e17 00       		.string	""
 2693 0e18 00       		.string	""
 2694 0e19 00       		.string	""
 2695 0e1a 00       		.string	""
 2696 0e1b 00       		.string	""
 2697 0e1c 00       		.string	""
 2698 0e1d 00       		.string	""
 2699 0e1e 00       		.string	""
 2700 0e1f 00       		.string	""
 2701 0e20 00       		.string	""
 2702 0e21 00       		.string	""
 2703 0e22 00       		.string	""
 2704 0e23 00       		.string	""
 2705 0e24 00       		.string	""
 2706 0e25 00       		.string	""
 2707 0e26 00       		.string	""
 2708 0e27 00       		.string	""
 2709 0e28 00       		.string	""
 2710 0e29 00       		.string	""
 2711 0e2a 00       		.string	""
 2712 0e2b 00       		.string	""
 2713 0e2c 00       		.string	""
 2714 0e2d 00       		.string	""
 2715 0e2e 00       		.string	""
 2716 0e2f 00       		.string	""
 2717 0e30 00       		.string	""
 2718 0e31 00       		.string	""
 2719 0e32 00       		.string	""
 2720 0e33 00       		.string	""
 2721 0e34 00       		.string	""
 2722 0e35 00       		.string	""
 2723 0e36 00       		.string	""
 2724 0e37 00       		.string	""
 2725 0e38 00       		.string	""
 2726 0e39 00       		.string	""
 2727 0e3a 00       		.string	""
 2728 0e3b 00       		.string	""
 2729 0e3c 00       		.string	""
 2730 0e3d 00       		.string	""
 2731 0e3e 00       		.string	""
 2732 0e3f 00       		.string	""
 2733 0e40 00       		.string	""
 2734 0e41 00       		.string	""
 2735 0e42 00       		.string	""
 2736 0e43 00       		.string	""
GAS LISTING main.s 			page 54


 2737 0e44 00       		.string	""
 2738 0e45 00       		.string	""
 2739 0e46 00       		.string	""
 2740 0e47 00       		.string	""
 2741 0e48 00       		.string	""
 2742 0e49 00       		.string	""
 2743 0e4a 00       		.string	""
 2744 0e4b 00       		.string	""
 2745 0e4c 00       		.string	""
 2746 0e4d 00       		.string	""
 2747 0e4e 00       		.string	""
 2748 0e4f 00       		.string	""
 2749 0e50 00       		.string	""
 2750 0e51 00       		.string	""
 2751 0e52 00       		.string	""
 2752 0e53 00       		.string	""
 2753 0e54 00       		.string	""
 2754 0e55 00       		.string	""
 2755 0e56 00       		.string	""
 2756 0e57 00       		.string	""
 2757 0e58 00       		.string	""
 2758 0e59 00       		.string	""
 2759 0e5a 00       		.string	""
 2760 0e5b 00       		.string	""
 2761 0e5c 00       		.string	""
 2762 0e5d 00       		.string	""
 2763 0e5e 00       		.string	""
 2764 0e5f 00       		.string	""
 2765 0e60 00       		.string	""
 2766 0e61 00       		.string	""
 2767 0e62 00       		.string	""
 2768 0e63 00       		.string	""
 2769 0e64 00       		.string	""
 2770 0e65 00       		.string	""
 2771 0e66 00       		.string	""
 2772 0e67 00       		.string	""
 2773 0e68 00       		.string	""
 2774 0e69 00       		.string	""
 2775 0e6a 00       		.string	""
 2776 0e6b 00       		.string	""
 2777 0e6c 00       		.string	""
 2778 0e6d 00       		.string	""
 2779 0e6e 00       		.string	""
 2780 0e6f 00       		.string	""
 2781 0e70 00       		.string	""
 2782 0e71 00       		.string	""
 2783 0e72 00       		.string	""
 2784 0e73 00       		.string	""
 2785 0e74 00       		.string	""
 2786 0e75 00       		.string	""
 2787 0e76 00       		.string	""
 2788 0e77 00       		.string	""
 2789 0e78 00       		.string	""
 2790 0e79 00       		.string	""
 2791 0e7a 00       		.string	""
 2792 0e7b 00       		.string	""
 2793 0e7c 00       		.string	""
GAS LISTING main.s 			page 55


 2794 0e7d 00       		.string	""
 2795 0e7e 00       		.string	""
 2796 0e7f 00       		.string	""
 2797 0e80 00       		.string	""
 2798 0e81 00       		.string	""
 2799 0e82 00       		.string	""
 2800 0e83 00       		.string	""
 2801 0e84 00       		.string	""
 2802 0e85 00       		.string	""
 2803 0e86 00       		.string	""
 2804 0e87 00       		.string	""
 2805 0e88 00       		.string	""
 2806 0e89 00       		.string	""
 2807 0e8a 00       		.string	""
 2808 0e8b 00       		.string	""
 2809 0e8c 00       		.string	""
 2810 0e8d 00       		.string	""
 2811 0e8e 00       		.string	""
 2812 0e8f 00       		.string	""
 2813 0e90 00       		.string	""
 2814 0e91 00       		.string	""
 2815 0e92 00       		.string	""
 2816 0e93 00       		.string	""
 2817 0e94 00       		.string	""
 2818 0e95 00       		.string	""
 2819 0e96 00       		.string	""
 2820 0e97 00       		.string	""
 2821 0e98 00       		.string	""
 2822 0e99 00       		.string	""
 2823 0e9a 00       		.string	""
 2824 0e9b 00       		.string	""
 2825 0e9c 00       		.string	""
 2826 0e9d 00       		.string	""
 2827 0e9e 00       		.string	""
 2828 0e9f 00       		.string	""
 2829 0ea0 00       		.string	""
 2830 0ea1 00       		.string	""
 2831 0ea2 00       		.string	""
 2832 0ea3 00       		.string	""
 2833 0ea4 00       		.string	""
 2834 0ea5 00       		.string	""
 2835 0ea6 00       		.string	""
 2836 0ea7 00       		.string	""
 2837 0ea8 00       		.string	""
 2838 0ea9 00       		.string	""
 2839 0eaa 00       		.string	""
 2840 0eab 00       		.string	""
 2841 0eac 00       		.string	""
 2842 0ead 00       		.string	""
 2843 0eae 00       		.string	""
 2844 0eaf 00       		.string	""
 2845 0eb0 00       		.string	""
 2846 0eb1 00       		.string	""
 2847 0eb2 00       		.string	""
 2848 0eb3 00       		.string	""
 2849 0eb4 00       		.string	""
 2850 0eb5 00       		.string	""
GAS LISTING main.s 			page 56


 2851 0eb6 00       		.string	""
 2852 0eb7 00       		.string	""
 2853 0eb8 00       		.string	""
 2854 0eb9 00       		.string	""
 2855 0eba 00       		.string	""
 2856 0ebb 00       		.string	""
 2857 0ebc 00       		.string	""
 2858 0ebd 00       		.string	""
 2859 0ebe 00       		.string	""
 2860 0ebf 00       		.string	""
 2861 0ec0 00       		.string	""
 2862 0ec1 00       		.string	""
 2863 0ec2 00       		.string	""
 2864 0ec3 00       		.string	""
 2865 0ec4 00       		.string	""
 2866 0ec5 00       		.string	""
 2867 0ec6 00       		.string	""
 2868 0ec7 00       		.string	""
 2869 0ec8 00       		.string	""
 2870 0ec9 00       		.string	""
 2871 0eca 00       		.string	""
 2872 0ecb 00       		.string	""
 2873 0ecc 00       		.string	""
 2874 0ecd 00       		.string	""
 2875 0ece 00       		.string	""
 2876 0ecf 00       		.string	""
 2877 0ed0 00       		.string	""
 2878 0ed1 00       		.string	""
 2879 0ed2 00       		.string	""
 2880 0ed3 00       		.string	""
 2881 0ed4 00       		.string	""
 2882 0ed5 00       		.string	""
 2883 0ed6 00       		.string	""
 2884 0ed7 00       		.string	""
 2885 0ed8 00       		.string	""
 2886 0ed9 00       		.string	""
 2887 0eda 00       		.string	""
 2888 0edb 00       		.string	""
 2889 0edc 00       		.string	""
 2890 0edd 00       		.string	""
 2891 0ede 00       		.string	""
 2892 0edf 00       		.string	""
 2893 0ee0 00       		.string	""
 2894 0ee1 00       		.string	""
 2895 0ee2 00       		.string	""
 2896 0ee3 00       		.string	""
 2897 0ee4 00       		.string	""
 2898 0ee5 00       		.string	""
 2899 0ee6 00       		.string	""
 2900 0ee7 00       		.string	""
 2901 0ee8 00       		.string	""
 2902 0ee9 00       		.string	""
 2903 0eea 00       		.string	""
 2904 0eeb 00       		.string	""
 2905 0eec 00       		.string	""
 2906 0eed 00       		.string	""
 2907 0eee 00       		.string	""
GAS LISTING main.s 			page 57


 2908 0eef 00       		.string	""
 2909 0ef0 00       		.string	""
 2910 0ef1 00       		.string	""
 2911 0ef2 00       		.string	""
 2912 0ef3 00       		.string	""
 2913 0ef4 00       		.string	""
 2914 0ef5 00       		.string	""
 2915 0ef6 00       		.string	""
 2916 0ef7 00       		.string	""
 2917 0ef8 00       		.string	""
 2918 0ef9 00       		.string	""
 2919 0efa 00       		.string	""
 2920 0efb 00       		.string	""
 2921 0efc 00       		.string	""
 2922 0efd 00       		.string	""
 2923 0efe 00       		.string	""
 2924 0eff 00       		.string	""
 2925 0f00 00       		.string	""
 2926 0f01 00       		.string	""
 2927 0f02 00       		.string	""
 2928 0f03 00       		.string	""
 2929 0f04 00       		.string	""
 2930 0f05 00       		.string	""
 2931 0f06 00       		.string	""
 2932 0f07 00       		.string	""
 2933 0f08 00       		.string	""
 2934 0f09 00       		.string	""
 2935 0f0a 00       		.string	""
 2936 0f0b 00       		.string	""
 2937 0f0c 00       		.string	""
 2938 0f0d 00       		.string	""
 2939 0f0e 00       		.string	""
 2940 0f0f 00       		.string	""
 2941 0f10 00       		.string	""
 2942 0f11 00       		.string	""
 2943 0f12 00       		.string	""
 2944 0f13 00       		.string	""
 2945 0f14 00       		.string	""
 2946 0f15 00       		.string	""
 2947 0f16 00       		.string	""
 2948 0f17 00       		.string	""
 2949 0f18 00       		.string	""
 2950 0f19 00       		.string	""
 2951 0f1a 00       		.string	""
 2952 0f1b 00       		.string	""
 2953 0f1c 00       		.string	""
 2954 0f1d 00       		.string	""
 2955 0f1e 00       		.string	""
 2956 0f1f 00       		.string	""
 2957 0f20 00       		.string	""
 2958 0f21 00       		.string	""
 2959 0f22 00       		.string	""
 2960 0f23 00       		.string	""
 2961 0f24 00       		.string	""
 2962 0f25 00       		.string	""
 2963 0f26 00       		.string	""
 2964 0f27 00       		.string	""
GAS LISTING main.s 			page 58


 2965 0f28 00       		.string	""
 2966 0f29 00       		.string	""
 2967 0f2a 00       		.string	""
 2968 0f2b 00       		.string	""
 2969 0f2c 00       		.string	""
 2970 0f2d 00       		.string	""
 2971 0f2e 00       		.string	""
 2972 0f2f 00       		.string	""
 2973 0f30 00       		.string	""
 2974 0f31 00       		.string	""
 2975 0f32 00       		.string	""
 2976 0f33 00       		.string	""
 2977 0f34 00       		.string	""
 2978 0f35 00       		.string	""
 2979 0f36 00       		.string	""
 2980 0f37 00       		.string	""
 2981 0f38 00       		.string	""
 2982 0f39 00       		.string	""
 2983 0f3a 00       		.string	""
 2984 0f3b 00       		.string	""
 2985 0f3c 00       		.string	""
 2986 0f3d 00       		.string	""
 2987 0f3e 00       		.string	""
 2988 0f3f 00       		.string	""
 2989 0f40 00       		.string	""
 2990 0f41 00       		.string	""
 2991 0f42 00       		.string	""
 2992 0f43 00       		.string	""
 2993 0f44 00       		.string	""
 2994 0f45 00       		.string	""
 2995 0f46 00       		.string	""
 2996 0f47 00       		.string	""
 2997 0f48 00       		.string	""
 2998 0f49 00       		.string	""
 2999 0f4a 00       		.string	""
 3000 0f4b 00       		.string	""
 3001 0f4c 00       		.string	""
 3002 0f4d 00       		.string	""
 3003 0f4e 00       		.string	""
 3004 0f4f 00       		.string	""
 3005 0f50 00       		.string	""
 3006 0f51 00       		.string	""
 3007 0f52 00       		.string	""
 3008 0f53 00       		.string	""
 3009 0f54 00       		.string	""
 3010 0f55 00       		.string	""
 3011 0f56 00       		.string	""
 3012 0f57 00       		.string	""
 3013 0f58 00       		.string	""
 3014 0f59 00       		.string	""
 3015 0f5a 00       		.string	""
 3016 0f5b 00       		.string	""
 3017 0f5c 00       		.string	""
 3018 0f5d 00       		.string	""
 3019 0f5e 00       		.string	""
 3020 0f5f 00       		.string	""
 3021 0f60 00       		.string	""
GAS LISTING main.s 			page 59


 3022 0f61 00       		.string	""
 3023 0f62 00       		.string	""
 3024 0f63 00       		.string	""
 3025 0f64 00       		.string	""
 3026 0f65 00       		.string	""
 3027 0f66 00       		.string	""
 3028 0f67 00       		.string	""
 3029 0f68 00       		.string	""
 3030 0f69 00       		.string	""
 3031 0f6a 00       		.string	""
 3032 0f6b 00       		.string	""
 3033 0f6c 00       		.string	""
 3034 0f6d 00       		.string	""
 3035 0f6e 00       		.string	""
 3036 0f6f 00       		.string	""
 3037 0f70 00       		.string	""
 3038 0f71 00       		.string	""
 3039 0f72 00       		.string	""
 3040 0f73 00       		.string	""
 3041 0f74 00       		.string	""
 3042 0f75 00       		.string	""
 3043 0f76 00       		.string	""
 3044 0f77 00       		.string	""
 3045 0f78 00       		.string	""
 3046 0f79 00       		.string	""
 3047 0f7a 00       		.string	""
 3048 0f7b 00       		.string	""
 3049 0f7c 00       		.string	""
 3050 0f7d 00       		.string	""
 3051 0f7e 00       		.string	""
 3052 0f7f 00       		.string	""
 3053 0f80 00       		.string	""
 3054 0f81 00       		.string	""
 3055 0f82 00       		.string	""
 3056 0f83 00       		.string	""
 3057 0f84 00       		.string	""
 3058 0f85 00       		.string	""
 3059 0f86 00       		.string	""
 3060 0f87 00       		.string	""
 3061 0f88 00       		.string	""
 3062 0f89 00       		.string	""
 3063 0f8a 00       		.string	""
 3064 0f8b 00       		.string	""
 3065 0f8c 00       		.string	""
 3066 0f8d 00       		.string	""
 3067 0f8e 00       		.string	""
 3068 0f8f 00       		.string	""
 3069 0f90 00       		.string	""
 3070 0f91 00       		.string	""
 3071 0f92 00       		.string	""
 3072 0f93 00       		.string	""
 3073 0f94 00       		.string	""
 3074 0f95 00       		.string	""
 3075 0f96 00       		.string	""
 3076 0f97 00       		.string	""
 3077 0f98 00       		.string	""
 3078 0f99 00       		.string	""
GAS LISTING main.s 			page 60


 3079 0f9a 00       		.string	""
 3080 0f9b 00       		.string	""
 3081 0f9c 00       		.string	""
 3082 0f9d 00       		.string	""
 3083 0f9e 00       		.string	""
 3084 0f9f 00       		.string	""
 3085 0fa0 00       		.string	""
 3086 0fa1 00       		.string	""
 3087 0fa2 00       		.string	""
 3088 0fa3 00       		.string	""
 3089 0fa4 00       		.string	""
 3090 0fa5 00       		.string	""
 3091 0fa6 00       		.string	""
 3092 0fa7 00       		.string	""
 3093 0fa8 00       		.string	""
 3094 0fa9 00       		.string	""
 3095 0faa 00       		.string	""
 3096 0fab 00       		.string	""
 3097 0fac 00       		.string	""
 3098 0fad 00       		.string	""
 3099 0fae 00       		.string	""
 3100 0faf 00       		.string	""
 3101 0fb0 00       		.string	""
 3102 0fb1 00       		.string	""
 3103 0fb2 00       		.string	""
 3104 0fb3 00       		.string	""
 3105 0fb4 00       		.string	""
 3106 0fb5 00       		.string	""
 3107 0fb6 00       		.string	""
 3108 0fb7 00       		.string	""
 3109 0fb8 00       		.string	""
 3110 0fb9 00       		.string	""
 3111 0fba 00       		.string	""
 3112 0fbb 00       		.string	""
 3113 0fbc 00       		.string	""
 3114 0fbd 00       		.string	""
 3115 0fbe 00       		.string	""
 3116 0fbf 00       		.string	""
 3117 0fc0 00       		.string	""
 3118 0fc1 00       		.string	""
 3119 0fc2 00       		.string	""
 3120 0fc3 00       		.string	""
 3121 0fc4 00       		.string	""
 3122 0fc5 00       		.string	""
 3123 0fc6 00       		.string	""
 3124 0fc7 00       		.string	""
 3125 0fc8 00       		.string	""
 3126 0fc9 00       		.string	""
 3127 0fca 00       		.string	""
 3128 0fcb 00       		.string	""
 3129 0fcc 00       		.string	""
 3130 0fcd 00       		.string	""
 3131 0fce 00       		.string	""
 3132 0fcf 00       		.string	""
 3133 0fd0 00       		.string	""
 3134 0fd1 00       		.string	""
 3135 0fd2 00       		.string	""
GAS LISTING main.s 			page 61


 3136 0fd3 00       		.string	""
 3137 0fd4 00       		.string	""
 3138 0fd5 00       		.string	""
 3139 0fd6 00       		.string	""
 3140 0fd7 00       		.string	""
 3141 0fd8 00       		.string	""
 3142 0fd9 00       		.string	""
 3143 0fda 00       		.string	""
 3144 0fdb 00       		.string	""
 3145 0fdc 00       		.string	""
 3146 0fdd 00       		.string	""
 3147 0fde 00       		.string	""
 3148 0fdf 00       		.string	""
 3149 0fe0 00       		.string	""
 3150 0fe1 00       		.string	""
 3151 0fe2 00       		.string	""
 3152 0fe3 00       		.string	""
 3153 0fe4 00       		.string	""
 3154 0fe5 00       		.string	""
 3155 0fe6 00       		.string	""
 3156 0fe7 00       		.string	""
 3157 0fe8 00       		.string	""
 3158 0fe9 00       		.string	""
 3159 0fea 00       		.string	""
 3160 0feb 00       		.string	""
 3161 0fec 00       		.string	""
 3162 0fed 00       		.string	""
 3163 0fee 00       		.string	""
 3164 0fef 00       		.string	""
 3165 0ff0 00       		.string	""
 3166 0ff1 00       		.string	""
 3167 0ff2 00       		.string	""
 3168 0ff3 00       		.string	""
 3169 0ff4 00       		.string	""
 3170 0ff5 00       		.string	""
 3171 0ff6 00       		.string	""
 3172 0ff7 00       		.string	""
 3173 0ff8 00       		.string	""
 3174 0ff9 00       		.string	""
 3175 0ffa 00       		.string	""
 3176 0ffb 00       		.string	""
 3177 0ffc 00       		.string	""
 3178 0ffd 00       		.string	""
 3179 0ffe 00       		.string	""
 3180 0fff 00       		.string	""
 3181              		.section	.rodata.cst16,"aM",@progbits,16
 3182              		.align 16
 3183              	.LC0:
 3184 0000 A0050000 		.long	1440
 3185 0004 84030000 		.long	900
 3186 0008 00000000 		.long	0
 3187 000c 00000000 		.long	0
 3188              		.section	.rodata.cst8,"aM",@progbits,8
 3189              		.align 8
 3190              	.LC1:
 3191 0000 08000000 		.long	8
 3192 0004 10000000 		.long	16
GAS LISTING main.s 			page 62


 3193              		.ident	"GCC: (Ubuntu 13.3.0-6ubuntu2~24.04) 13.3.0"
 3194              		.section	.note.GNU-stack,"",@progbits
 3195              		.section	.note.gnu.property,"a"
 3196              		.align 8
 3197 0000 04000000 		.long	1f - 0f
 3198 0004 10000000 		.long	4f - 1f
 3199 0008 05000000 		.long	5
 3200              	0:
 3201 000c 474E5500 		.string	"GNU"
 3202              	1:
 3203              		.align 8
 3204 0010 020000C0 		.long	0xc0000002
 3205 0014 04000000 		.long	3f - 2f
 3206              	2:
 3207 0018 03000000 		.long	0x3
 3208              	3:
 3209 001c 00000000 		.align 8
 3210              	4:
GAS LISTING main.s 			page 63


DEFINED SYMBOLS
                            *ABS*:0000000000000000 main.c
              main.s:27     .text:0000000000000000 Start_Kernel
              main.s:119    .bss:0000000000001000 Pos
              main.s:113    .bss:0000000000000000 buf
              main.s:126    .data:0000000000000000 font_ascii
              main.s:3183   .rodata.cst16:0000000000000000 .LC0
              main.s:3190   .rodata.cst8:0000000000000000 .LC1
              main.s:9      .rodata.str1.1:0000000000000000 .LC2
              main.s:11     .rodata.str1.1:0000000000000011 .LC3
              main.s:15     .rodata.str1.8:0000000000000000 .LC4
              main.s:18     .rodata.str1.8:0000000000000058 .LC5
              main.s:21     .rodata.str1.8:0000000000000090 .LC6

UNDEFINED SYMBOLS
_GLOBAL_OFFSET_TABLE_
color_printk
