GAS LISTING printk.s 			page 1


   1              		.file	"printk.c"
   2              	# GNU C17 (Ubuntu 13.3.0-6ubuntu2~24.04) version 13.3.0 (x86_64-linux-gnu)
   3              	#	compiled by GNU C version 13.3.0, GMP version 6.3.0, MPFR version 4.2.1, MPC version 1.3.1, isl v
   4              	
   5              	# GGC heuristics: --param ggc-min-expand=91 --param ggc-min-heapsize=114975
   6              	# options passed: -mcmodel=large -m64 -mtune=generic -march=x86-64 -O2 -fno-builtin -fno-stack-prot
   7              		.text
   8              		.section	.rodata.str1.8,"aMS",@progbits,1
   9              		.align 8
  10              	.LC0:
  11 0000 30313233 		.string	"0123456789ABCDEFGHIJKLMNOPQRSTUVWXYZ"
  11      34353637 
  11      38394142 
  11      43444546 
  11      4748494A 
  12 0025 000000   		.align 8
  13              	.LC1:
  14 0028 30313233 		.string	"0123456789abcdefghijklmnopqrstuvwxyz"
  14      34353637 
  14      38396162 
  14      63646566 
  14      6768696A 
  15              		.text
  16              		.p2align 4
  17              		.type	number, @function
  18              	number:
  19              	.LFB39:
  20              		.cfi_startproc
  21 0000 F30F1EFA 		endbr64	
  22              	.L84:
  23 0004 4157     		pushq	%r15	#
  24              		.cfi_def_cfa_offset 16
  25              		.cfi_offset 15, -16
  26 0006 4889F0   		movq	%rsi, %rax	# tmp199, num
  27 0009 4189CA   		movl	%ecx, %r10d	# tmp201, size
  28 000c 49BB0000 		movabsq	$_GLOBAL_OFFSET_TABLE_-.L84, %r11	#,
  28      00000000 
  28      0000
  29 0016 4156     		pushq	%r14	#
  30              		.cfi_def_cfa_offset 24
  31              		.cfi_offset 14, -24
  32 0018 4155     		pushq	%r13	#
  33              		.cfi_def_cfa_offset 32
  34              		.cfi_offset 13, -32
  35 001a 4154     		pushq	%r12	#
  36              		.cfi_def_cfa_offset 40
  37              		.cfi_offset 12, -40
  38 001c 55       		pushq	%rbp	#
  39              		.cfi_def_cfa_offset 48
  40              		.cfi_offset 6, -48
  41 001d 89D5     		movl	%edx, %ebp	# tmp200, base
  42              	# printk.c:160: 		digits="0123456789abcdefghijklmnopqrstuvwxyz";
  43 001f 48BA0000 		movabsq	$.LC1@GOTOFF, %rdx	#, tmp143
  43      00000000 
  43      0000
  44              	# printk.c:155: static char *number(char *str,long num,int base,int size,int precision,int type){
  45 0029 53       		pushq	%rbx	#
GAS LISTING printk.s 			page 2


  46              		.cfi_def_cfa_offset 56
  47              		.cfi_offset 3, -56
  48 002a 488D1DD3 		leaq	.L84(%rip), %rbx	#, tmp82
  48      FFFFFF
  49 0031 4C01DB   		addq	%r11, %rbx	#, tmp82
  50              	# printk.c:160: 		digits="0123456789abcdefghijklmnopqrstuvwxyz";
  51 0034 4C8D2413 		leaq	(%rbx,%rdx), %r12	#, digits
  52              	# printk.c:159: 	if(type & SMALL){
  53 0038 41F6C140 		testb	$64, %r9b	#, type
  54 003c 750E     		jne	.L2	#,
  55              	# printk.c:157: 	const char *digits="0123456789ABCDEFGHIJKLMNOPQRSTUVWXYZ";
  56 003e 48BA0000 		movabsq	$.LC0@GOTOFF, %rdx	#, tmp142
  56      00000000 
  56      0000
  57 0048 4C8D2413 		leaq	(%rbx,%rdx), %r12	#, digits
  58              	.L2:
  59              	# printk.c:162: 	if(type & LEFT){
  60 004c 4489CE   		movl	%r9d, %esi	# type, _2
  61 004f 83E610   		andl	$16, %esi	#, _2
  62 0052 897424B0 		movl	%esi, -80(%rsp)	# _2, %sfp
  63 0056 0F84DC01 		je	.L93	#,
  63      0000
  64              	# printk.c:163: 		type &=~ZEROPAD;
  65 005c 4183E1FE 		andl	$-2, %r9d	#, type
  66 0060 41BE1000 		movl	$16, %r14d	#, _40
  66      0000
  67              	# printk.c:168: 	c=(type & ZEROPAD) ? '0' : ' ';
  68 0066 BB200000 		movl	$32, %ebx	#, iftmp.38_44
  68      00
  69              	# printk.c:180: 	if(type&SPECIAL){
  70 006b 4589CF   		movl	%r9d, %r15d	# type, _18
  71 006e 4183E720 		andl	$32, %r15d	#, _18
  72              	# printk.c:170: 	if(type & SIGN  && num <0){
  73 0072 41F6C102 		testb	$2, %r9b	#, type
  74 0076 7409     		je	.L5	#,
  75              	.L100:
  76 0078 4885C0   		testq	%rax, %rax	# num
  77 007b 0F880F02 		js	.L94	#,
  77      0000
  78              	.L5:
  79              	# printk.c:174: 		sign=(type & PLUS)? '+':((type&SPACE)?' ' :0);
  80 0081 41F6C104 		testb	$4, %r9b	#, type
  81 0085 0F84E501 		je	.L95	#,
  81      0000
  82              	# printk.c:174: 		sign=(type & PLUS)? '+':((type&SPACE)?' ' :0);
  83 008b BA2B0000 		movl	$43, %edx	#, sign
  83      00
  84              	.L8:
  85              	# printk.c:178: 		size--;
  86 0090 4183EA01 		subl	$1, %r10d	#, size
  87              	.L9:
  88              	# printk.c:180: 	if(type&SPECIAL){
  89 0094 4585FF   		testl	%r15d, %r15d	# _18
  90 0097 741A     		je	.L10	#,
  91              	.L6:
  92              	# printk.c:181: 		if(base==16){
  93 0099 83FD10   		cmpl	$16, %ebp	#, base
GAS LISTING printk.s 			page 3


  94 009c 0F847E02 		je	.L96	#,
  94      0000
  95              	# printk.c:184: 			size=size-1;
  96 00a2 31C9     		xorl	%ecx, %ecx	# tmp208
  97 00a4 83FD08   		cmpl	$8, %ebp	#, base
  98 00a7 41BF2000 		movl	$32, %r15d	#, _18
  98      0000
  99 00ad 0F94C1   		sete	%cl	#, tmp208
 100 00b0 4129CA   		subl	%ecx, %r10d	# tmp208, size
 101              	.L10:
 102              	# printk.c:187: 	if(num==0){
 103 00b3 4885C0   		testq	%rax, %rax	# num
 104 00b6 0F85E901 		jne	.L7	#,
 104      0000
 105 00bc 488D4424 		leaq	-72(%rsp), %rax	#, tmp170
 105      B8
 106              	# printk.c:188: 		tmp[i++]='0';
 107 00c1 C64424B8 		movb	$48, -72(%rsp)	#, tmp[0]
 107      30
 108 00c6 31C9     		xorl	%ecx, %ecx	# prephitmp_47
 109              	# printk.c:188: 		tmp[i++]='0';
 110 00c8 BE010000 		movl	$1, %esi	#, i
 110      00
 111 00cd 48894424 		movq	%rax, -88(%rsp)	# tmp170, %sfp
 111      A8
 112              	.L12:
 113              	# printk.c:193: 	if(i>precision){
 114 00d2 4439C6   		cmpl	%r8d, %esi	# precision, i
 115 00d5 440F4DC6 		cmovge	%esi, %r8d	# i,, _80
 116              	# printk.c:196: 	size-=precision;
 117 00d9 4529C2   		subl	%r8d, %r10d	# _80, size
 118              	# printk.c:197: 	if(!(type&(ZEROPAD+LEFT))){
 119 00dc 4585F6   		testl	%r14d, %r14d	# _40
 120 00df 7545     		jne	.L14	#,
 121 00e1 4489D0   		movl	%r10d, %eax	# size, size
 122 00e4 4801F8   		addq	%rdi, %rax	# str, _196
 123              	# printk.c:198: 		while(size-- >0){
 124 00e7 4585D2   		testl	%r10d, %r10d	# size
 125 00ea 0F8E4802 		jle	.L76	#,
 125      0000
 126 00f0 4989C1   		movq	%rax, %r9	# _196, tmp195
 127 00f3 4929F9   		subq	%rdi, %r9	# str, tmp195
 128 00f6 4183E101 		andl	$1, %r9d	#, tmp195
 129 00fa 7414     		je	.L16	#,
 130              	# printk.c:199: 			*str++=' ';
 131 00fc 4883C701 		addq	$1, %rdi	#, str
 132              	# printk.c:199: 			*str++=' ';
 133 0100 C647FF20 		movb	$32, -1(%rdi)	#, MEM[(char *)str_76 + -1B]
 134              	# printk.c:198: 		while(size-- >0){
 135 0104 4839C7   		cmpq	%rax, %rdi	# _196, str
 136 0107 7417     		je	.L83	#,
 137 0109 0F1F8000 		.p2align 4,,10
 137      000000
 138              		.p2align 3
 139              	.L16:
 140              	# printk.c:199: 			*str++=' ';
 141 0110 C60720   		movb	$32, (%rdi)	#, MEM[(char *)str_76 + -1B]
GAS LISTING printk.s 			page 4


 142              	# printk.c:199: 			*str++=' ';
 143 0113 4883C702 		addq	$2, %rdi	#, str
 144              	# printk.c:199: 			*str++=' ';
 145 0117 C647FF20 		movb	$32, -1(%rdi)	#, MEM[(char *)str_76 + -1B]
 146              	# printk.c:198: 		while(size-- >0){
 147 011b 4839C7   		cmpq	%rax, %rdi	# _196, str
 148 011e 75F0     		jne	.L16	#,
 149              	.L83:
 150              	# printk.c:198: 		while(size-- >0){
 151 0120 41BAFFFF 		movl	$-1, %r10d	#, size
 151      FFFF
 152              	.L14:
 153              	# printk.c:202: 	if(sign){
 154 0126 84D2     		testb	%dl, %dl	# sign
 155 0128 7406     		je	.L17	#,
 156              	# printk.c:203: 		*str++=sign;
 157 012a 8817     		movb	%dl, (%rdi)	# sign, *str_23
 158              	# printk.c:203: 		*str++=sign;
 159 012c 4883C701 		addq	$1, %rdi	#, str
 160              	.L17:
 161              	# printk.c:205: 	if(type&SPECIAL){
 162 0130 4585FF   		testl	%r15d, %r15d	# _18
 163 0133 7412     		je	.L18	#,
 164              	# printk.c:206: 		if(base==8){
 165 0135 83FD08   		cmpl	$8, %ebp	#, base
 166 0138 0F84D201 		je	.L97	#,
 166      0000
 167              	# printk.c:208: 		}else if(base==16){
 168 013e 83FD10   		cmpl	$16, %ebp	#, base
 169 0141 0F84B101 		je	.L98	#,
 169      0000
 170              	.L18:
 171              	# printk.c:213: 	if(!(type&LEFT)){
 172 0147 8B4424B0 		movl	-80(%rsp), %eax	# %sfp,
 173 014b 85C0     		testl	%eax, %eax	#
 174 014d 753D     		jne	.L20	#,
 175 014f 4489D0   		movl	%r10d, %eax	# size, size
 176 0152 4801F8   		addq	%rdi, %rax	# str, _191
 177              	# printk.c:214: 		while(size-- >0){
 178 0155 4585D2   		testl	%r10d, %r10d	# size
 179 0158 0F8EE301 		jle	.L78	#,
 179      0000
 180 015e 4889C2   		movq	%rax, %rdx	# _191, tmp190
 181 0161 4829FA   		subq	%rdi, %rdx	# str, tmp190
 182 0164 83E201   		andl	$1, %edx	#, tmp190
 183 0167 740F     		je	.L22	#,
 184              	# printk.c:215: 			*str++=c;
 185 0169 4883C701 		addq	$1, %rdi	#, str
 186              	# printk.c:215: 			*str++=c;
 187 016d 885FFF   		movb	%bl, -1(%rdi)	# iftmp.38_44, MEM[(char *)str_87 + -1B]
 188              	# printk.c:214: 		while(size-- >0){
 189 0170 4839C7   		cmpq	%rax, %rdi	# _191, str
 190 0173 7411     		je	.L82	#,
 191              		.p2align 4,,10
 192 0175 0F1F00   		.p2align 3
 193              	.L22:
 194              	# printk.c:215: 			*str++=c;
GAS LISTING printk.s 			page 5


 195 0178 881F     		movb	%bl, (%rdi)	# iftmp.38_44, MEM[(char *)str_87 + -1B]
 196              	# printk.c:215: 			*str++=c;
 197 017a 4883C702 		addq	$2, %rdi	#, str
 198              	# printk.c:215: 			*str++=c;
 199 017e 885FFF   		movb	%bl, -1(%rdi)	# iftmp.38_44, MEM[(char *)str_87 + -1B]
 200              	# printk.c:214: 		while(size-- >0){
 201 0181 4839C7   		cmpq	%rax, %rdi	# _191, str
 202 0184 75F2     		jne	.L22	#,
 203              	.L82:
 204              	# printk.c:214: 		while(size-- >0){
 205 0186 41BAFFFF 		movl	$-1, %r10d	#, size
 205      FFFF
 206              	.L20:
 207              	# printk.c:218: 	while(i<precision--){
 208 018c 4439C6   		cmpl	%r8d, %esi	# _80, i
 209 018f 0F8D9B01 		jge	.L99	#,
 209      0000
 210 0195 4129F0   		subl	%esi, %r8d	# i, tmp159
 211 0198 418D50FF 		leal	-1(%r8), %edx	#, tmp161
 212 019c 488D4417 		leaq	1(%rdi,%rdx), %rax	#, str
 212      01
 213 01a1 83E201   		andl	$1, %edx	#, tmp161
 214 01a4 7512     		jne	.L23	#,
 215              	# printk.c:219: 		*str++='0';
 216 01a6 4883C701 		addq	$1, %rdi	#, str
 217              	# printk.c:219: 		*str++='0';
 218 01aa C647FF30 		movb	$48, -1(%rdi)	#, MEM[(char *)str_96 + -1B]
 219              	# printk.c:218: 	while(i<precision--){
 220 01ae 4839C7   		cmpq	%rax, %rdi	# str, str
 221 01b1 7415     		je	.L24	#,
 222              		.p2align 4,,10
 223 01b3 0F1F4400 		.p2align 3
 223      00
 224              	.L23:
 225              	# printk.c:219: 		*str++='0';
 226 01b8 C60730   		movb	$48, (%rdi)	#, MEM[(char *)str_96 + -1B]
 227              	# printk.c:219: 		*str++='0';
 228 01bb 4883C702 		addq	$2, %rdi	#, str
 229              	# printk.c:219: 		*str++='0';
 230 01bf C647FF30 		movb	$48, -1(%rdi)	#, MEM[(char *)str_96 + -1B]
 231              	# printk.c:218: 	while(i<precision--){
 232 01c3 4839C7   		cmpq	%rax, %rdi	# str, str
 233 01c6 75F0     		jne	.L23	#,
 234              	.L24:
 235 01c8 488B5C24 		movq	-88(%rsp), %rbx	# %sfp, tmp170
 235      A8
 236 01cd 4863D1   		movslq	%ecx, %rdx	# prephitmp_47, prephitmp_47
 237 01d0 83C101   		addl	$1, %ecx	#, tmp165
 238 01d3 4863C9   		movslq	%ecx, %rcx	# tmp165, tmp166
 239 01d6 4801D3   		addq	%rdx, %rbx	# prephitmp_47, tmp170
 240 01d9 4801C1   		addq	%rax, %rcx	# str, str
 241 01dc 4889DA   		movq	%rbx, %rdx	# tmp170, ivtmp.88
 242 01df 90       		.p2align 4,,10
 243              		.p2align 3
 244              	.L26:
 245              	# printk.c:222: 		*str++=tmp[i];
 246 01e0 0FB632   		movzbl	(%rdx), %esi	# MEM[(char *)_175], MEM[(char *)_175]
GAS LISTING printk.s 			page 6


 247              	# printk.c:222: 		*str++=tmp[i];
 248 01e3 4883C001 		addq	$1, %rax	#, str
 249              	# printk.c:221: 	while(i-- >0){
 250 01e7 4883EA01 		subq	$1, %rdx	#, ivtmp.88
 251              	# printk.c:222: 		*str++=tmp[i];
 252 01eb 408870FF 		movb	%sil, -1(%rax)	# MEM[(char *)_175], MEM[(char *)str_94 + -1B]
 253              	# printk.c:221: 	while(i-- >0){
 254 01ef 4839C8   		cmpq	%rcx, %rax	# str, str
 255 01f2 75EC     		jne	.L26	#,
 256              	# printk.c:224: 	while(size-- >0){
 257 01f4 4585D2   		testl	%r10d, %r10d	# size
 258 01f7 7E2F     		jle	.L1	#,
 259 01f9 4589D2   		movl	%r10d, %r10d	# size, size
 260 01fc 4A8D0411 		leaq	(%rcx,%r10), %rax	#, <retval>
 261 0200 4183E201 		andl	$1, %r10d	#, size
 262 0204 7412     		je	.L28	#,
 263              	# printk.c:225: 		*str++=' ';
 264 0206 4883C101 		addq	$1, %rcx	#, str
 265              	# printk.c:225: 		*str++=' ';
 266 020a C641FF20 		movb	$32, -1(%rcx)	#, MEM[(char *)str_92 + -1B]
 267              	# printk.c:224: 	while(size-- >0){
 268 020e 4839C1   		cmpq	%rax, %rcx	# <retval>, str
 269 0211 7415     		je	.L1	#,
 270              		.p2align 4,,10
 271 0213 0F1F4400 		.p2align 3
 271      00
 272              	.L28:
 273              	# printk.c:225: 		*str++=' ';
 274 0218 C60120   		movb	$32, (%rcx)	#, MEM[(char *)str_92 + -1B]
 275              	# printk.c:225: 		*str++=' ';
 276 021b 4883C102 		addq	$2, %rcx	#, str
 277              	# printk.c:225: 		*str++=' ';
 278 021f C641FF20 		movb	$32, -1(%rcx)	#, MEM[(char *)str_92 + -1B]
 279              	# printk.c:224: 	while(size-- >0){
 280 0223 4839C1   		cmpq	%rax, %rcx	# <retval>, str
 281 0226 75F0     		jne	.L28	#,
 282              	.L1:
 283              	# printk.c:228: }
 284 0228 5B       		popq	%rbx	#
 285              		.cfi_remember_state
 286              		.cfi_def_cfa_offset 48
 287 0229 5D       		popq	%rbp	#
 288              		.cfi_def_cfa_offset 40
 289 022a 415C     		popq	%r12	#
 290              		.cfi_def_cfa_offset 32
 291 022c 415D     		popq	%r13	#
 292              		.cfi_def_cfa_offset 24
 293 022e 415E     		popq	%r14	#
 294              		.cfi_def_cfa_offset 16
 295 0230 415F     		popq	%r15	#
 296              		.cfi_def_cfa_offset 8
 297 0232 C3       		ret	
 298              		.p2align 4,,10
 299 0233 0F1F4400 		.p2align 3
 299      00
 300              	.L93:
 301              		.cfi_restore_state
GAS LISTING printk.s 			page 7


 302              	# printk.c:168: 	c=(type & ZEROPAD) ? '0' : ' ';
 303 0238 4489CA   		movl	%r9d, %edx	# type, _5
 304              	# printk.c:197: 	if(!(type&(ZEROPAD+LEFT))){
 305 023b 4589CE   		movl	%r9d, %r14d	# type, _40
 306              	# printk.c:180: 	if(type&SPECIAL){
 307 023e 4589CF   		movl	%r9d, %r15d	# type, _18
 308              	# printk.c:168: 	c=(type & ZEROPAD) ? '0' : ' ';
 309 0241 83E201   		andl	$1, %edx	#, _5
 310              	# printk.c:197: 	if(!(type&(ZEROPAD+LEFT))){
 311 0244 4183E611 		andl	$17, %r14d	#, _40
 312              	# printk.c:168: 	c=(type & ZEROPAD) ? '0' : ' ';
 313 0248 83FA01   		cmpl	$1, %edx	#, _5
 314 024b 19DB     		sbbl	%ebx, %ebx	# iftmp.38_44
 315 024d 83E3F0   		andl	$-16, %ebx	#, iftmp.38_44
 316 0250 83C330   		addl	$48, %ebx	#, iftmp.38_44
 317 0253 85D2     		testl	%edx, %edx	# _5
 318 0255 440F44F6 		cmove	%esi, %r14d	# _40,, _2, _40
 319              	# printk.c:180: 	if(type&SPECIAL){
 320 0259 4183E720 		andl	$32, %r15d	#, _18
 321              	# printk.c:170: 	if(type & SIGN  && num <0){
 322 025d 41F6C102 		testb	$2, %r9b	#, type
 323 0261 0F8511FE 		jne	.L100	#,
 323      FFFF
 324 0267 E915FEFF 		jmp	.L5	#
 324      FF
 325 026c 0F1F4000 		.p2align 4,,10
 326              		.p2align 3
 327              	.L95:
 328              	# printk.c:177: 	if(sign){
 329 0270 4489CA   		movl	%r9d, %edx	# type, sign
 330 0273 83E208   		andl	$8, %edx	#, sign
 331 0276 0F8418FE 		je	.L9	#,
 331      FFFF
 332 027c BA200000 		movl	$32, %edx	#, sign
 332      00
 333 0281 E90AFEFF 		jmp	.L8	#
 333      FF
 334 0286 662E0F1F 		.p2align 4,,10
 334      84000000 
 334      0000
 335              		.p2align 3
 336              	.L94:
 337              	# printk.c:172: 		num=-num;
 338 0290 48F7D8   		negq	%rax	# num
 339              	# printk.c:178: 		size--;
 340 0293 4183EA01 		subl	$1, %r10d	#, size
 341              	# printk.c:171: 		sign='-';
 342 0297 BA2D0000 		movl	$45, %edx	#, sign
 342      00
 343              	# printk.c:180: 	if(type&SPECIAL){
 344 029c 4585FF   		testl	%r15d, %r15d	# _18
 345 029f 0F85F4FD 		jne	.L6	#,
 345      FFFF
 346              	.L7:
 347 02a5 488D7424 		leaq	-72(%rsp), %rsi	#, tmp170
 347      B8
 348              	# printk.c:191: 		tmp[i++]=digits[do_div2(num,base)];
GAS LISTING printk.s 			page 8


 349 02aa 44897C24 		movl	%r15d, -76(%rsp)	# _18, %sfp
 349      B4
 350 02af 4C63DD   		movslq	%ebp, %r11	# base, _26
 351 02b2 4531ED   		xorl	%r13d, %r13d	# tmp153
 352 02b5 48897424 		movq	%rsi, -88(%rsp)	# tmp170, %sfp
 352      A8
 353 02ba 4989F1   		movq	%rsi, %r9	# tmp170, ivtmp.118
 354 02bd 4189D7   		movl	%edx, %r15d	# sign, sign
 355              	# printk.c:158: 	int i=0;
 356 02c0 31F6     		xorl	%esi, %esi	# i
 357              		.p2align 4,,10
 358 02c2 660F1F44 		.p2align 3
 358      0000
 359              	.L13:
 360              	# printk.c:191: 		tmp[i++]=digits[do_div2(num,base)];
 361 02c8 4489EA   		movl	%r13d, %edx	# tmp153, __res
 362 02cb 89F1     		movl	%esi, %ecx	# i, prephitmp_47
 363              	# printk.c:189: 	}else while (num!=0){
 364 02cd 4983C101 		addq	$1, %r9	#, ivtmp.118
 365              	# printk.c:191: 		tmp[i++]=digits[do_div2(num,base)];
 366 02d1 83C601   		addl	$1, %esi	#, i
 367              	# printk.c:191: 		tmp[i++]=digits[do_div2(num,base)];
 368              	#APP
 369              	# 191 "printk.c" 1
   1              	#include<stdarg.h>
   2              	#include"printk.h"
   3              	#include"lib.h"
   4              	#include"linkage.h"
   5              	
   6              	void putchar(unsigned int *fb,int Xsize,int x,int y,unsigned int FRcolor,unsigned int BKcolor,unsig
   7              		int i=0;
   8              		int j=0;
   9              		unsigned int *addr = NULL;
  10              		unsigned char *fontp = NULL;
  11              		int testval=0;
  12              		fontp=font_ascii[font];
  13              		for(i=0;i<16;i++){
  14              		//Shift the mask one position to the right. After the first cycle, it becomes 0x80, then 0x40, 0x2
  15              			addr=fb+Xsize*(y+i)+x;
  16              			testval =0x100;
  17              			for(j=0;j<8;j++){
  18              				testval =testval >>1;
  19              				if(*fontp & testval){
  20              					*addr =FRcolor;
  21              				}else{
  22              					*addr =BKcolor;
  23              				}
  24              				addr++;
  25              			}
  26              			fontp++;
  27              		}
  28              	}
  29              	
  30              	int color_printk(unsigned int FRcolor,unsigned int BKcolor,const char *fmt,...){
  31              		int i=0;
  32              		int count=0;
  33              		int line=0;
GAS LISTING printk.s 			page 9


  34              		va_list args;
  35              		va_start(args,fmt);	
  36              		i=vsprintf(buf,fmt,args);
  37              		va_end(args);
  38              		for(count=0;count<i || line;count++){
  39              			if(line >0){
  40              				count--;
  41              				goto Label_tab;
  42              			}
  43              			if((unsigned char)*(buf+count)=='\n'){
  44              				Pos.YPosition++;
  45              				Pos.XPosition=0;
  46              			}else if((unsigned char)*(buf+count)=='\b'){
  47              				Pos.XPosition--;
  48              				if(Pos.XPosition<0){
  49              					Pos.XPosition=(Pos.XResolution/ Pos.XCharSize-1)*Pos.XCharSize;
  50              					Pos.YPosition--;
  51              					if(Pos.YPosition<0){
  52              						Pos.YPosition=(Pos.YResolution/ Pos.YCharSize-1)*Pos.YCharSize;
  53              				}
  54              				}
  55              				putchar(Pos.FB_addr,Pos.XResolution,Pos.XPosition*Pos.XCharSize,Pos.YPosition*Pos.YCharSize,FRco
  56              			}else if((unsigned char)*(buf+count)=='\t'){
  57              				//~7 的二进制是 11111000（假设8位）
  58              				//清除低3位（因为8=2³），实现8字节边界对齐
  59              					line =((Pos.XPosition+8)& ~(8-1))-Pos.XPosition;
  60              				Label_tab:
  61              					line--;
  62              					putchar(Pos.FB_addr,Pos.XResolution,Pos.XPosition*Pos.XCharSize,Pos.YPosition*Pos.YCharSize,FRc
  63              					Pos.XPosition++;
  64              			}else{
  65              				putchar(Pos.FB_addr,Pos.XResolution,Pos.XPosition*Pos.XCharSize,Pos.YPosition*Pos.YCharSize,FRco
  66              				Pos.XPosition++;
  67              			}
  68              			if(Pos.XPosition>=(Pos.XResolution/Pos.XCharSize)){
  69              				Pos.YPosition++;
  70              				Pos.XPosition=0;
  71              		}
  72              			if(Pos.YPosition>=(Pos.YResolution/Pos.YCharSize)){
  73              				Pos.YPosition=0;
  74              			}
  75              	}
  76              	return i;
  77              	}
  78              	
  79              	
  80              	void clear_screen(unsigned int FRcolor,unsigned int BKcolor) {
  81              	    int cols = Pos.XResolution / Pos.XCharSize;
  82              	    int rows = Pos.YResolution / Pos.YCharSize;
  83              	    // 遍历所有位置输出空格
  84              	    for (int y = 0; y < rows; y++) {
  85              	        for (int x = 0; x < cols; x++) {
  86              	            putchar(Pos.FB_addr, Pos.XResolution, 
  87              	                   x * Pos.XCharSize, y * Pos.YCharSize,
  88              	                   FRcolor, BKcolor, ' ');
  89              	        }
  90              	    }
GAS LISTING printk.s 			page 10


  91              	    // 重置光标位置
  92              	    Pos.XPosition = 0;
  93              	    Pos.YPosition = 0;
  94              	}	
  95              			
  96              	
  97              		
  98              	int skip_atoi2(const char **s){
  99              		int i=0;
 100              		while(is_digit(**s)){
 101              			// i=i*10+*((*s)++)-'0';
 102              			char current_char = **s;  // 获取当前字符
 103              			(*s)++;                   // 指针向后移动
 104              			i = i * 10 + (current_char - '0');  // 更新数值
 105              		}
 106              		return i;
 107              	}
 108              	
 109              	int skip_atoi(const char **s){
 110              	 	int i=0;
 111              	 	char current_char;
 112              	 	while(is_digit(current_char = **s)){
 113              	 		(*s)++;                   // 指针向后移动
 114              	 		i = i * 10 + (current_char - '0');  // 更新数值
 115              	 	}
 116              	 	return i;
 117              	}
 118              	
 119              	// int atoi(const char *str) {
 120              	//     int result = 0;      // 存储转换结果
 121              	//     int sign = 1;        // 符号位，1表示正数，-1表示负数
 122              	//     int i = 0;           // 字符串索引
 123              	    
 124              	//     // 1. 跳过前导空白字符
 125              	//     while (str[i] == ' ' || str[i] == '\t' || str[i] == '\n' || 
 126              	//            str[i] == '\r' || str[i] == '\f' || str[i] == '\v') {
 127              	//         i++;
 128              	//     }
 129              	    
 130              	//     // 2. 处理可选的正负号
 131              	//     if (str[i] == '-') {
 132              	//         sign = -1;
 133              	//         i++;
 134              	//     } else if (str[i] == '+') {
 135              	//         sign = 1;
 136              	//         i++;
 137              	//     }
 138              	    
 139              	//     // 3. 转换数字部分
 140              	//     while (is_digit(str[i])) {
 141              	//         // 检查是否会发生溢出
 142              	//         if (result > INT_MAX / 10 || 
 143              	//             (result == INT_MAX / 10 && (str[i] - '0') > INT_MAX % 10)) {
 144              	//             return (sign == 1) ? INT_MAX : INT_MIN;
 145              	//         }
 146              	        
 147              	//         result = result * 10 + (str[i] - '0');
GAS LISTING printk.s 			page 11


 148              	//         i++;
 149              	//     }
 150              	    
 151              	//     // 4. 返回结果（考虑符号）
 152              	//     return sign * result;
 153              	// }
 154              	
 155              	static char *number(char *str,long num,int base,int size,int precision,int type){
 156              		char c,sign,tmp[50];
 157              		const char *digits="0123456789ABCDEFGHIJKLMNOPQRSTUVWXYZ";
 158              		int i=0;
 159              		if(type & SMALL){
 160              			digits="0123456789abcdefghijklmnopqrstuvwxyz";
 161              		}
 162              		if(type & LEFT){
 163              			type &=~ZEROPAD;
 164              		}
 165              		if(base<2 || base>36){
 166              			return 0;	
 167              		}
 168              		c=(type & ZEROPAD) ? '0' : ' ';
 169              		sign=0;
 170              		if(type & SIGN  && num <0){
 171              			sign='-';
 172              			num=-num;
 173              		}else{
 174              			sign=(type & PLUS)? '+':((type&SPACE)?' ' :0);
 175              		}
 176              		//If there are symbols, reduce the size by 1
 177              		if(sign){
 178              			size--;
 179              		}
 180              		if(type&SPECIAL){
 181              			if(base==16){
 182              				size=size-2;
 183              			}else if(base==8){
 184              				size=size-1;
 185              			}
 186              		}
 187              		if(num==0){
 188              			tmp[i++]='0';
 189              		}else while (num!=0){
 190              			// do_div(num,base) 返回num除以base的余数
 191 02d4 49F7F3   			tmp[i++]=digits[do_div2(num,base)];
 192              		}
 370              		divq %r11		# _26
 371              	# 0 "" 2
 372              	#NO_APP
 373 02d7 4863D2   		movslq	%edx, %rdx	# __res, __res
 374              	# printk.c:191: 		tmp[i++]=digits[do_div2(num,base)];
 375 02da 410FB614 		movzbl	(%r12,%rdx), %edx	# *_13, *_13
 375      14
 376 02df 418851FF 		movb	%dl, -1(%r9)	# *_13, MEM[(char *)_200]
 377              	# printk.c:189: 	}else while (num!=0){
 378 02e3 4885C0   		testq	%rax, %rax	# num
 379 02e6 75E0     		jne	.L13	#,
 380 02e8 4489FA   		movl	%r15d, %edx	# sign, sign
GAS LISTING printk.s 			page 12


 381 02eb 448B7C24 		movl	-76(%rsp), %r15d	# %sfp, _18
 381      B4
 382 02f0 E9DDFDFF 		jmp	.L12	#
 382      FF
 383              		.p2align 4,,10
 384 02f5 0F1F00   		.p2align 3
 385              	.L98:
 386              	# printk.c:210: 			*str++=digits[33];
 387 02f8 410FB644 		movzbl	33(%r12), %eax	# MEM[(const char *)digits_39 + 33B], MEM[(const char *)digits_39 + 33B]
 387      2421
 388              	# printk.c:209: 			*str++='0';
 389 02fe C60730   		movb	$48, (%rdi)	#, *str_24
 390              	# printk.c:210: 			*str++=digits[33];
 391 0301 4883C702 		addq	$2, %rdi	#, str
 392              	# printk.c:210: 			*str++=digits[33];
 393 0305 8847FF   		movb	%al, -1(%rdi)	# MEM[(const char *)digits_39 + 33B], MEM[(char *)str_24 + 1B]
 394 0308 E93AFEFF 		jmp	.L18	#
 394      FF
 395 030d 0F1F00   		.p2align 4,,10
 396              		.p2align 3
 397              	.L97:
 398              	# printk.c:207: 			*str++='0';
 399 0310 C60730   		movb	$48, (%rdi)	#, *str_24
 400              	# printk.c:207: 			*str++='0';
 401 0313 4883C701 		addq	$1, %rdi	#, str
 402 0317 E92BFEFF 		jmp	.L18	#
 402      FF
 403 031c 0F1F4000 		.p2align 4,,10
 404              		.p2align 3
 405              	.L96:
 406              	# printk.c:182: 			size=size-2;
 407 0320 4183EA02 		subl	$2, %r10d	#, size
 408 0324 41BF2000 		movl	$32, %r15d	#, _18
 408      0000
 409 032a E984FDFF 		jmp	.L10	#
 409      FF
 410 032f 90       		.p2align 4,,10
 411              		.p2align 3
 412              	.L99:
 413              	# printk.c:218: 	while(i<precision--){
 414 0330 4889F8   		movq	%rdi, %rax	# str, str
 415 0333 E990FEFF 		jmp	.L24	#
 415      FF
 416              	.L76:
 417              	# printk.c:198: 		while(size-- >0){
 418 0338 4183EA01 		subl	$1, %r10d	#, size
 419 033c E9E5FDFF 		jmp	.L14	#
 419      FF
 420              	.L78:
 421              	# printk.c:214: 		while(size-- >0){
 422 0341 4183EA01 		subl	$1, %r10d	#, size
 423 0345 E942FEFF 		jmp	.L20	#
 423      FF
 424              		.cfi_endproc
 425              	.LFE39:
 426              		.size	number, .-number
 427 034a 660F1F44 		.p2align 4
GAS LISTING printk.s 			page 13


 427      0000
 428              		.globl	putchar
 429              		.type	putchar, @function
 430              	putchar:
 431              	.LFB34:
 432              		.cfi_startproc
 433 0350 F30F1EFA 		endbr64	
 434              	.L108:
 435              	# printk.c:6: void putchar(unsigned int *fb,int Xsize,int x,int y,unsigned int FRcolor,unsigned int
 436 0354 89F0     		movl	%esi, %eax	# tmp127, Xsize
 437 0356 4C8D15F7 		leaq	.L108(%rip), %r10	#, tmp82
 437      FFFFFF
 438              	# printk.c:12: 	fontp=font_ascii[font];
 439 035d 0FB67424 		movzbl	8(%rsp), %esi	# font, font
 439      08
 440              	# printk.c:15: 		addr=fb+Xsize*(y+i)+x;
 441 0362 4863D2   		movslq	%edx, %rdx	# tmp128, x
 442 0365 49BB0000 		movabsq	$_GLOBAL_OFFSET_TABLE_-.L108, %r11	#,
 442      00000000 
 442      0000
 443 036f 0FAFC8   		imull	%eax, %ecx	# Xsize, tmp118
 444 0372 4D01DA   		addq	%r11, %r10	#, tmp82
 445              	# printk.c:12: 	fontp=font_ascii[font];
 446 0375 48C1E604 		salq	$4, %rsi	#, tmp114
 447 0379 49BB0000 		movabsq	$font_ascii@GOTOFF, %r11	#, tmp116
 447      00000000 
 447      0000
 448 0383 4D01DA   		addq	%r11, %r10	# tmp116, tmp115
 449 0386 4C01D6   		addq	%r10, %rsi	# tmp115, fontp
 450 0389 4C63D0   		movslq	%eax, %r10	# Xsize, Xsize
 451 038c 4863C1   		movslq	%ecx, %rax	# tmp118, tmp119
 452 038f 488D4410 		leaq	8(%rax,%rdx), %rax	#, tmp122
 452      08
 453 0394 49C1E202 		salq	$2, %r10	#, _60
 454 0398 4C8D5E10 		leaq	16(%rsi), %r11	#, _74
 455 039c 488D3C87 		leaq	(%rdi,%rax,4), %rdi	#, ivtmp.142
 456              		.p2align 4,,10
 457              		.p2align 3
 458              	.L104:
 459              	# printk.c:15: 		addr=fb+Xsize*(y+i)+x;
 460 03a0 488D47E0 		leaq	-32(%rdi), %rax	#, addr
 461              	# printk.c:16: 		testval =0x100;
 462 03a4 BA000100 		movl	$256, %edx	#, testval
 462      00
 463 03a9 0F1F8000 		.p2align 4,,10
 463      000000
 464              		.p2align 3
 465              	.L103:
 466              	# printk.c:19: 			if(*fontp & testval){
 467 03b0 0FB60E   		movzbl	(%rsi), %ecx	# MEM[(unsigned char *)fontp_33], MEM[(unsigned char *)fontp_33]
 468              	# printk.c:18: 			testval =testval >>1;
 469 03b3 D1FA     		sarl	%edx	# testval
 470              	# printk.c:20: 				*addr =FRcolor;
 471 03b5 85D1     		testl	%edx, %ecx	# testval, MEM[(unsigned char *)fontp_33]
 472 03b7 4489C1   		movl	%r8d, %ecx	# FRcolor, cstore_86
 473 03ba 410F44C9 		cmove	%r9d, %ecx	# BKcolor,, cstore_86
 474              	# printk.c:24: 			addr++;
GAS LISTING printk.s 			page 14


 475 03be 4883C004 		addq	$4, %rax	#, addr
 476 03c2 8948FC   		movl	%ecx, -4(%rax)	# cstore_86, MEM[(unsigned int *)addr_78]
 477              	# printk.c:17: 		for(j=0;j<8;j++){
 478 03c5 4839F8   		cmpq	%rdi, %rax	# ivtmp.142, addr
 479 03c8 75E6     		jne	.L103	#,
 480              	# printk.c:26: 		fontp++;
 481 03ca 4883C601 		addq	$1, %rsi	#, fontp
 482              	# printk.c:13: 	for(i=0;i<16;i++){
 483 03ce 4A8D3C10 		leaq	(%rax,%r10), %rdi	#, ivtmp.142
 484 03d2 4C39DE   		cmpq	%r11, %rsi	# _74, fontp
 485 03d5 75C9     		jne	.L104	#,
 486              	# printk.c:28: }
 487 03d7 C3       		ret	
 488              		.cfi_endproc
 489              	.LFE34:
 490              		.size	putchar, .-putchar
 491 03d8 0F1F8400 		.p2align 4
 491      00000000 
 492              		.globl	clear_screen
 493              		.type	clear_screen, @function
 494              	clear_screen:
 495              	.LFB36:
 496              		.cfi_startproc
 497 03e0 F30F1EFA 		endbr64	
 498              	.L122:
 499 03e4 49BB0000 		movabsq	$_GLOBAL_OFFSET_TABLE_-.L122, %r11	#,
 499      00000000 
 499      0000
 500 03ee 4157     		pushq	%r15	#
 501              		.cfi_def_cfa_offset 16
 502              		.cfi_offset 15, -16
 503 03f0 4156     		pushq	%r14	#
 504              		.cfi_def_cfa_offset 24
 505              		.cfi_offset 14, -24
 506 03f2 4155     		pushq	%r13	#
 507              		.cfi_def_cfa_offset 32
 508              		.cfi_offset 13, -32
 509 03f4 4154     		pushq	%r12	#
 510              		.cfi_def_cfa_offset 40
 511              		.cfi_offset 12, -40
 512 03f6 55       		pushq	%rbp	#
 513              		.cfi_def_cfa_offset 48
 514              		.cfi_offset 6, -48
 515              	# printk.c:81:     int cols = Pos.XResolution / Pos.XCharSize;
 516 03f7 48BD0000 		movabsq	$Pos@GOTOFF, %rbp	#, tmp149
 516      00000000 
 516      0000
 517              	# printk.c:80: void clear_screen(unsigned int FRcolor,unsigned int BKcolor) {
 518 0401 53       		pushq	%rbx	#
 519              		.cfi_def_cfa_offset 56
 520              		.cfi_offset 3, -56
 521 0402 488D1DDB 		leaq	.L122(%rip), %rbx	#, tmp82
 521      FFFFFF
 522 0409 4C01DB   		addq	%r11, %rbx	#, tmp82
 523              	# printk.c:81:     int cols = Pos.XResolution / Pos.XCharSize;
 524 040c 8B441D00 		movl	0(%rbp,%rbx), %eax	# Pos.XResolution, Pos.XResolution
 525 0410 99       		cltd
GAS LISTING printk.s 			page 15


 526 0411 F77C1D10 		idivl	16(%rbp,%rbx)	# Pos.XCharSize
 527 0415 89C1     		movl	%eax, %ecx	# Pos.XResolution, tmp121
 528              	# printk.c:82:     int rows = Pos.YResolution / Pos.YCharSize;
 529 0417 8B441D04 		movl	4(%rbp,%rbx), %eax	# Pos.YResolution, Pos.YResolution
 530 041b 99       		cltd
 531 041c F77C1D14 		idivl	20(%rbp,%rbx)	# Pos.YCharSize
 532              	# printk.c:84:     for (int y = 0; y < rows; y++) {
 533 0420 85C0     		testl	%eax, %eax	# tmp126
 534 0422 0F8ED500 		jle	.L110	#,
 534      0000
 535              	# printk.c:86:             putchar(Pos.FB_addr, Pos.XResolution, 
 536 0428 4C8B6C1D 		movq	24(%rbp,%rbx), %r13	# Pos.FB_addr, _10
 536      18
 537              	# printk.c:85:         for (int x = 0; x < cols; x++) {
 538 042d 85C9     		testl	%ecx, %ecx	# tmp121
 539 042f 0F8EC800 		jle	.L110	#,
 539      0000
 540 0435 48BA0000 		movabsq	$528+font_ascii@GOTOFF, %rdx	#, tmp148
 540      00000000 
 540      0000
 541 043f 4189F8   		movl	%edi, %r8d	# tmp151, FRcolor
 542 0442 4189F1   		movl	%esi, %r9d	# tmp152, BKcolor
 543 0445 4531E4   		xorl	%r12d, %r12d	# y
 544 0448 49BF0000 		movabsq	$512+font_ascii@GOTOFF, %r15	#, tmp150
 544      00000000 
 544      0000
 545              	# printk.c:13: 	for(i=0;i<16;i++){
 546 0452 4C8D1C1A 		leaq	(%rdx,%rbx), %r11	#, tmp144
 547              	.L116:
 548              	# printk.c:85:         for (int x = 0; x < cols; x++) {
 549 0456 4C896C24 		movq	%r13, -8(%rsp)	# _10, %sfp
 549      F8
 550 045b 31D2     		xorl	%edx, %edx	# x
 551 045d 89C6     		movl	%eax, %esi	# tmp126, tmp126
 552              	.L115:
 553              	# printk.c:86:             putchar(Pos.FB_addr, Pos.XResolution, 
 554 045f 8B441D14 		movl	20(%rbp,%rbx), %eax	# Pos.YCharSize, tmp133
 555 0463 4C63741D 		movslq	0(%rbp,%rbx), %r14	# Pos.XResolution,
 555      00
 556              	# printk.c:12: 	fontp=font_ascii[font];
 557 0468 895424F4 		movl	%edx, -12(%rsp)	# x, %sfp
 558              	# printk.c:86:             putchar(Pos.FB_addr, Pos.XResolution, 
 559 046c 410FAFC4 		imull	%r12d, %eax	# y, tmp133
 560 0470 4C89F7   		movq	%r14, %rdi	#,
 561 0473 49C1E602 		salq	$2, %r14	#, _104
 562 0477 0FAFC7   		imull	%edi, %eax	# _9, tmp134
 563 047a 8B7C1D10 		movl	16(%rbp,%rbx), %edi	# Pos.XCharSize, tmp138
 564 047e 0FAFFA   		imull	%edx, %edi	# x, tmp138
 565 0481 4898     		cltq
 566              	# printk.c:15: 		addr=fb+Xsize*(y+i)+x;
 567 0483 4863FF   		movslq	%edi, %rdi	# tmp138, tmp139
 568 0486 488D4438 		leaq	8(%rax,%rdi), %rax	#, tmp140
 568      08
 569 048b 488B7C24 		movq	-8(%rsp), %rdi	# %sfp, _10
 569      F8
 570 0490 4C8D1487 		leaq	(%rdi,%rax,4), %r10	#, ivtmp.173
 571              	# printk.c:12: 	fontp=font_ascii[font];
GAS LISTING printk.s 			page 16


 572 0494 498D3C1F 		leaq	(%r15,%rbx), %rdi	#, fontp
 573 0498 0F1F8400 		.p2align 4,,10
 573      00000000 
 574              		.p2align 3
 575              	.L114:
 576              	# printk.c:15: 		addr=fb+Xsize*(y+i)+x;
 577 04a0 498D42E0 		leaq	-32(%r10), %rax	#, addr
 578              	# printk.c:16: 		testval =0x100;
 579 04a4 BA000100 		movl	$256, %edx	#, testval
 579      00
 580 04a9 0F1F8000 		.p2align 4,,10
 580      000000
 581              		.p2align 3
 582              	.L113:
 583              	# printk.c:19: 			if(*fontp & testval){
 584 04b0 440FB62F 		movzbl	(%rdi), %r13d	# MEM[(unsigned char *)fontp_82], MEM[(unsigned char *)fontp_82]
 585              	# printk.c:18: 			testval =testval >>1;
 586 04b4 D1FA     		sarl	%edx	# testval
 587              	# printk.c:20: 				*addr =FRcolor;
 588 04b6 4185D5   		testl	%edx, %r13d	# testval, MEM[(unsigned char *)fontp_82]
 589 04b9 4589C5   		movl	%r8d, %r13d	# FRcolor, cstore_101
 590 04bc 450F44E9 		cmove	%r9d, %r13d	# BKcolor,, cstore_101
 591              	# printk.c:24: 			addr++;
 592 04c0 4883C004 		addq	$4, %rax	#, addr
 593 04c4 448968FC 		movl	%r13d, -4(%rax)	# cstore_101, MEM[(unsigned int *)addr_12]
 594              	# printk.c:17: 		for(j=0;j<8;j++){
 595 04c8 4C39D0   		cmpq	%r10, %rax	# ivtmp.173, addr
 596 04cb 75E3     		jne	.L113	#,
 597              	# printk.c:26: 		fontp++;
 598 04cd 4883C701 		addq	$1, %rdi	#, fontp
 599              	# printk.c:13: 	for(i=0;i<16;i++){
 600 04d1 4E8D1430 		leaq	(%rax,%r14), %r10	#, ivtmp.173
 601 04d5 4C39DF   		cmpq	%r11, %rdi	# tmp144, fontp
 602 04d8 75C6     		jne	.L114	#,
 603              	# printk.c:85:         for (int x = 0; x < cols; x++) {
 604 04da 8B5424F4 		movl	-12(%rsp), %edx	# %sfp, x
 605 04de 83C201   		addl	$1, %edx	#, x
 606              	# printk.c:85:         for (int x = 0; x < cols; x++) {
 607 04e1 39D1     		cmpl	%edx, %ecx	# x, tmp121
 608 04e3 0F8576FF 		jne	.L115	#,
 608      FFFF
 609              	# printk.c:84:     for (int y = 0; y < rows; y++) {
 610 04e9 4183C401 		addl	$1, %r12d	#, y
 611 04ed 4C8B6C24 		movq	-8(%rsp), %r13	# %sfp, _10
 611      F8
 612 04f2 89F0     		movl	%esi, %eax	# tmp126, tmp126
 613              	# printk.c:84:     for (int y = 0; y < rows; y++) {
 614 04f4 4439E6   		cmpl	%r12d, %esi	# y, tmp126
 615 04f7 0F8559FF 		jne	.L116	#,
 615      FFFF
 616              	.L110:
 617              	# printk.c:92:     Pos.XPosition = 0;
 618 04fd 48C7441D 		movq	$0, 8(%rbp,%rbx)	#, MEM <vector(2) int> [(int *)&Pos + 8B]
 618      08000000 
 618      00
 619              	# printk.c:94: }	
 620 0506 5B       		popq	%rbx	#
GAS LISTING printk.s 			page 17


 621              		.cfi_def_cfa_offset 48
 622 0507 5D       		popq	%rbp	#
 623              		.cfi_def_cfa_offset 40
 624 0508 415C     		popq	%r12	#
 625              		.cfi_def_cfa_offset 32
 626 050a 415D     		popq	%r13	#
 627              		.cfi_def_cfa_offset 24
 628 050c 415E     		popq	%r14	#
 629              		.cfi_def_cfa_offset 16
 630 050e 415F     		popq	%r15	#
 631              		.cfi_def_cfa_offset 8
 632 0510 C3       		ret	
 633              		.cfi_endproc
 634              	.LFE36:
 635              		.size	clear_screen, .-clear_screen
 636 0511 66662E0F 		.p2align 4
 636      1F840000 
 636      0000000F 
 636      1F4000
 637              		.globl	skip_atoi2
 638              		.type	skip_atoi2, @function
 639              	skip_atoi2:
 640              	.LFB37:
 641              		.cfi_startproc
 642 0520 F30F1EFA 		endbr64	
 643              	.L129:
 644              	# printk.c:100: 	while(is_digit(**s)){
 645 0524 488B17   		movq	(%rdi), %rdx	# *s_13(D), _17
 646 0527 0FB602   		movzbl	(%rdx), %eax	# *_17, _7
 647 052a 8D48D0   		leal	-48(%rax), %ecx	#, tmp97
 648 052d 80F909   		cmpb	$9, %cl	#, tmp97
 649 0530 7736     		ja	.L127	#,
 650 0532 4883C201 		addq	$1, %rdx	#, ivtmp.190
 651              	# printk.c:99: 	int i=0;
 652 0536 31C9     		xorl	%ecx, %ecx	# <retval>
 653 0538 0F1F8400 		.p2align 4,,10
 653      00000000 
 654              		.p2align 3
 655              	.L126:
 656              	# printk.c:104: 		i = i * 10 + (current_char - '0');  // 更新数值
 657 0540 83E830   		subl	$48, %eax	#, tmp102
 658              	# printk.c:104: 		i = i * 10 + (current_char - '0');  // 更新数值
 659 0543 8D0C89   		leal	(%rcx,%rcx,4), %ecx	#, tmp100
 660              	# printk.c:103: 		(*s)++;                   // 指针向后移动
 661 0546 488917   		movq	%rdx, (%rdi)	# ivtmp.190, *s_13(D)
 662              	# printk.c:100: 	while(is_digit(**s)){
 663 0549 4883C201 		addq	$1, %rdx	#, ivtmp.190
 664              	# printk.c:104: 		i = i * 10 + (current_char - '0');  // 更新数值
 665 054d 0FBEC0   		movsbl	%al, %eax	# tmp102, tmp103
 666              	# printk.c:104: 		i = i * 10 + (current_char - '0');  // 更新数值
 667 0550 8D0C48   		leal	(%rax,%rcx,2), %ecx	#, <retval>
 668              	# printk.c:100: 	while(is_digit(**s)){
 669 0553 0FB642FF 		movzbl	-1(%rdx), %eax	# MEM[(const char *)_2], _7
 670 0557 8D70D0   		leal	-48(%rax), %esi	#, tmp104
 671 055a 4080FE09 		cmpb	$9, %sil	#, tmp104
 672 055e 76E0     		jbe	.L126	#,
 673              	# printk.c:107: }
GAS LISTING printk.s 			page 18


 674 0560 89C8     		movl	%ecx, %eax	# <retval>,
 675 0562 C3       		ret	
 676              		.p2align 4,,10
 677 0563 0F1F4400 		.p2align 3
 677      00
 678              	.L127:
 679              	# printk.c:99: 	int i=0;
 680 0568 31C9     		xorl	%ecx, %ecx	# <retval>
 681              	# printk.c:107: }
 682 056a 89C8     		movl	%ecx, %eax	# <retval>,
 683 056c C3       		ret	
 684              		.cfi_endproc
 685              	.LFE37:
 686              		.size	skip_atoi2, .-skip_atoi2
 687 056d 0F1F00   		.p2align 4
 688              		.globl	skip_atoi
 689              		.type	skip_atoi, @function
 690              	skip_atoi:
 691              	.LFB38:
 692              		.cfi_startproc
 693 0570 F30F1EFA 		endbr64	
 694              	.L135:
 695              	# printk.c:112:  	while(is_digit(current_char = **s)){
 696 0574 488B17   		movq	(%rdi), %rdx	# *s_10(D), _18
 697 0577 0FB602   		movzbl	(%rdx), %eax	# *_18, current_char
 698              	# printk.c:112:  	while(is_digit(current_char = **s)){
 699 057a 8D48D0   		leal	-48(%rax), %ecx	#, tmp97
 700 057d 80F909   		cmpb	$9, %cl	#, tmp97
 701 0580 7736     		ja	.L133	#,
 702 0582 4883C201 		addq	$1, %rdx	#, ivtmp.199
 703              	# printk.c:110:  	int i=0;
 704 0586 31C9     		xorl	%ecx, %ecx	# <retval>
 705 0588 0F1F8400 		.p2align 4,,10
 705      00000000 
 706              		.p2align 3
 707              	.L132:
 708              	# printk.c:114:  		i = i * 10 + (current_char - '0');  // 更新数值
 709 0590 83E830   		subl	$48, %eax	#, tmp102
 710              	# printk.c:114:  		i = i * 10 + (current_char - '0');  // 更新数值
 711 0593 8D0C89   		leal	(%rcx,%rcx,4), %ecx	#, tmp100
 712              	# printk.c:113:  		(*s)++;                   // 指针向后移动
 713 0596 488917   		movq	%rdx, (%rdi)	# ivtmp.199, *s_10(D)
 714              	# printk.c:112:  	while(is_digit(current_char = **s)){
 715 0599 4883C201 		addq	$1, %rdx	#, ivtmp.199
 716              	# printk.c:114:  		i = i * 10 + (current_char - '0');  // 更新数值
 717 059d 0FBEC0   		movsbl	%al, %eax	# tmp102, tmp103
 718              	# printk.c:114:  		i = i * 10 + (current_char - '0');  // 更新数值
 719 05a0 8D0C48   		leal	(%rax,%rcx,2), %ecx	#, <retval>
 720              	# printk.c:112:  	while(is_digit(current_char = **s)){
 721 05a3 0FB642FF 		movzbl	-1(%rdx), %eax	# MEM[(const char *)_1], current_char
 722              	# printk.c:112:  	while(is_digit(current_char = **s)){
 723 05a7 8D70D0   		leal	-48(%rax), %esi	#, tmp104
 724 05aa 4080FE09 		cmpb	$9, %sil	#, tmp104
 725 05ae 76E0     		jbe	.L132	#,
 726              	# printk.c:117: }
 727 05b0 89C8     		movl	%ecx, %eax	# <retval>,
 728 05b2 C3       		ret	
GAS LISTING printk.s 			page 19


 729              		.p2align 4,,10
 730 05b3 0F1F4400 		.p2align 3
 730      00
 731              	.L133:
 732              	# printk.c:110:  	int i=0;
 733 05b8 31C9     		xorl	%ecx, %ecx	# <retval>
 734              	# printk.c:117: }
 735 05ba 89C8     		movl	%ecx, %eax	# <retval>,
 736 05bc C3       		ret	
 737              		.cfi_endproc
 738              	.LFE38:
 739              		.size	skip_atoi, .-skip_atoi
 740 05bd 0F1F00   		.p2align 4
 741              		.globl	vsprintf
 742              		.type	vsprintf, @function
 743              	vsprintf:
 744              	.LFB40:
 745              		.cfi_startproc
 746 05c0 F30F1EFA 		endbr64	
 747              	.L282:
 748 05c4 49BB0000 		movabsq	$_GLOBAL_OFFSET_TABLE_-.L282, %r11	#,
 748      00000000 
 748      0000
 749 05ce 4157     		pushq	%r15	#
 750              		.cfi_def_cfa_offset 16
 751              		.cfi_offset 15, -16
 752 05d0 4156     		pushq	%r14	#
 753              		.cfi_def_cfa_offset 24
 754              		.cfi_offset 14, -24
 755 05d2 4C8D35EB 		leaq	.L282(%rip), %r14	#, tmp82
 755      FFFFFF
 756 05d9 4155     		pushq	%r13	#
 757              		.cfi_def_cfa_offset 32
 758              		.cfi_offset 13, -32
 759 05db 4D01DE   		addq	%r11, %r14	#, tmp82
 760 05de 4989FD   		movq	%rdi, %r13	# tmp415, buf
 761 05e1 4154     		pushq	%r12	#
 762              		.cfi_def_cfa_offset 40
 763              		.cfi_offset 12, -40
 764 05e3 55       		pushq	%rbp	#
 765              		.cfi_def_cfa_offset 48
 766              		.cfi_offset 6, -48
 767 05e4 53       		pushq	%rbx	#
 768              		.cfi_def_cfa_offset 56
 769              		.cfi_offset 3, -56
 770 05e5 4883EC18 		subq	$24, %rsp	#,
 771              		.cfi_def_cfa_offset 80
 772              	# printk.c:240: 	for (str=buf;*fmt;fmt++)
 773 05e9 0FB606   		movzbl	(%rsi), %eax	# *fmt_228(D), _397
 774 05ec 84C0     		testb	%al, %al	# _397
 775 05ee 0F845706 		je	.L225	#,
 775      0000
 776 05f4 4889F1   		movq	%rsi, %rcx	# tmp416, fmt
 777 05f7 4989D4   		movq	%rdx, %r12	# tmp417, args
 778              	# printk.c:250: 			switch (*fmt)
 779 05fa 488D2D00 		leaq	.L142(%rip), %rbp	#, tmp391
 779      000000
GAS LISTING printk.s 			page 20


 780 0601 49BF0100 		movabsq	$70373307580417, %r15	#, tmp393
 780      00100140 
 780      0000
 781 060b EB18     		jmp	.L221	#
 782 060d 0F1F00   		.p2align 4,,10
 783              		.p2align 3
 784              	.L288:
 785              	# printk.c:244: 			*str++ =*fmt;
 786 0610 8807     		movb	%al, (%rdi)	# _397, *str_404
 787              	# printk.c:245: 			continue;
 788 0612 4883C101 		addq	$1, %rcx	#, fmt
 789              	# printk.c:240: 	for (str=buf;*fmt;fmt++)
 790 0616 0FB601   		movzbl	(%rcx), %eax	# MEM[(const char *)fmt_430 + 1B], _397
 791              	# printk.c:244: 			*str++ =*fmt;
 792 0619 4883C701 		addq	$1, %rdi	#, str
 793              	.L139:
 794              	# printk.c:240: 	for (str=buf;*fmt;fmt++)
 795 061d 84C0     		testb	%al, %al	# _397
 796 061f 0F842B01 		je	.L220	#,
 796      0000
 797              	.L221:
 798              	# printk.c:242: 		if (*fmt !='%')
 799 0625 3C25     		cmpb	$37, %al	#, _397
 800 0627 75E7     		jne	.L288	#,
 801              	# printk.c:247: 		flags=0;
 802 0629 4531C9   		xorl	%r9d, %r9d	# flags
 803 062c 0F1F4000 		.p2align 4,,10
 804              		.p2align 3
 805              	.L138:
 806              	# printk.c:250: 			switch (*fmt)
 807 0630 0FBE4101 		movsbl	1(%rcx), %eax	# MEM[(const char *)_4],
 808              	# printk.c:249: 			fmt++;
 809 0634 488D5901 		leaq	1(%rcx), %rbx	#, fmt
 810              	# printk.c:250: 			switch (*fmt)
 811 0638 8D50E0   		leal	-32(%rax), %edx	#, tmp256
 812 063b 80FA10   		cmpb	$16, %dl	#, tmp256
 813 063e 7710     		ja	.L140	#,
 814 0640 0FB6D2   		movzbl	%dl, %edx	# tmp256, tmp257
 815 0643 488B74D5 		movq	0(%rbp,%rdx,8), %rsi	#, tmp260
 815      00
 816 0648 4801EE   		addq	%rbp, %rsi	# tmp391, tmp260
 817 064b 3EFFE6   		notrack jmp	*%rsi	# tmp260
 818              		.section	.rodata
 819              		.align 8
 820              		.align 4
 821              	.L142:
 822 0000 00000000 		.quad	.L146-.L142
 822      00000000 
 823 0008 00000000 		.quad	.L140-.L142
 823      00000000 
 824 0010 00000000 		.quad	.L140-.L142
 824      00000000 
 825 0018 00000000 		.quad	.L145-.L142
 825      00000000 
 826 0020 00000000 		.quad	.L140-.L142
 826      00000000 
 827 0028 00000000 		.quad	.L140-.L142
GAS LISTING printk.s 			page 21


 827      00000000 
 828 0030 00000000 		.quad	.L140-.L142
 828      00000000 
 829 0038 00000000 		.quad	.L140-.L142
 829      00000000 
 830 0040 00000000 		.quad	.L140-.L142
 830      00000000 
 831 0048 00000000 		.quad	.L140-.L142
 831      00000000 
 832 0050 00000000 		.quad	.L140-.L142
 832      00000000 
 833 0058 00000000 		.quad	.L144-.L142
 833      00000000 
 834 0060 00000000 		.quad	.L140-.L142
 834      00000000 
 835 0068 00000000 		.quad	.L143-.L142
 835      00000000 
 836 0070 00000000 		.quad	.L140-.L142
 836      00000000 
 837 0078 00000000 		.quad	.L140-.L142
 837      00000000 
 838 0080 00000000 		.quad	.L141-.L142
 838      00000000 
 839              		.text
 840 064e 6690     		.p2align 4,,10
 841              		.p2align 3
 842              	.L140:
 843              	# printk.c:270: 		if (is_digit(*fmt))
 844 0650 8D50D0   		leal	-48(%rax), %edx	#, tmp262
 845              	# printk.c:270: 		if (is_digit(*fmt))
 846 0653 80FA09   		cmpb	$9, %dl	#, tmp262
 847 0656 0F864401 		jbe	.L289	#,
 847      0000
 848              	# printk.c:269: 		field_width=-1;
 849 065c BAFFFFFF 		movl	$-1, %edx	#, field_width
 849      FF
 850              	# printk.c:274: 		else if (*fmt == '*')
 851 0661 3C2A     		cmpb	$42, %al	#, current_char
 852 0663 0F846701 		je	.L290	#,
 852      0000
 853              	.L150:
 854              	# printk.c:285: 		precision =-1;
 855 0669 41B8FFFF 		movl	$-1, %r8d	#, precision
 855      FFFF
 856              	# printk.c:286: 		if(*fmt =='.'){
 857 066f 3C2E     		cmpb	$46, %al	#, current_char
 858 0671 0F84F900 		je	.L291	#,
 858      0000
 859              	.L154:
 860 0677 8D48B4   		leal	-76(%rax), %ecx	#, _208
 861 067a 80F92E   		cmpb	$46, %cl	#, _208
 862 067d 0F877D00 		ja	.L160	#,
 862      0000
 863 0683 490FA3CF 		btq	%rcx, %r15	# _208, tmp393
 864 0687 7377     		jnc	.L160	#,
 865              	# printk.c:309: 	switch (*fmt){
 866 0689 0FB67301 		movzbl	1(%rbx), %esi	# MEM[(const char *)fmt_224 + 1B], tmp429
GAS LISTING printk.s 			page 22


 867              	# printk.c:307: 			fmt++;
 868 068d 4C8D5301 		leaq	1(%rbx), %r10	#, _28
 869              	# printk.c:309: 	switch (*fmt){
 870 0691 8D4EDB   		leal	-37(%rsi), %ecx	#, tmp291
 871 0694 80F953   		cmpb	$83, %cl	#, tmp291
 872 0697 0F878600 		ja	.L161	#,
 872      0000
 873 069d 0FB6C9   		movzbl	%cl, %ecx	# tmp291, tmp293
 874 06a0 488D3500 		leaq	.L163(%rip), %rsi	#, tmp294
 874      000000
 875 06a7 480334CE 		addq	(%rsi,%rcx,8), %rsi	#, tmp296
 876 06ab 3EFFE6   		notrack jmp	*%rsi	# tmp296
 877              		.section	.rodata
 878              		.align 8
 879              		.align 4
 880              	.L163:
 881 0088 00000000 		.quad	.L172-.L163
 881      00000000 
 882 0090 00000000 		.quad	.L161-.L163
 882      00000000 
 883 0098 00000000 		.quad	.L161-.L163
 883      00000000 
 884 00a0 00000000 		.quad	.L161-.L163
 884      00000000 
 885 00a8 00000000 		.quad	.L161-.L163
 885      00000000 
 886 00b0 00000000 		.quad	.L161-.L163
 886      00000000 
 887 00b8 00000000 		.quad	.L161-.L163
 887      00000000 
 888 00c0 00000000 		.quad	.L161-.L163
 888      00000000 
 889 00c8 00000000 		.quad	.L161-.L163
 889      00000000 
 890 00d0 00000000 		.quad	.L161-.L163
 890      00000000 
 891 00d8 00000000 		.quad	.L161-.L163
 891      00000000 
 892 00e0 00000000 		.quad	.L161-.L163
 892      00000000 
 893 00e8 00000000 		.quad	.L161-.L163
 893      00000000 
 894 00f0 00000000 		.quad	.L161-.L163
 894      00000000 
 895 00f8 00000000 		.quad	.L161-.L163
 895      00000000 
 896 0100 00000000 		.quad	.L161-.L163
 896      00000000 
 897 0108 00000000 		.quad	.L161-.L163
 897      00000000 
 898 0110 00000000 		.quad	.L161-.L163
 898      00000000 
 899 0118 00000000 		.quad	.L161-.L163
 899      00000000 
 900 0120 00000000 		.quad	.L161-.L163
 900      00000000 
 901 0128 00000000 		.quad	.L161-.L163
GAS LISTING printk.s 			page 23


 901      00000000 
 902 0130 00000000 		.quad	.L161-.L163
 902      00000000 
 903 0138 00000000 		.quad	.L161-.L163
 903      00000000 
 904 0140 00000000 		.quad	.L161-.L163
 904      00000000 
 905 0148 00000000 		.quad	.L161-.L163
 905      00000000 
 906 0150 00000000 		.quad	.L161-.L163
 906      00000000 
 907 0158 00000000 		.quad	.L161-.L163
 907      00000000 
 908 0160 00000000 		.quad	.L161-.L163
 908      00000000 
 909 0168 00000000 		.quad	.L161-.L163
 909      00000000 
 910 0170 00000000 		.quad	.L161-.L163
 910      00000000 
 911 0178 00000000 		.quad	.L161-.L163
 911      00000000 
 912 0180 00000000 		.quad	.L161-.L163
 912      00000000 
 913 0188 00000000 		.quad	.L161-.L163
 913      00000000 
 914 0190 00000000 		.quad	.L161-.L163
 914      00000000 
 915 0198 00000000 		.quad	.L161-.L163
 915      00000000 
 916 01a0 00000000 		.quad	.L161-.L163
 916      00000000 
 917 01a8 00000000 		.quad	.L161-.L163
 917      00000000 
 918 01b0 00000000 		.quad	.L161-.L163
 918      00000000 
 919 01b8 00000000 		.quad	.L161-.L163
 919      00000000 
 920 01c0 00000000 		.quad	.L161-.L163
 920      00000000 
 921 01c8 00000000 		.quad	.L161-.L163
 921      00000000 
 922 01d0 00000000 		.quad	.L161-.L163
 922      00000000 
 923 01d8 00000000 		.quad	.L161-.L163
 923      00000000 
 924 01e0 00000000 		.quad	.L161-.L163
 924      00000000 
 925 01e8 00000000 		.quad	.L161-.L163
 925      00000000 
 926 01f0 00000000 		.quad	.L161-.L163
 926      00000000 
 927 01f8 00000000 		.quad	.L161-.L163
 927      00000000 
 928 0200 00000000 		.quad	.L161-.L163
 928      00000000 
 929 0208 00000000 		.quad	.L161-.L163
 929      00000000 
GAS LISTING printk.s 			page 24


 930 0210 00000000 		.quad	.L161-.L163
 930      00000000 
 931 0218 00000000 		.quad	.L161-.L163
 931      00000000 
 932 0220 00000000 		.quad	.L171-.L163
 932      00000000 
 933 0228 00000000 		.quad	.L161-.L163
 933      00000000 
 934 0230 00000000 		.quad	.L161-.L163
 934      00000000 
 935 0238 00000000 		.quad	.L161-.L163
 935      00000000 
 936 0240 00000000 		.quad	.L161-.L163
 936      00000000 
 937 0248 00000000 		.quad	.L161-.L163
 937      00000000 
 938 0250 00000000 		.quad	.L161-.L163
 938      00000000 
 939 0258 00000000 		.quad	.L161-.L163
 939      00000000 
 940 0260 00000000 		.quad	.L161-.L163
 940      00000000 
 941 0268 00000000 		.quad	.L161-.L163
 941      00000000 
 942 0270 00000000 		.quad	.L161-.L163
 942      00000000 
 943 0278 00000000 		.quad	.L170-.L163
 943      00000000 
 944 0280 00000000 		.quad	.L169-.L163
 944      00000000 
 945 0288 00000000 		.quad	.L161-.L163
 945      00000000 
 946 0290 00000000 		.quad	.L161-.L163
 946      00000000 
 947 0298 00000000 		.quad	.L161-.L163
 947      00000000 
 948 02a0 00000000 		.quad	.L161-.L163
 948      00000000 
 949 02a8 00000000 		.quad	.L169-.L163
 949      00000000 
 950 02b0 00000000 		.quad	.L161-.L163
 950      00000000 
 951 02b8 00000000 		.quad	.L161-.L163
 951      00000000 
 952 02c0 00000000 		.quad	.L161-.L163
 952      00000000 
 953 02c8 00000000 		.quad	.L161-.L163
 953      00000000 
 954 02d0 00000000 		.quad	.L168-.L163
 954      00000000 
 955 02d8 00000000 		.quad	.L167-.L163
 955      00000000 
 956 02e0 00000000 		.quad	.L166-.L163
 956      00000000 
 957 02e8 00000000 		.quad	.L161-.L163
 957      00000000 
 958 02f0 00000000 		.quad	.L161-.L163
GAS LISTING printk.s 			page 25


 958      00000000 
 959 02f8 00000000 		.quad	.L165-.L163
 959      00000000 
 960 0300 00000000 		.quad	.L161-.L163
 960      00000000 
 961 0308 00000000 		.quad	.L164-.L163
 961      00000000 
 962 0310 00000000 		.quad	.L161-.L163
 962      00000000 
 963 0318 00000000 		.quad	.L161-.L163
 963      00000000 
 964 0320 00000000 		.quad	.L162-.L163
 964      00000000 
 965              		.text
 966 06ae 6690     		.p2align 4,,10
 967              		.p2align 3
 968              	.L141:
 969              	# printk.c:265: 				flags |=ZEROPAD;
 970 06b0 4183C901 		orl	$1, %r9d	#, flags
 971              	.L147:
 972              	# printk.c:240: 	for (str=buf;*fmt;fmt++)
 973 06b4 4889D9   		movq	%rbx, %rcx	# fmt, fmt
 974 06b7 E974FFFF 		jmp	.L138	#
 974      FF
 975 06bc 0F1F4000 		.p2align 4,,10
 976              		.p2align 3
 977              	.L143:
 978              	# printk.c:253: 				flags |=LEFT;
 979 06c0 4183C910 		orl	$16, %r9d	#, flags
 980              	# printk.c:254: 				goto repeat;
 981 06c4 EBEE     		jmp	.L147	#
 982 06c6 662E0F1F 		.p2align 4,,10
 982      84000000 
 982      0000
 983              		.p2align 3
 984              	.L144:
 985              	# printk.c:256: 				flags |=PLUS;
 986 06d0 4183C904 		orl	$4, %r9d	#, flags
 987              	# printk.c:257: 				goto repeat;
 988 06d4 EBDE     		jmp	.L147	#
 989 06d6 662E0F1F 		.p2align 4,,10
 989      84000000 
 989      0000
 990              		.p2align 3
 991              	.L145:
 992              	# printk.c:262: 				flags |=SPECIAL;
 993 06e0 4183C920 		orl	$32, %r9d	#, flags
 994              	# printk.c:263: 				goto repeat;			
 995 06e4 EBCE     		jmp	.L147	#
 996 06e6 662E0F1F 		.p2align 4,,10
 996      84000000 
 996      0000
 997              		.p2align 3
 998              	.L146:
 999              	# printk.c:259: 				flags |=SPACE;
 1000 06f0 4183C908 		orl	$8, %r9d	#, flags
 1001              	# printk.c:260: 				goto repeat;			
GAS LISTING printk.s 			page 26


 1002 06f4 EBBE     		jmp	.L147	#
 1003 06f6 662E0F1F 		.p2align 4,,10
 1003      84000000 
 1003      0000
 1004              		.p2align 3
 1005              	.L160:
 1006              	# printk.c:309: 	switch (*fmt){
 1007 0700 83E825   		subl	$37, %eax	#, tmp382
 1008 0703 3C53     		cmpb	$83, %al	#, tmp382
 1009 0705 7719     		ja	.L232	#,
 1010 0707 0FB6C0   		movzbl	%al, %eax	# tmp382, tmp383
 1011 070a 488D0D00 		leaq	.L223(%rip), %rcx	#, tmp384
 1011      000000
 1012 0711 48030CC1 		addq	(%rcx,%rax,8), %rcx	#, tmp386
 1013 0715 3EFFE1   		notrack jmp	*%rcx	# tmp386
 1014              		.section	.rodata
 1015              		.align 8
 1016              		.align 4
 1017              	.L223:
 1018 0328 00000000 		.quad	.L233-.L223
 1018      00000000 
 1019 0330 00000000 		.quad	.L232-.L223
 1019      00000000 
 1020 0338 00000000 		.quad	.L232-.L223
 1020      00000000 
 1021 0340 00000000 		.quad	.L232-.L223
 1021      00000000 
 1022 0348 00000000 		.quad	.L232-.L223
 1022      00000000 
 1023 0350 00000000 		.quad	.L232-.L223
 1023      00000000 
 1024 0358 00000000 		.quad	.L232-.L223
 1024      00000000 
 1025 0360 00000000 		.quad	.L232-.L223
 1025      00000000 
 1026 0368 00000000 		.quad	.L232-.L223
 1026      00000000 
 1027 0370 00000000 		.quad	.L232-.L223
 1027      00000000 
 1028 0378 00000000 		.quad	.L232-.L223
 1028      00000000 
 1029 0380 00000000 		.quad	.L232-.L223
 1029      00000000 
 1030 0388 00000000 		.quad	.L232-.L223
 1030      00000000 
 1031 0390 00000000 		.quad	.L232-.L223
 1031      00000000 
 1032 0398 00000000 		.quad	.L232-.L223
 1032      00000000 
 1033 03a0 00000000 		.quad	.L232-.L223
 1033      00000000 
 1034 03a8 00000000 		.quad	.L232-.L223
 1034      00000000 
 1035 03b0 00000000 		.quad	.L232-.L223
 1035      00000000 
 1036 03b8 00000000 		.quad	.L232-.L223
 1036      00000000 
GAS LISTING printk.s 			page 27


 1037 03c0 00000000 		.quad	.L232-.L223
 1037      00000000 
 1038 03c8 00000000 		.quad	.L232-.L223
 1038      00000000 
 1039 03d0 00000000 		.quad	.L232-.L223
 1039      00000000 
 1040 03d8 00000000 		.quad	.L232-.L223
 1040      00000000 
 1041 03e0 00000000 		.quad	.L232-.L223
 1041      00000000 
 1042 03e8 00000000 		.quad	.L232-.L223
 1042      00000000 
 1043 03f0 00000000 		.quad	.L232-.L223
 1043      00000000 
 1044 03f8 00000000 		.quad	.L232-.L223
 1044      00000000 
 1045 0400 00000000 		.quad	.L232-.L223
 1045      00000000 
 1046 0408 00000000 		.quad	.L232-.L223
 1046      00000000 
 1047 0410 00000000 		.quad	.L232-.L223
 1047      00000000 
 1048 0418 00000000 		.quad	.L232-.L223
 1048      00000000 
 1049 0420 00000000 		.quad	.L232-.L223
 1049      00000000 
 1050 0428 00000000 		.quad	.L232-.L223
 1050      00000000 
 1051 0430 00000000 		.quad	.L232-.L223
 1051      00000000 
 1052 0438 00000000 		.quad	.L232-.L223
 1052      00000000 
 1053 0440 00000000 		.quad	.L232-.L223
 1053      00000000 
 1054 0448 00000000 		.quad	.L232-.L223
 1054      00000000 
 1055 0450 00000000 		.quad	.L232-.L223
 1055      00000000 
 1056 0458 00000000 		.quad	.L232-.L223
 1056      00000000 
 1057 0460 00000000 		.quad	.L232-.L223
 1057      00000000 
 1058 0468 00000000 		.quad	.L232-.L223
 1058      00000000 
 1059 0470 00000000 		.quad	.L232-.L223
 1059      00000000 
 1060 0478 00000000 		.quad	.L232-.L223
 1060      00000000 
 1061 0480 00000000 		.quad	.L232-.L223
 1061      00000000 
 1062 0488 00000000 		.quad	.L232-.L223
 1062      00000000 
 1063 0490 00000000 		.quad	.L232-.L223
 1063      00000000 
 1064 0498 00000000 		.quad	.L232-.L223
 1064      00000000 
 1065 04a0 00000000 		.quad	.L232-.L223
GAS LISTING printk.s 			page 28


 1065      00000000 
 1066 04a8 00000000 		.quad	.L232-.L223
 1066      00000000 
 1067 04b0 00000000 		.quad	.L232-.L223
 1067      00000000 
 1068 04b8 00000000 		.quad	.L232-.L223
 1068      00000000 
 1069 04c0 00000000 		.quad	.L222-.L223
 1069      00000000 
 1070 04c8 00000000 		.quad	.L232-.L223
 1070      00000000 
 1071 04d0 00000000 		.quad	.L232-.L223
 1071      00000000 
 1072 04d8 00000000 		.quad	.L232-.L223
 1072      00000000 
 1073 04e0 00000000 		.quad	.L232-.L223
 1073      00000000 
 1074 04e8 00000000 		.quad	.L232-.L223
 1074      00000000 
 1075 04f0 00000000 		.quad	.L232-.L223
 1075      00000000 
 1076 04f8 00000000 		.quad	.L232-.L223
 1076      00000000 
 1077 0500 00000000 		.quad	.L232-.L223
 1077      00000000 
 1078 0508 00000000 		.quad	.L232-.L223
 1078      00000000 
 1079 0510 00000000 		.quad	.L232-.L223
 1079      00000000 
 1080 0518 00000000 		.quad	.L234-.L223
 1080      00000000 
 1081 0520 00000000 		.quad	.L207-.L223
 1081      00000000 
 1082 0528 00000000 		.quad	.L232-.L223
 1082      00000000 
 1083 0530 00000000 		.quad	.L232-.L223
 1083      00000000 
 1084 0538 00000000 		.quad	.L232-.L223
 1084      00000000 
 1085 0540 00000000 		.quad	.L232-.L223
 1085      00000000 
 1086 0548 00000000 		.quad	.L207-.L223
 1086      00000000 
 1087 0550 00000000 		.quad	.L232-.L223
 1087      00000000 
 1088 0558 00000000 		.quad	.L232-.L223
 1088      00000000 
 1089 0560 00000000 		.quad	.L232-.L223
 1089      00000000 
 1090 0568 00000000 		.quad	.L232-.L223
 1090      00000000 
 1091 0570 00000000 		.quad	.L213-.L223
 1091      00000000 
 1092 0578 00000000 		.quad	.L192-.L223
 1092      00000000 
 1093 0580 00000000 		.quad	.L235-.L223
 1093      00000000 
GAS LISTING printk.s 			page 29


 1094 0588 00000000 		.quad	.L232-.L223
 1094      00000000 
 1095 0590 00000000 		.quad	.L232-.L223
 1095      00000000 
 1096 0598 00000000 		.quad	.L236-.L223
 1096      00000000 
 1097 05a0 00000000 		.quad	.L232-.L223
 1097      00000000 
 1098 05a8 00000000 		.quad	.L224-.L223
 1098      00000000 
 1099 05b0 00000000 		.quad	.L232-.L223
 1099      00000000 
 1100 05b8 00000000 		.quad	.L232-.L223
 1100      00000000 
 1101 05c0 00000000 		.quad	.L201-.L223
 1101      00000000 
 1102              		.text
 1103 0718 0F1F8400 		.p2align 4,,10
 1103      00000000 
 1104              		.p2align 3
 1105              	.L232:
 1106 0720 4989DA   		movq	%rbx, %r10	# fmt, _28
 1107              	.L161:
 1108              	# printk.c:399: 				*str++ ='%';
 1109 0723 C60725   		movb	$37, (%rdi)	#, *str_404
 1110              	# printk.c:400: 				if(*fmt)
 1111 0726 410FB602 		movzbl	(%r10), %eax	# *fmt_81, _53
 1112              	# printk.c:400: 				if(*fmt)
 1113 072a 84C0     		testb	%al, %al	# _53
 1114 072c 0F84E203 		je	.L219	#,
 1114      0000
 1115              	# printk.c:401: 					*str++ =*fmt;
 1116 0732 884701   		movb	%al, 1(%rdi)	# _53, MEM[(char *)str_404 + 1B]
 1117              	# printk.c:240: 	for (str=buf;*fmt;fmt++)
 1118 0735 410FB642 		movzbl	1(%r10), %eax	# MEM[(const char *)fmt_81 + 1B], _397
 1118      01
 1119              	# printk.c:240: 	for (str=buf;*fmt;fmt++)
 1120 073a 498D4A01 		leaq	1(%r10), %rcx	#, fmt
 1121              	# printk.c:401: 					*str++ =*fmt;
 1122 073e 4883C702 		addq	$2, %rdi	#, str
 1123              	# printk.c:240: 	for (str=buf;*fmt;fmt++)
 1124 0742 84C0     		testb	%al, %al	# _397
 1125 0744 0F85DBFE 		jne	.L221	#,
 1125      FFFF
 1126 074a 660F1F44 		.p2align 4,,10
 1126      0000
 1127              		.p2align 3
 1128              	.L220:
 1129              	# printk.c:408: 	return str - buf;
 1130 0750 89F8     		movl	%edi, %eax	# str, <retval>
 1131 0752 4429E8   		subl	%r13d, %eax	# buf, <retval>
 1132              	.L137:
 1133              	# printk.c:407: 	*str = '\0';
 1134 0755 C60700   		movb	$0, (%rdi)	#, *str_405
 1135              	# printk.c:409: }
 1136 0758 4883C418 		addq	$24, %rsp	#,
 1137              		.cfi_remember_state
GAS LISTING printk.s 			page 30


 1138              		.cfi_def_cfa_offset 56
 1139 075c 5B       		popq	%rbx	#
 1140              		.cfi_def_cfa_offset 48
 1141 075d 5D       		popq	%rbp	#
 1142              		.cfi_def_cfa_offset 40
 1143 075e 415C     		popq	%r12	#
 1144              		.cfi_def_cfa_offset 32
 1145 0760 415D     		popq	%r13	#
 1146              		.cfi_def_cfa_offset 24
 1147 0762 415E     		popq	%r14	#
 1148              		.cfi_def_cfa_offset 16
 1149 0764 415F     		popq	%r15	#
 1150              		.cfi_def_cfa_offset 8
 1151 0766 C3       		ret	
 1152 0767 660F1F84 		.p2align 4,,10
 1152      00000000 
 1152      00
 1153              		.p2align 3
 1154              	.L291:
 1155              		.cfi_restore_state
 1156              	# printk.c:288: 			if (is_digit(*fmt))
 1157 0770 0FBE4301 		movsbl	1(%rbx), %eax	# MEM[(const char *)fmt_220 + 1B],
 1158              	# printk.c:287: 			fmt++;
 1159 0774 488D4B01 		leaq	1(%rbx), %rcx	#, _204
 1160              	# printk.c:288: 			if (is_digit(*fmt))
 1161 0778 8D70D0   		leal	-48(%rax), %esi	#, tmp274
 1162              	# printk.c:288: 			if (is_digit(*fmt))
 1163 077b 4080FE09 		cmpb	$9, %sil	#, tmp274
 1164 077f 0F86B302 		jbe	.L292	#,
 1164      0000
 1165              	# printk.c:292: 			else if(*fmt == '*'){
 1166 0785 3C2A     		cmpb	$42, %al	#, current_char
 1167 0787 0F84E302 		je	.L293	#,
 1167      0000
 1168              	# printk.c:287: 			fmt++;
 1169 078d 4889CB   		movq	%rcx, %rbx	# _204, fmt
 1170              	# printk.c:297: 				precision=0;
 1171 0790 4531C0   		xorl	%r8d, %r8d	# precision
 1172 0793 E9DFFEFF 		jmp	.L154	#
 1172      FF
 1173 0798 0F1F8400 		.p2align 4,,10
 1173      00000000 
 1174              		.p2align 3
 1175              	.L289:
 1176              	# printk.c:110:  	int i=0;
 1177 07a0 31D2     		xorl	%edx, %edx	# field_width
 1178              		.p2align 4,,10
 1179 07a2 660F1F44 		.p2align 3
 1179      0000
 1180              	.L149:
 1181              	# printk.c:114:  		i = i * 10 + (current_char - '0');  // 更新数值
 1182 07a8 83E830   		subl	$48, %eax	#, tmp267
 1183              	# printk.c:113:  		(*s)++;                   // 指针向后移动
 1184 07ab 4883C301 		addq	$1, %rbx	#, fmt
 1185              	# printk.c:114:  		i = i * 10 + (current_char - '0');  // 更新数值
 1186 07af 8D1492   		leal	(%rdx,%rdx,4), %edx	#, tmp265
 1187              	# printk.c:114:  		i = i * 10 + (current_char - '0');  // 更新数值
GAS LISTING printk.s 			page 31


 1188 07b2 0FBEC0   		movsbl	%al, %eax	# tmp267, tmp268
 1189              	# printk.c:114:  		i = i * 10 + (current_char - '0');  // 更新数值
 1190 07b5 8D1450   		leal	(%rax,%rdx,2), %edx	#, field_width
 1191              	# printk.c:112:  	while(is_digit(current_char = **s)){
 1192 07b8 0FBE03   		movsbl	(%rbx), %eax	# MEM[(const char *)_195],
 1193              	# printk.c:112:  	while(is_digit(current_char = **s)){
 1194 07bb 8D48D0   		leal	-48(%rax), %ecx	#, tmp269
 1195 07be 80F909   		cmpb	$9, %cl	#, tmp269
 1196 07c1 76E5     		jbe	.L149	#,
 1197 07c3 E9A1FEFF 		jmp	.L150	#
 1197      FF
 1198 07c8 0F1F8400 		.p2align 4,,10
 1198      00000000 
 1199              		.p2align 3
 1200              	.L290:
 1201              	# printk.c:277: 			field_width=va_arg(args,int);
 1202 07d0 418B0424 		movl	(%r12), %eax	# args_113(D)->gp_offset, D.2567
 1203              	# printk.c:276: 			fmt++;
 1204 07d4 488D5902 		leaq	2(%rcx), %rbx	#, fmt
 1205              	# printk.c:277: 			field_width=va_arg(args,int);
 1206 07d8 83F82F   		cmpl	$47, %eax	#, D.2567
 1207 07db 7723     		ja	.L151	#,
 1208 07dd 89C2     		movl	%eax, %edx	# D.2567, D.2570
 1209 07df 83C008   		addl	$8, %eax	#, tmp272
 1210 07e2 49035424 		addq	16(%r12), %rdx	# args_113(D)->reg_save_area, D.2572
 1210      10
 1211 07e7 41890424 		movl	%eax, (%r12)	# tmp272, args_113(D)->gp_offset
 1212              	.L152:
 1213 07eb 8B12     		movl	(%rdx), %edx	# MEM[(int * {ref-all})addr.204_119], field_width
 1214              	# printk.c:278: 			if (field_width <0)
 1215 07ed 85D2     		testl	%edx, %edx	# field_width
 1216 07ef 7906     		jns	.L284	#,
 1217              	# printk.c:280: 				field_width=-field_width;
 1218 07f1 F7DA     		negl	%edx	# field_width
 1219              	# printk.c:281: 				flags |=LEFT;
 1220 07f3 4183C910 		orl	$16, %r9d	#, flags
 1221              	.L284:
 1222              	# printk.c:286: 		if(*fmt =='.'){
 1223 07f7 0FBE4102 		movsbl	2(%rcx), %eax	# MEM[(const char *)fmt_218 + 2B],
 1224 07fb E969FEFF 		jmp	.L150	#
 1224      FF
 1225              		.p2align 4,,10
 1226              		.p2align 3
 1227              	.L151:
 1228              	# printk.c:277: 			field_width=va_arg(args,int);
 1229 0800 498B5424 		movq	8(%r12), %rdx	# args_113(D)->overflow_arg_area, D.2572
 1229      08
 1230 0805 488D4208 		leaq	8(%rdx), %rax	#, tmp273
 1231 0809 49894424 		movq	%rax, 8(%r12)	# tmp273, args_113(D)->overflow_arg_area
 1231      08
 1232 080e EBDB     		jmp	.L152	#
 1233              	.L162:
 1234              	# printk.c:368: 				flags |=SMALL;
 1235 0810 4183C940 		orl	$64, %r9d	#, flags
 1236              	.L171:
 1237              	# printk.c:322: 				s=va_arg(args,char *);
 1238 0814 418B0C24 		movl	(%r12), %ecx	# args_113(D)->gp_offset, pretmp_267
GAS LISTING printk.s 			page 32


 1239              	# printk.c:370: 				if(qualifier =='l'){
 1240 0818 83F86C   		cmpl	$108, %eax	#, qualifier
 1241 081b 0F840704 		je	.L294	#,
 1241      0000
 1242              	.L202:
 1243              	# printk.c:373: 					str=number(str,va_arg(args,unsigned int),16,field_width,precision,flags);
 1244 0821 83F92F   		cmpl	$47, %ecx	#, pretmp_267
 1245 0824 0F878602 		ja	.L205	#,
 1245      0000
 1246 082a 89C8     		movl	%ecx, %eax	# pretmp_267, D.2650
 1247 082c 83C108   		addl	$8, %ecx	#, tmp351
 1248 082f 49034424 		addq	16(%r12), %rax	# args_113(D)->reg_save_area, D.2652
 1248      10
 1249 0834 41890C24 		movl	%ecx, (%r12)	# tmp351, args_113(D)->gp_offset
 1250              	.L206:
 1251              	# printk.c:373: 					str=number(str,va_arg(args,unsigned int),16,field_width,precision,flags);
 1252 0838 89D1     		movl	%edx, %ecx	# field_width,
 1253 083a 4C895424 		movq	%r10, 8(%rsp)	# _28, %sfp
 1253      08
 1254 083f 8B30     		movl	(%rax), %esi	# MEM[(unsigned int * {ref-all})addr.212_23], MEM[(unsigned int * {ref-all})addr
 1255 0841 BA100000 		movl	$16, %edx	#,
 1255      00
 1256 0846 EB36     		jmp	.L286	#
 1257              	.L169:
 1258              	# printk.c:378: 				flags |=SIGN;
 1259 0848 4183C902 		orl	$2, %r9d	#, flags
 1260              	.L164:
 1261              	# printk.c:322: 				s=va_arg(args,char *);
 1262 084c 418B0C24 		movl	(%r12), %ecx	# args_113(D)->gp_offset, pretmp_30
 1263              	# printk.c:380: 				if(qualifier =='l'){
 1264 0850 83F86C   		cmpl	$108, %eax	#, qualifier
 1265 0853 0F848F03 		je	.L295	#,
 1265      0000
 1266              	.L208:
 1267              	# printk.c:383: 					str=number(str,va_arg(args,unsigned int),10,field_width,precision,flags);
 1268 0859 83F92F   		cmpl	$47, %ecx	#, pretmp_30
 1269 085c 0F876602 		ja	.L211	#,
 1269      0000
 1270 0862 89C8     		movl	%ecx, %eax	# pretmp_30, D.2670
 1271 0864 83C108   		addl	$8, %ecx	#, tmp365
 1272 0867 49034424 		addq	16(%r12), %rax	# args_113(D)->reg_save_area, D.2672
 1272      10
 1273 086c 41890C24 		movl	%ecx, (%r12)	# tmp365, args_113(D)->gp_offset
 1274              	.L212:
 1275 0870 4C895424 		movq	%r10, 8(%rsp)	# _28, %sfp
 1275      08
 1276              	# printk.c:383: 					str=number(str,va_arg(args,unsigned int),10,field_width,precision,flags);
 1277 0875 8B30     		movl	(%rax), %esi	# MEM[(unsigned int * {ref-all})addr.214_29], MEM[(unsigned int * {ref-all})addr
 1278 0877 89D1     		movl	%edx, %ecx	# field_width,
 1279 0879 BA0A0000 		movl	$10, %edx	#,
 1279      00
 1280              	.L286:
 1281 087e 48B80000 		movabsq	$number@GOTOFF, %rax	#, tmp369
 1281      00000000 
 1281      0000
 1282 0888 4C01F0   		addq	%r14, %rax	# tmp82, tmp368
 1283 088b FFD0     		call	*%rax	# tmp368
GAS LISTING printk.s 			page 33


 1284              	# printk.c:240: 	for (str=buf;*fmt;fmt++)
 1285 088d 4C8B5424 		movq	8(%rsp), %r10	# %sfp, _28
 1285      08
 1286              	# printk.c:383: 					str=number(str,va_arg(args,unsigned int),10,field_width,precision,flags);
 1287 0892 4889C7   		movq	%rax, %rdi	# tmp424, str
 1288              	# printk.c:240: 	for (str=buf;*fmt;fmt++)
 1289 0895 498D4A01 		leaq	1(%r10), %rcx	#, fmt
 1290              	.L287:
 1291              	# printk.c:240: 	for (str=buf;*fmt;fmt++)
 1292 0899 410FB642 		movzbl	1(%r10), %eax	#, _397
 1292      01
 1293 089e E97AFDFF 		jmp	.L139	#
 1293      FF
 1294              	.L233:
 1295              	# printk.c:309: 	switch (*fmt){
 1296 08a3 4989DA   		movq	%rbx, %r10	# fmt, _28
 1297              	.L172:
 1298              	# printk.c:396: 				*str++ ='%';
 1299 08a6 C60725   		movb	$37, (%rdi)	#, *str_404
 1300              	# printk.c:240: 	for (str=buf;*fmt;fmt++)
 1301 08a9 498D4A01 		leaq	1(%r10), %rcx	#, fmt
 1302              	# printk.c:240: 	for (str=buf;*fmt;fmt++)
 1303 08ad 410FB642 		movzbl	1(%r10), %eax	# MEM[(const char *)fmt_168 + 1B], _397
 1303      01
 1304              	# printk.c:396: 				*str++ ='%';
 1305 08b2 4883C701 		addq	$1, %rdi	#, str
 1306              	# printk.c:397: 				break;
 1307 08b6 E962FDFF 		jmp	.L139	#
 1307      FF
 1308              	.L234:
 1309              	# printk.c:309: 	switch (*fmt){
 1310 08bb 4989DA   		movq	%rbx, %r10	# fmt, _28
 1311              	.L170:
 1312              	# printk.c:311: 				if(!(flags &LEFT)){
 1313 08be 4183E110 		andl	$16, %r9d	#, flags
 1314 08c2 0F846302 		je	.L296	#,
 1314      0000
 1315              	.L173:
 1316              	# printk.c:316: 				*str++ =(unsigned char)va_arg(args,int);
 1317 08c8 418B0424 		movl	(%r12), %eax	# args_113(D)->gp_offset, D.2587
 1318 08cc 83F82F   		cmpl	$47, %eax	#, D.2587
 1319 08cf 0F862C02 		jbe	.L297	#,
 1319      0000
 1320 08d5 498B4C24 		movq	8(%r12), %rcx	# args_113(D)->overflow_arg_area, D.2592
 1320      08
 1321 08da 488D4108 		leaq	8(%rcx), %rax	#, tmp303
 1322 08de 49894424 		movq	%rax, 8(%r12)	# tmp303, args_113(D)->overflow_arg_area
 1322      08
 1323              	.L177:
 1324              	# printk.c:316: 				*str++ =(unsigned char)va_arg(args,int);
 1325 08e3 8B01     		movl	(%rcx), %eax	# MEM[(int * {ref-all})addr.206_232], MEM[(int * {ref-all})addr.206_232]
 1326              	# printk.c:316: 				*str++ =(unsigned char)va_arg(args,int);
 1327 08e5 488D7701 		leaq	1(%rdi), %rsi	#, str
 1328              	# printk.c:240: 	for (str=buf;*fmt;fmt++)
 1329 08e9 498D4A01 		leaq	1(%r10), %rcx	#, fmt
 1330              	# printk.c:316: 				*str++ =(unsigned char)va_arg(args,int);
 1331 08ed 8807     		movb	%al, (%rdi)	# MEM[(int * {ref-all})addr.206_232], *str_61
GAS LISTING printk.s 			page 34


 1332 08ef 89D0     		movl	%edx, %eax	# field_width, field_width
 1333 08f1 4801C7   		addq	%rax, %rdi	# field_width, str
 1334              	# printk.c:317: 				while(--field_width>0){
 1335 08f4 83FA01   		cmpl	$1, %edx	#, field_width
 1336 08f7 0F8EDD04 		jle	.L273	#,
 1336      0000
 1337 08fd 4889F8   		movq	%rdi, %rax	# str, tmp397
 1338 0900 4829F0   		subq	%rsi, %rax	# str, tmp397
 1339 0903 A801     		testb	$1, %al	#, tmp397
 1340 0905 7411     		je	.L179	#,
 1341              	# printk.c:318: 					*str++ =' ';
 1342 0907 4883C601 		addq	$1, %rsi	#, str
 1343              	# printk.c:318: 					*str++ =' ';
 1344 090b C646FF20 		movb	$32, -1(%rsi)	#, MEM[(char *)str_172 + -1B]
 1345              	# printk.c:317: 				while(--field_width>0){
 1346 090f 4839F7   		cmpq	%rsi, %rdi	# str, str
 1347 0912 7485     		je	.L287	#,
 1348              		.p2align 4,,10
 1349 0914 0F1F4000 		.p2align 3
 1350              	.L179:
 1351              	# printk.c:318: 					*str++ =' ';
 1352 0918 C60620   		movb	$32, (%rsi)	#, MEM[(char *)str_172 + -1B]
 1353              	# printk.c:318: 					*str++ =' ';
 1354 091b 4883C602 		addq	$2, %rsi	#, str
 1355              	# printk.c:318: 					*str++ =' ';
 1356 091f C646FF20 		movb	$32, -1(%rsi)	#, MEM[(char *)str_172 + -1B]
 1357              	# printk.c:317: 				while(--field_width>0){
 1358 0923 4839F7   		cmpq	%rsi, %rdi	# str, str
 1359 0926 75F0     		jne	.L179	#,
 1360 0928 E96CFFFF 		jmp	.L287	#
 1360      FF
 1361              	.L236:
 1362              	# printk.c:309: 	switch (*fmt){
 1363 092d 4989DA   		movq	%rbx, %r10	# fmt, _28
 1364              	.L165:
 1365              	# printk.c:322: 				s=va_arg(args,char *);
 1366 0930 418B0424 		movl	(%r12), %eax	# args_113(D)->gp_offset, D.2597
 1367 0934 83F82F   		cmpl	$47, %eax	#, D.2597
 1368 0937 0F87B101 		ja	.L180	#,
 1368      0000
 1369 093d 89C1     		movl	%eax, %ecx	# D.2597, D.2600
 1370 093f 83C008   		addl	$8, %eax	#, tmp308
 1371 0942 49034C24 		addq	16(%r12), %rcx	# args_113(D)->reg_save_area, D.2602
 1371      10
 1372 0947 41890424 		movl	%eax, (%r12)	# tmp308, args_113(D)->gp_offset
 1373              	.L181:
 1374 094b 4C8B19   		movq	(%rcx), %r11	# MEM[(char * * {ref-all})addr.207_233], s
 1375              	# lib.h:530:     while (*ptr != '\0') {
 1376 094e 41803B00 		cmpb	$0, (%r11)	#, *s_130
 1377 0952 0F849704 		je	.L230	#,
 1377      0000
 1378              	# lib.h:527:     char *ptr = String;
 1379 0958 4C89D8   		movq	%r11, %rax	# s, ptr
 1380 095b 0F1F4400 		.p2align 4,,10
 1380      00
 1381              		.p2align 3
 1382              	.L183:
GAS LISTING printk.s 			page 35


 1383              	# lib.h:531:         ptr++;
 1384 0960 4883C001 		addq	$1, %rax	#, ptr
 1385              	# lib.h:530:     while (*ptr != '\0') {
 1386 0964 803800   		cmpb	$0, (%rax)	#, MEM[(char *)ptr_190]
 1387 0967 75F7     		jne	.L183	#,
 1388              	# lib.h:535:     return ptr - String;
 1389 0969 89C6     		movl	%eax, %esi	# ptr, len
 1390 096b 4429DE   		subl	%r11d, %esi	# s, len
 1391              	.L182:
 1392              	# printk.c:331: 				else if(len >precision){
 1393 096e 4439C6   		cmpl	%r8d, %esi	# precision, len
 1394 0971 4489C0   		movl	%r8d, %eax	# precision, tmp388
 1395 0974 0F4EC6   		cmovle	%esi, %eax	# len,, tmp388
 1396 0977 4183F8FF 		cmpl	$-1, %r8d	#, precision
 1397 097b 0F45F0   		cmovne	%eax, %esi	# tmp388,, len
 1398              	# printk.c:334: 				if(!(flags &LEFT)){
 1399 097e 4183E110 		andl	$16, %r9d	#, flags
 1400 0982 0F847C03 		je	.L298	#,
 1400      0000
 1401              	.L185:
 1402              	# printk.c:339: 				for(i=0;i<len;i++){
 1403 0988 85F6     		testl	%esi, %esi	# len
 1404 098a 0F8E5704 		jle	.L231	#,
 1404      0000
 1405 0990 4C63C6   		movslq	%esi, %r8	# len, _65
 1406 0993 31C0     		xorl	%eax, %eax	# ivtmp.253
 1407              		.p2align 4,,10
 1408 0995 0F1F00   		.p2align 3
 1409              	.L189:
 1410              	# printk.c:340: 						*str++ =*s++;
 1411 0998 410FB60C 		movzbl	(%r11,%rax), %ecx	# MEM[(char *)s_130 + ivtmp.253_68 * 1], _35
 1411      03
 1412              	# printk.c:340: 						*str++ =*s++;
 1413 099d 880C07   		movb	%cl, (%rdi,%rax)	# _35, MEM[(char *)str_64 + ivtmp.253_68 * 1]
 1414              	# printk.c:339: 				for(i=0;i<len;i++){
 1415 09a0 4883C001 		addq	$1, %rax	#, ivtmp.253
 1416 09a4 4939C0   		cmpq	%rax, %r8	# ivtmp.253, _65
 1417 09a7 75EF     		jne	.L189	#,
 1418 09a9 4189F0   		movl	%esi, %r8d	# len, len
 1419 09ac 4901F8   		addq	%rdi, %r8	# str, str
 1420              	.L188:
 1421              	# printk.c:240: 	for (str=buf;*fmt;fmt++)
 1422 09af 498D4A01 		leaq	1(%r10), %rcx	#, fmt
 1423              	# printk.c:342: 				while(len <field_width--){
 1424 09b3 39F2     		cmpl	%esi, %edx	# len, field_width
 1425 09b5 0F8E1204 		jle	.L299	#,
 1425      0000
 1426 09bb 29F2     		subl	%esi, %edx	# len, tmp317
 1427 09bd 8D42FF   		leal	-1(%rdx), %eax	#, tmp319
 1428 09c0 498D7C00 		leaq	1(%r8,%rax), %rdi	#, str
 1428      01
 1429 09c5 A801     		testb	$1, %al	#, tmp319
 1430 09c7 7517     		jne	.L191	#,
 1431              	# printk.c:343: 						*str++ =' ';
 1432 09c9 4983C001 		addq	$1, %r8	#, str
 1433              	# printk.c:343: 						*str++ =' ';
 1434 09cd 41C640FF 		movb	$32, -1(%r8)	#, MEM[(char *)str_136 + -1B]
GAS LISTING printk.s 			page 36


 1434      20
 1435              	# printk.c:342: 				while(len <field_width--){
 1436 09d2 4C39C7   		cmpq	%r8, %rdi	# str, str
 1437 09d5 0F84BEFE 		je	.L287	#,
 1437      FFFF
 1438 09db 0F1F4400 		.p2align 4,,10
 1438      00
 1439              		.p2align 3
 1440              	.L191:
 1441              	# printk.c:343: 						*str++ =' ';
 1442 09e0 41C60020 		movb	$32, (%r8)	#, MEM[(char *)str_136 + -1B]
 1443              	# printk.c:343: 						*str++ =' ';
 1444 09e4 4983C002 		addq	$2, %r8	#, str
 1445              	# printk.c:343: 						*str++ =' ';
 1446 09e8 41C640FF 		movb	$32, -1(%r8)	#, MEM[(char *)str_136 + -1B]
 1446      20
 1447              	# printk.c:342: 				while(len <field_width--){
 1448 09ed 4C39C7   		cmpq	%r8, %rdi	# str, str
 1449 09f0 75EE     		jne	.L191	#,
 1450 09f2 E9A2FEFF 		jmp	.L287	#
 1450      FF
 1451              	.L235:
 1452              	# printk.c:309: 	switch (*fmt){
 1453 09f7 4989DA   		movq	%rbx, %r10	# fmt, _28
 1454              	.L166:
 1455              	# printk.c:360: 				if(field_width ==-1){
 1456 09fa 83FAFF   		cmpl	$-1, %edx	#, field_width
 1457 09fd 0F841A01 		je	.L300	#,
 1457      0000
 1458              	.L198:
 1459              	# printk.c:365: 				str=number(str,(unsigned long)va_arg(args,void *),16,field_width,precision,flag
 1460 0a03 418B0424 		movl	(%r12), %eax	# args_113(D)->gp_offset, D.2627
 1461 0a07 83F82F   		cmpl	$47, %eax	#, D.2627
 1462 0a0a 0F87CB00 		ja	.L199	#,
 1462      0000
 1463 0a10 89C1     		movl	%eax, %ecx	# D.2627, D.2630
 1464 0a12 83C008   		addl	$8, %eax	#, tmp337
 1465 0a15 49034C24 		addq	16(%r12), %rcx	# args_113(D)->reg_save_area, D.2632
 1465      10
 1466 0a1a 41890424 		movl	%eax, (%r12)	# tmp337, args_113(D)->gp_offset
 1467              	.L200:
 1468              	# printk.c:365: 				str=number(str,(unsigned long)va_arg(args,void *),16,field_width,precision,flag
 1469 0a1e 488B31   		movq	(%rcx), %rsi	# MEM[(void * * {ref-all})addr.210_217], MEM[(void * * {ref-all})addr.210_217]
 1470 0a21 4C895424 		movq	%r10, 8(%rsp)	# _28, %sfp
 1470      08
 1471 0a26 89D1     		movl	%edx, %ecx	# field_width,
 1472 0a28 BA100000 		movl	$16, %edx	#,
 1472      00
 1473 0a2d E94CFEFF 		jmp	.L286	#
 1473      FF
 1474              		.p2align 4,,10
 1475 0a32 660F1F44 		.p2align 3
 1475      0000
 1476              	.L292:
 1477              	# printk.c:110:  	int i=0;
 1478 0a38 4531C0   		xorl	%r8d, %r8d	# i
 1479 0a3b 0F1F4400 		.p2align 4,,10
GAS LISTING printk.s 			page 37


 1479      00
 1480              		.p2align 3
 1481              	.L156:
 1482              	# printk.c:114:  		i = i * 10 + (current_char - '0');  // 更新数值
 1483 0a40 83E830   		subl	$48, %eax	#, tmp279
 1484              	# printk.c:114:  		i = i * 10 + (current_char - '0');  // 更新数值
 1485 0a43 438D3480 		leal	(%r8,%r8,4), %esi	#, tmp277
 1486              	# printk.c:113:  		(*s)++;                   // 指针向后移动
 1487 0a47 4883C101 		addq	$1, %rcx	#, _204
 1488              	# printk.c:114:  		i = i * 10 + (current_char - '0');  // 更新数值
 1489 0a4b 0FBEC0   		movsbl	%al, %eax	# tmp279, tmp280
 1490              	# printk.c:114:  		i = i * 10 + (current_char - '0');  // 更新数值
 1491 0a4e 448D0470 		leal	(%rax,%rsi,2), %r8d	#, i
 1492              	# printk.c:112:  	while(is_digit(current_char = **s)){
 1493 0a52 0FBE01   		movsbl	(%rcx), %eax	# MEM[(const char *)_204],
 1494              	# printk.c:112:  	while(is_digit(current_char = **s)){
 1495 0a55 8D70D0   		leal	-48(%rax), %esi	#, tmp281
 1496 0a58 4080FE09 		cmpb	$9, %sil	#, tmp281
 1497 0a5c 76E2     		jbe	.L156	#,
 1498              	# printk.c:296: 			if(precision <0){
 1499 0a5e 31F6     		xorl	%esi, %esi	# tmp426
 1500 0a60 4585C0   		testl	%r8d, %r8d	# i
 1501 0a63 4889CB   		movq	%rcx, %rbx	# _204, fmt
 1502 0a66 440F48C6 		cmovs	%esi, %r8d	# i,, tmp426, precision
 1503 0a6a E908FCFF 		jmp	.L154	#
 1503      FF
 1504 0a6f 90       		.p2align 4,,10
 1505              		.p2align 3
 1506              	.L293:
 1507              	# printk.c:294: 				precision =va_arg(args,int);
 1508 0a70 418B0424 		movl	(%r12), %eax	# args_113(D)->gp_offset, D.2577
 1509              	# printk.c:293: 				fmt++;
 1510 0a74 488D7302 		leaq	2(%rbx), %rsi	#, _22
 1511              	# printk.c:294: 				precision =va_arg(args,int);
 1512 0a78 83F82F   		cmpl	$47, %eax	#, D.2577
 1513 0a7b 0F87D101 		ja	.L158	#,
 1513      0000
 1514 0a81 89C1     		movl	%eax, %ecx	# D.2577, D.2580
 1515 0a83 83C008   		addl	$8, %eax	#, tmp284
 1516 0a86 49034C24 		addq	16(%r12), %rcx	# args_113(D)->reg_save_area, D.2582
 1516      10
 1517 0a8b 41890424 		movl	%eax, (%r12)	# tmp284, args_113(D)->gp_offset
 1518              	.L159:
 1519              	# printk.c:296: 			if(precision <0){
 1520 0a8f 448B01   		movl	(%rcx), %r8d	# MEM[(int * {ref-all})addr.205_15], MEM[(int * {ref-all})addr.205_15]
 1521 0a92 31C0     		xorl	%eax, %eax	# tmp425
 1522 0a94 4585C0   		testl	%r8d, %r8d	# MEM[(int * {ref-all})addr.205_15]
 1523 0a97 440F48C0 		cmovs	%eax, %r8d	# MEM[(int * {ref-all})addr.205_15],, tmp425, precision
 1524              	# printk.c:305: 		if(*fmt =='h' || *fmt =='l' || *fmt =='L'||*fmt =='z'){
 1525 0a9b 0FBE4302 		movsbl	2(%rbx), %eax	# MEM[(const char *)fmt_220 + 2B],
 1526              	# printk.c:293: 				fmt++;
 1527 0a9f 4889F3   		movq	%rsi, %rbx	# _22, fmt
 1528 0aa2 E9D0FBFF 		jmp	.L154	#
 1528      FF
 1529 0aa7 660F1F84 		.p2align 4,,10
 1529      00000000 
 1529      00
GAS LISTING printk.s 			page 38


 1530              		.p2align 3
 1531              	.L205:
 1532              	# printk.c:373: 					str=number(str,va_arg(args,unsigned int),16,field_width,precision,flags);
 1533 0ab0 498B4424 		movq	8(%r12), %rax	# args_113(D)->overflow_arg_area, D.2652
 1533      08
 1534 0ab5 488D4808 		leaq	8(%rax), %rcx	#, tmp352
 1535 0ab9 49894C24 		movq	%rcx, 8(%r12)	# tmp352, args_113(D)->overflow_arg_area
 1535      08
 1536 0abe E975FDFF 		jmp	.L206	#
 1536      FF
 1537              		.p2align 4,,10
 1538 0ac3 0F1F4400 		.p2align 3
 1538      00
 1539              	.L211:
 1540              	# printk.c:383: 					str=number(str,va_arg(args,unsigned int),10,field_width,precision,flags);
 1541 0ac8 498B4424 		movq	8(%r12), %rax	# args_113(D)->overflow_arg_area, D.2672
 1541      08
 1542 0acd 488D4808 		leaq	8(%rax), %rcx	#, tmp366
 1543 0ad1 49894C24 		movq	%rcx, 8(%r12)	# tmp366, args_113(D)->overflow_arg_area
 1543      08
 1544 0ad6 E995FDFF 		jmp	.L212	#
 1544      FF
 1545              	.L199:
 1546              	# printk.c:365: 				str=number(str,(unsigned long)va_arg(args,void *),16,field_width,precision,flag
 1547 0adb 498B4C24 		movq	8(%r12), %rcx	# args_113(D)->overflow_arg_area, D.2632
 1547      08
 1548 0ae0 488D4108 		leaq	8(%rcx), %rax	#, tmp338
 1549 0ae4 49894424 		movq	%rax, 8(%r12)	# tmp338, args_113(D)->overflow_arg_area
 1549      08
 1550 0ae9 E930FFFF 		jmp	.L200	#
 1550      FF
 1551              	.L180:
 1552              	# printk.c:322: 				s=va_arg(args,char *);
 1553 0aee 498B4C24 		movq	8(%r12), %rcx	# args_113(D)->overflow_arg_area, D.2602
 1553      08
 1554 0af3 488D4108 		leaq	8(%rcx), %rax	#, tmp309
 1555 0af7 49894424 		movq	%rax, 8(%r12)	# tmp309, args_113(D)->overflow_arg_area
 1555      08
 1556 0afc E94AFEFF 		jmp	.L181	#
 1556      FF
 1557              	.L297:
 1558              	# printk.c:316: 				*str++ =(unsigned char)va_arg(args,int);
 1559 0b01 89C1     		movl	%eax, %ecx	# D.2587, D.2590
 1560 0b03 83C008   		addl	$8, %eax	#, tmp302
 1561 0b06 49034C24 		addq	16(%r12), %rcx	# args_113(D)->reg_save_area, D.2592
 1561      10
 1562 0b0b 41890424 		movl	%eax, (%r12)	# tmp302, args_113(D)->gp_offset
 1563 0b0f E9CFFDFF 		jmp	.L177	#
 1563      FF
 1564              	.L219:
 1565              	# printk.c:399: 				*str++ ='%';
 1566 0b14 4883C701 		addq	$1, %rdi	#, str
 1567 0b18 E933FCFF 		jmp	.L220	#
 1567      FF
 1568              	.L300:
 1569              	# printk.c:363: 					flags |=ZEROPAD;
 1570 0b1d 4183C901 		orl	$1, %r9d	#, flags
GAS LISTING printk.s 			page 39


 1571              	# printk.c:362: 					field_width=sizeof(void *)*2;
 1572 0b21 BA100000 		movl	$16, %edx	#, field_width
 1572      00
 1573 0b26 E9D8FEFF 		jmp	.L198	#
 1573      FF
 1574              	.L296:
 1575 0b2b 8D42FF   		leal	-1(%rdx), %eax	#,
 1576 0b2e 4889C1   		movq	%rax, %rcx	#,
 1577 0b31 4801F8   		addq	%rdi, %rax	# str, _95
 1578              	# printk.c:312: 					while(--field_width>0){
 1579 0b34 83FA01   		cmpl	$1, %edx	#, field_width
 1580 0b37 0F8E8102 		jle	.L271	#,
 1580      0000
 1581 0b3d 4889C2   		movq	%rax, %rdx	# _95, tmp402
 1582 0b40 4829FA   		subq	%rdi, %rdx	# str, tmp402
 1583 0b43 83E201   		andl	$1, %edx	#, tmp402
 1584 0b46 7410     		je	.L175	#,
 1585              	# printk.c:313: 						*str++ =' ';
 1586 0b48 4883C701 		addq	$1, %rdi	#, str
 1587              	# printk.c:313: 						*str++ =' ';
 1588 0b4c C647FF20 		movb	$32, -1(%rdi)	#, MEM[(char *)str_166 + -1B]
 1589              	# printk.c:312: 					while(--field_width>0){
 1590 0b50 4839F8   		cmpq	%rdi, %rax	# str, _95
 1591 0b53 7413     		je	.L279	#,
 1592              		.p2align 4,,10
 1593 0b55 0F1F00   		.p2align 3
 1594              	.L175:
 1595              	# printk.c:313: 						*str++ =' ';
 1596 0b58 C60720   		movb	$32, (%rdi)	#, MEM[(char *)str_166 + -1B]
 1597              	# printk.c:313: 						*str++ =' ';
 1598 0b5b 4883C702 		addq	$2, %rdi	#, str
 1599              	# printk.c:313: 						*str++ =' ';
 1600 0b5f C647FF20 		movb	$32, -1(%rdi)	#, MEM[(char *)str_166 + -1B]
 1601              	# printk.c:312: 					while(--field_width>0){
 1602 0b63 4839F8   		cmpq	%rdi, %rax	# str, _95
 1603 0b66 75F0     		jne	.L175	#,
 1604              	.L279:
 1605 0b68 31D2     		xorl	%edx, %edx	# field_width
 1606 0b6a E959FDFF 		jmp	.L173	#
 1606      FF
 1607              	.L168:
 1608              	# printk.c:322: 				s=va_arg(args,char *);
 1609 0b6f 418B1424 		movl	(%r12), %edx	# args_113(D)->gp_offset, pretmp_192
 1610              	# printk.c:387: 				if(qualifier =='l'){
 1611 0b73 83F86C   		cmpl	$108, %eax	#, qualifier
 1612 0b76 0F84F900 		je	.L301	#,
 1612      0000
 1613              	.L214:
 1614              	# printk.c:391: 					int *ip=va_arg(args,int *);
 1615 0b7c 83FA2F   		cmpl	$47, %edx	#, pretmp_192
 1616 0b7f 0F875901 		ja	.L217	#,
 1616      0000
 1617 0b85 89D0     		movl	%edx, %eax	# pretmp_192, D.2690
 1618 0b87 83C208   		addl	$8, %edx	#, tmp377
 1619 0b8a 49034424 		addq	16(%r12), %rax	# args_113(D)->reg_save_area, D.2692
 1619      10
 1620 0b8f 41891424 		movl	%edx, (%r12)	# tmp377, args_113(D)->gp_offset
GAS LISTING printk.s 			page 40


 1621              	.L218:
 1622 0b93 488B00   		movq	(%rax), %rax	# MEM[(int * * {ref-all})addr.216_55], ip
 1623              	# printk.c:392: 					*ip=(str-buf);
 1624 0b96 4889FA   		movq	%rdi, %rdx	# str, tmp379
 1625              	# printk.c:240: 	for (str=buf;*fmt;fmt++)
 1626 0b99 498D4A01 		leaq	1(%r10), %rcx	#, fmt
 1627              	# printk.c:392: 					*ip=(str-buf);
 1628 0b9d 4C29EA   		subq	%r13, %rdx	# buf, tmp379
 1629              	# printk.c:392: 					*ip=(str-buf);
 1630 0ba0 8910     		movl	%edx, (%rax)	# tmp379, *ip_153
 1631              	# printk.c:240: 	for (str=buf;*fmt;fmt++)
 1632 0ba2 410FB642 		movzbl	1(%r10), %eax	#, _397
 1632      01
 1633 0ba7 E971FAFF 		jmp	.L139	#
 1633      FF
 1634              	.L167:
 1635              	# printk.c:322: 				s=va_arg(args,char *);
 1636 0bac 418B0C24 		movl	(%r12), %ecx	# args_113(D)->gp_offset, pretmp_193
 1637              	# printk.c:352: 				if(qualifier =='l'){
 1638 0bb0 83F86C   		cmpl	$108, %eax	#, qualifier
 1639 0bb3 0F84EC00 		je	.L302	#,
 1639      0000
 1640              	.L193:
 1641              	# printk.c:356: 					str=number(str,va_arg(args,unsigned int),8,field_width,precision,flags);
 1642 0bb9 83F92F   		cmpl	$47, %ecx	#, pretmp_193
 1643 0bbc 0F872F01 		ja	.L196	#,
 1643      0000
 1644 0bc2 89C8     		movl	%ecx, %eax	# pretmp_193, D.2620
 1645 0bc4 83C108   		addl	$8, %ecx	#, tmp330
 1646 0bc7 49034424 		addq	16(%r12), %rax	# args_113(D)->reg_save_area, D.2622
 1646      10
 1647 0bcc 41890C24 		movl	%ecx, (%r12)	# tmp330, args_113(D)->gp_offset
 1648              	.L197:
 1649              	# printk.c:356: 					str=number(str,va_arg(args,unsigned int),8,field_width,precision,flags);
 1650 0bd0 89D1     		movl	%edx, %ecx	# field_width,
 1651 0bd2 4C895424 		movq	%r10, 8(%rsp)	# _28, %sfp
 1651      08
 1652 0bd7 8B30     		movl	(%rax), %esi	# MEM[(unsigned int * {ref-all})addr.209_211], MEM[(unsigned int * {ref-all})add
 1653 0bd9 BA080000 		movl	$8, %edx	#,
 1653      00
 1654 0bde E99BFCFF 		jmp	.L286	#
 1654      FF
 1655              		.p2align 4,,10
 1656 0be3 0F1F4400 		.p2align 3
 1656      00
 1657              	.L295:
 1658              	# printk.c:381: 					str=number(str,va_arg(args,unsigned long),10,field_width,precision,flags);
 1659 0be8 83F92F   		cmpl	$47, %ecx	#, pretmp_30
 1660 0beb 7778     		ja	.L209	#,
 1661 0bed 89C8     		movl	%ecx, %eax	# pretmp_30, D.2660
 1662 0bef 83C108   		addl	$8, %ecx	#, tmp358
 1663 0bf2 49034424 		addq	16(%r12), %rax	# args_113(D)->reg_save_area, D.2662
 1663      10
 1664 0bf7 41890C24 		movl	%ecx, (%r12)	# tmp358, args_113(D)->gp_offset
 1665              	.L210:
 1666              	# printk.c:381: 					str=number(str,va_arg(args,unsigned long),10,field_width,precision,flags);
 1667 0bfb 488B30   		movq	(%rax), %rsi	# MEM[(long unsigned int * {ref-all})addr.213_235], MEM[(long unsigned int * {re
GAS LISTING printk.s 			page 41


 1668 0bfe 89D1     		movl	%edx, %ecx	# field_width,
 1669 0c00 BA0A0000 		movl	$10, %edx	#,
 1669      00
 1670              	.L285:
 1671              	# printk.c:371: 					str=number(str,va_arg(args,unsigned long),16,field_width,precision,flags);	
 1672 0c05 48B80000 		movabsq	$number@GOTOFF, %rax	#, tmp348
 1672      00000000 
 1672      0000
 1673 0c0f 4C01F0   		addq	%r14, %rax	# tmp82, tmp347
 1674 0c12 FFD0     		call	*%rax	# tmp347
 1675              	# printk.c:240: 	for (str=buf;*fmt;fmt++)
 1676 0c14 488D4B02 		leaq	2(%rbx), %rcx	#, fmt
 1677              	# printk.c:371: 					str=number(str,va_arg(args,unsigned long),16,field_width,precision,flags);	
 1678 0c18 4889C7   		movq	%rax, %rdi	# tmp421, str
 1679              	# printk.c:240: 	for (str=buf;*fmt;fmt++)
 1680 0c1b 0FB64302 		movzbl	2(%rbx), %eax	# MEM[(const char *)fmt_224 + 2B], _397
 1681 0c1f E9F9F9FF 		jmp	.L139	#
 1681      FF
 1682              		.p2align 4,,10
 1683 0c24 0F1F4000 		.p2align 3
 1684              	.L294:
 1685              	# printk.c:371: 					str=number(str,va_arg(args,unsigned long),16,field_width,precision,flags);	
 1686 0c28 83F92F   		cmpl	$47, %ecx	#, pretmp_267
 1687 0c2b 0F879A00 		ja	.L203	#,
 1687      0000
 1688 0c31 89C8     		movl	%ecx, %eax	# pretmp_267, D.2640
 1689 0c33 83C108   		addl	$8, %ecx	#, tmp344
 1690 0c36 49034424 		addq	16(%r12), %rax	# args_113(D)->reg_save_area, D.2642
 1690      10
 1691 0c3b 41890C24 		movl	%ecx, (%r12)	# tmp344, args_113(D)->gp_offset
 1692              	.L204:
 1693              	# printk.c:371: 					str=number(str,va_arg(args,unsigned long),16,field_width,precision,flags);	
 1694 0c3f 89D1     		movl	%edx, %ecx	# field_width,
 1695 0c41 488B30   		movq	(%rax), %rsi	# MEM[(long unsigned int * {ref-all})addr.211_125], MEM[(long unsigned int * {re
 1696 0c44 BA100000 		movl	$16, %edx	#,
 1696      00
 1697 0c49 EBBA     		jmp	.L285	#
 1698              	.L225:
 1699              	# printk.c:240: 	for (str=buf;*fmt;fmt++)
 1700 0c4b 31C0     		xorl	%eax, %eax	# <retval>
 1701 0c4d E903FBFF 		jmp	.L137	#
 1701      FF
 1702              	.L158:
 1703              	# printk.c:294: 				precision =va_arg(args,int);
 1704 0c52 498B4C24 		movq	8(%r12), %rcx	# args_113(D)->overflow_arg_area, D.2582
 1704      08
 1705 0c57 488D4108 		leaq	8(%rcx), %rax	#, tmp285
 1706 0c5b 49894424 		movq	%rax, 8(%r12)	# tmp285, args_113(D)->overflow_arg_area
 1706      08
 1707 0c60 E92AFEFF 		jmp	.L159	#
 1707      FF
 1708              	.L209:
 1709              	# printk.c:381: 					str=number(str,va_arg(args,unsigned long),10,field_width,precision,flags);
 1710 0c65 498B4424 		movq	8(%r12), %rax	# args_113(D)->overflow_arg_area, D.2662
 1710      08
 1711 0c6a 488D4808 		leaq	8(%rax), %rcx	#, tmp359
 1712 0c6e 49894C24 		movq	%rcx, 8(%r12)	# tmp359, args_113(D)->overflow_arg_area
GAS LISTING printk.s 			page 42


 1712      08
 1713 0c73 EB86     		jmp	.L210	#
 1714              	.L301:
 1715              	# printk.c:388: 					long *ip=va_arg(args,long *);
 1716 0c75 83FA2F   		cmpl	$47, %edx	#, pretmp_192
 1717 0c78 0F87CA00 		ja	.L215	#,
 1717      0000
 1718 0c7e 89D0     		movl	%edx, %eax	# pretmp_192, D.2680
 1719 0c80 83C208   		addl	$8, %edx	#, tmp372
 1720 0c83 49034424 		addq	16(%r12), %rax	# args_113(D)->reg_save_area, D.2682
 1720      10
 1721 0c88 41891424 		movl	%edx, (%r12)	# tmp372, args_113(D)->gp_offset
 1722              	.L216:
 1723 0c8c 488B00   		movq	(%rax), %rax	# MEM[(long int * * {ref-all})addr.215_236], ip
 1724              	# printk.c:389: 					*ip=(str-buf);
 1725 0c8f 4889FA   		movq	%rdi, %rdx	# str, tmp374
 1726              	# printk.c:240: 	for (str=buf;*fmt;fmt++)
 1727 0c92 488D4B02 		leaq	2(%rbx), %rcx	#, fmt
 1728              	# printk.c:389: 					*ip=(str-buf);
 1729 0c96 4C29EA   		subq	%r13, %rdx	# buf, tmp374
 1730 0c99 488910   		movq	%rdx, (%rax)	# tmp374, *ip_156
 1731              	# printk.c:240: 	for (str=buf;*fmt;fmt++)
 1732 0c9c 0FB64302 		movzbl	2(%rbx), %eax	# MEM[(const char *)fmt_224 + 2B], _397
 1733 0ca0 E978F9FF 		jmp	.L139	#
 1733      FF
 1734              	.L302:
 1735              	# printk.c:353: 					str=number(str,va_arg(args,unsigned long),8,field_width,precision,flags);
 1736 0ca5 83F92F   		cmpl	$47, %ecx	#, pretmp_193
 1737 0ca8 0F86AD00 		jbe	.L303	#,
 1737      0000
 1738 0cae 498B4424 		movq	8(%r12), %rax	# args_113(D)->overflow_arg_area, D.2612
 1738      08
 1739 0cb3 488D4808 		leaq	8(%rax), %rcx	#, tmp324
 1740 0cb7 49894C24 		movq	%rcx, 8(%r12)	# tmp324, args_113(D)->overflow_arg_area
 1740      08
 1741              	.L195:
 1742              	# printk.c:353: 					str=number(str,va_arg(args,unsigned long),8,field_width,precision,flags);
 1743 0cbc 89D1     		movl	%edx, %ecx	# field_width,
 1744 0cbe 488B30   		movq	(%rax), %rsi	# MEM[(long unsigned int * {ref-all})addr.208_234], MEM[(long unsigned int * {re
 1745 0cc1 BA080000 		movl	$8, %edx	#,
 1745      00
 1746 0cc6 E93AFFFF 		jmp	.L285	#
 1746      FF
 1747              	.L203:
 1748              	# printk.c:371: 					str=number(str,va_arg(args,unsigned long),16,field_width,precision,flags);	
 1749 0ccb 498B4424 		movq	8(%r12), %rax	# args_113(D)->overflow_arg_area, D.2642
 1749      08
 1750 0cd0 488D4808 		leaq	8(%rax), %rcx	#, tmp345
 1751 0cd4 49894C24 		movq	%rcx, 8(%r12)	# tmp345, args_113(D)->overflow_arg_area
 1751      08
 1752 0cd9 E961FFFF 		jmp	.L204	#
 1752      FF
 1753              	.L217:
 1754              	# printk.c:391: 					int *ip=va_arg(args,int *);
 1755 0cde 498B4424 		movq	8(%r12), %rax	# args_113(D)->overflow_arg_area, D.2692
 1755      08
 1756 0ce3 488D5008 		leaq	8(%rax), %rdx	#, tmp378
GAS LISTING printk.s 			page 43


 1757 0ce7 49895424 		movq	%rdx, 8(%r12)	# tmp378, args_113(D)->overflow_arg_area
 1757      08
 1758 0cec E9A2FEFF 		jmp	.L218	#
 1758      FF
 1759              	.L196:
 1760              	# printk.c:356: 					str=number(str,va_arg(args,unsigned int),8,field_width,precision,flags);
 1761 0cf1 498B4424 		movq	8(%r12), %rax	# args_113(D)->overflow_arg_area, D.2622
 1761      08
 1762 0cf6 488D4808 		leaq	8(%rax), %rcx	#, tmp331
 1763 0cfa 49894C24 		movq	%rcx, 8(%r12)	# tmp331, args_113(D)->overflow_arg_area
 1763      08
 1764 0cff E9CCFEFF 		jmp	.L197	#
 1764      FF
 1765              	.L298:
 1766              	# printk.c:335: 					while(len <field_width--){
 1767 0d04 39F2     		cmpl	%esi, %edx	# len, field_width
 1768 0d06 0F8EB900 		jle	.L304	#,
 1768      0000
 1769 0d0c 83EA01   		subl	$1, %edx	#, tmp312
 1770 0d0f 29F2     		subl	%esi, %edx	# len, tmp314
 1771 0d11 488D4417 		leaq	1(%rdi,%rdx), %rax	#, _432
 1771      01
 1772 0d16 83E201   		andl	$1, %edx	#, tmp314
 1773 0d19 7515     		jne	.L187	#,
 1774              	# printk.c:336: 						*str++ =' ';
 1775 0d1b 4883C701 		addq	$1, %rdi	#, str
 1776              	# printk.c:336: 						*str++ =' ';
 1777 0d1f C647FF20 		movb	$32, -1(%rdi)	#, MEM[(char *)str_133 + -1B]
 1778              	# printk.c:335: 					while(len <field_width--){
 1779 0d23 4839C7   		cmpq	%rax, %rdi	# _432, str
 1780 0d26 7418     		je	.L281	#,
 1781 0d28 0F1F8400 		.p2align 4,,10
 1781      00000000 
 1782              		.p2align 3
 1783              	.L187:
 1784              	# printk.c:336: 						*str++ =' ';
 1785 0d30 C60720   		movb	$32, (%rdi)	#, MEM[(char *)str_133 + -1B]
 1786              	# printk.c:336: 						*str++ =' ';
 1787 0d33 4883C702 		addq	$2, %rdi	#, str
 1788              	# printk.c:336: 						*str++ =' ';
 1789 0d37 C647FF20 		movb	$32, -1(%rdi)	#, MEM[(char *)str_133 + -1B]
 1790              	# printk.c:335: 					while(len <field_width--){
 1791 0d3b 4839C7   		cmpq	%rax, %rdi	# _432, str
 1792 0d3e 75F0     		jne	.L187	#,
 1793              	.L281:
 1794 0d40 8D56FF   		leal	-1(%rsi), %edx	#, field_width
 1795 0d43 E940FCFF 		jmp	.L185	#
 1795      FF
 1796              	.L215:
 1797              	# printk.c:388: 					long *ip=va_arg(args,long *);
 1798 0d48 498B4424 		movq	8(%r12), %rax	# args_113(D)->overflow_arg_area, D.2682
 1798      08
 1799 0d4d 488D5008 		leaq	8(%rax), %rdx	#, tmp373
 1800 0d51 49895424 		movq	%rdx, 8(%r12)	# tmp373, args_113(D)->overflow_arg_area
 1800      08
 1801 0d56 E931FFFF 		jmp	.L216	#
 1801      FF
GAS LISTING printk.s 			page 44


 1802              	.L303:
 1803              	# printk.c:353: 					str=number(str,va_arg(args,unsigned long),8,field_width,precision,flags);
 1804 0d5b 89C8     		movl	%ecx, %eax	# pretmp_193, D.2610
 1805 0d5d 83C108   		addl	$8, %ecx	#, tmp323
 1806 0d60 49034424 		addq	16(%r12), %rax	# args_113(D)->reg_save_area, D.2612
 1806      10
 1807 0d65 41890C24 		movl	%ecx, (%r12)	# tmp323, args_113(D)->gp_offset
 1808 0d69 E94EFFFF 		jmp	.L195	#
 1808      FF
 1809              	.L207:
 1810              	# printk.c:322: 				s=va_arg(args,char *);
 1811 0d6e 418B0C24 		movl	(%r12), %ecx	# args_113(D)->gp_offset, pretmp_30
 1812              	# printk.c:378: 				flags |=SIGN;
 1813 0d72 4183C902 		orl	$2, %r9d	#, flags
 1814              	# printk.c:322: 				s=va_arg(args,char *);
 1815 0d76 4989DA   		movq	%rbx, %r10	# fmt, _28
 1816 0d79 E9DBFAFF 		jmp	.L208	#
 1816      FF
 1817              	.L201:
 1818 0d7e 418B0C24 		movl	(%r12), %ecx	# args_113(D)->gp_offset, pretmp_267
 1819              	# printk.c:368: 				flags |=SMALL;
 1820 0d82 4183C940 		orl	$64, %r9d	#, flags
 1821              	# printk.c:322: 				s=va_arg(args,char *);
 1822 0d86 4989DA   		movq	%rbx, %r10	# fmt, _28
 1823 0d89 E993FAFF 		jmp	.L202	#
 1823      FF
 1824              	.L224:
 1825 0d8e 418B0C24 		movl	(%r12), %ecx	# args_113(D)->gp_offset, pretmp_30
 1826 0d92 4989DA   		movq	%rbx, %r10	# fmt, _28
 1827 0d95 E9BFFAFF 		jmp	.L208	#
 1827      FF
 1828              	.L192:
 1829 0d9a 418B0C24 		movl	(%r12), %ecx	# args_113(D)->gp_offset, pretmp_193
 1830 0d9e 4989DA   		movq	%rbx, %r10	# fmt, _28
 1831 0da1 E913FEFF 		jmp	.L193	#
 1831      FF
 1832              	.L213:
 1833 0da6 418B1424 		movl	(%r12), %edx	# args_113(D)->gp_offset, pretmp_192
 1834 0daa 4989DA   		movq	%rbx, %r10	# fmt, _28
 1835 0dad E9CAFDFF 		jmp	.L214	#
 1835      FF
 1836              	.L222:
 1837 0db2 418B0C24 		movl	(%r12), %ecx	# args_113(D)->gp_offset, pretmp_267
 1838 0db6 4989DA   		movq	%rbx, %r10	# fmt, _28
 1839 0db9 E963FAFF 		jmp	.L202	#
 1839      FF
 1840              	.L271:
 1841              	# printk.c:312: 					while(--field_width>0){
 1842 0dbe 89CA     		movl	%ecx, %edx	# tmp298, field_width
 1843 0dc0 E903FBFF 		jmp	.L173	#
 1843      FF
 1844              	.L304:
 1845 0dc5 83EA01   		subl	$1, %edx	#, field_width
 1846 0dc8 E9BBFBFF 		jmp	.L185	#
 1846      FF
 1847              	.L299:
 1848              	# printk.c:240: 	for (str=buf;*fmt;fmt++)
GAS LISTING printk.s 			page 45


 1849 0dcd 410FB642 		movzbl	1(%r10), %eax	# MEM[(const char *)fmt_255 + 1B], _397
 1849      01
 1850 0dd2 4C89C7   		movq	%r8, %rdi	# str, str
 1851 0dd5 E943F8FF 		jmp	.L139	#
 1851      FF
 1852              	.L273:
 1853 0dda 410FB642 		movzbl	1(%r10), %eax	# MEM[(const char *)fmt_259 + 1B], _397
 1853      01
 1854              	# printk.c:316: 				*str++ =(unsigned char)va_arg(args,int);
 1855 0ddf 4889F7   		movq	%rsi, %rdi	# str, str
 1856 0de2 E936F8FF 		jmp	.L139	#
 1856      FF
 1857              	.L231:
 1858              	# printk.c:339: 				for(i=0;i<len;i++){
 1859 0de7 4989F8   		movq	%rdi, %r8	# str, str
 1860 0dea E9C0FBFF 		jmp	.L188	#
 1860      FF
 1861              	.L230:
 1862              	# lib.h:530:     while (*ptr != '\0') {
 1863 0def 31F6     		xorl	%esi, %esi	# len
 1864 0df1 E978FBFF 		jmp	.L182	#
 1864      FF
 1865              		.cfi_endproc
 1866              	.LFE40:
 1867              		.size	vsprintf, .-vsprintf
 1868 0df6 662E0F1F 		.p2align 4
 1868      84000000 
 1868      0000
 1869              		.globl	color_printk
 1870              		.type	color_printk, @function
 1871              	color_printk:
 1872              	.LFB35:
 1873              		.cfi_startproc
 1874 0e00 F30F1EFA 		endbr64	
 1875              	.L340:
 1876 0e04 49BB0000 		movabsq	$_GLOBAL_OFFSET_TABLE_-.L340, %r11	#,
 1876      00000000 
 1876      0000
 1877 0e0e 4157     		pushq	%r15	#
 1878              		.cfi_def_cfa_offset 16
 1879              		.cfi_offset 15, -16
 1880 0e10 4156     		pushq	%r14	#
 1881              		.cfi_def_cfa_offset 24
 1882              		.cfi_offset 14, -24
 1883 0e12 4155     		pushq	%r13	#
 1884              		.cfi_def_cfa_offset 32
 1885              		.cfi_offset 13, -32
 1886 0e14 4154     		pushq	%r12	#
 1887              		.cfi_def_cfa_offset 40
 1888              		.cfi_offset 12, -40
 1889 0e16 4C8D25E7 		leaq	.L340(%rip), %r12	#, tmp82
 1889      FFFFFF
 1890 0e1d 55       		pushq	%rbp	#
 1891              		.cfi_def_cfa_offset 48
 1892              		.cfi_offset 6, -48
 1893 0e1e 4D01DC   		addq	%r11, %r12	#, tmp82
 1894 0e21 89F5     		movl	%esi, %ebp	# tmp308, BKcolor
GAS LISTING printk.s 			page 46


 1895 0e23 4889D6   		movq	%rdx, %rsi	# tmp309, fmt
 1896 0e26 53       		pushq	%rbx	#
 1897              		.cfi_def_cfa_offset 56
 1898              		.cfi_offset 3, -56
 1899 0e27 89FB     		movl	%edi, %ebx	# tmp307, FRcolor
 1900 0e29 4881ECF8 		subq	$248, %rsp	#,
 1900      000000
 1901              		.cfi_def_cfa_offset 304
 1902 0e30 48894C24 		movq	%rcx, 88(%rsp)	#,
 1902      58
 1903 0e35 4C894424 		movq	%r8, 96(%rsp)	#,
 1903      60
 1904 0e3a 4C894C24 		movq	%r9, 104(%rsp)	#,
 1904      68
 1905 0e3f 84C0     		testb	%al, %al	#
 1906 0e41 743D     		je	.L332	#,
 1907 0e43 0F294424 		movaps	%xmm0, 112(%rsp)	#,
 1907      70
 1908 0e48 0F298C24 		movaps	%xmm1, 128(%rsp)	#,
 1908      80000000 
 1909 0e50 0F299424 		movaps	%xmm2, 144(%rsp)	#,
 1909      90000000 
 1910 0e58 0F299C24 		movaps	%xmm3, 160(%rsp)	#,
 1910      A0000000 
 1911 0e60 0F29A424 		movaps	%xmm4, 176(%rsp)	#,
 1911      B0000000 
 1912 0e68 0F29AC24 		movaps	%xmm5, 192(%rsp)	#,
 1912      C0000000 
 1913 0e70 0F29B424 		movaps	%xmm6, 208(%rsp)	#,
 1913      D0000000 
 1914 0e78 0F29BC24 		movaps	%xmm7, 224(%rsp)	#,
 1914      E0000000 
 1915              	.L332:
 1916              	# printk.c:35: 	va_start(args,fmt);	
 1917 0e80 488D8424 		leaq	304(%rsp), %rax	#, tmp384
 1917      30010000 
 1918 0e88 C7442428 		movl	$24, 40(%rsp)	#, MEM[(struct [1] *)&args].gp_offset
 1918      18000000 
 1919              	# printk.c:36: 	i=vsprintf(buf,fmt,args);
 1920 0e90 488D5424 		leaq	40(%rsp), %rdx	#, tmp186
 1920      28
 1921              	# printk.c:35: 	va_start(args,fmt);	
 1922 0e95 48894424 		movq	%rax, 48(%rsp)	# tmp384, MEM[(struct [1] *)&args].overflow_arg_area
 1922      30
 1923 0e9a 488D4424 		leaq	64(%rsp), %rax	#, tmp385
 1923      40
 1924 0e9f 48894424 		movq	%rax, 56(%rsp)	# tmp385, MEM[(struct [1] *)&args].reg_save_area
 1924      38
 1925              	# printk.c:36: 	i=vsprintf(buf,fmt,args);
 1926 0ea4 48B80000 		movabsq	$buf@GOTOFF, %rax	#, tmp295
 1926      00000000 
 1926      0000
 1927 0eae 4C01E0   		addq	%r12, %rax	# tmp82, tmp187
 1928              	# printk.c:35: 	va_start(args,fmt);	
 1929 0eb1 C744242C 		movl	$48, 44(%rsp)	#, MEM[(struct [1] *)&args].fp_offset
 1929      30000000 
 1930              	# printk.c:36: 	i=vsprintf(buf,fmt,args);
GAS LISTING printk.s 			page 47


 1931 0eb9 48894424 		movq	%rax, 8(%rsp)	# tmp187, %sfp
 1931      08
 1932 0ebe 4889C7   		movq	%rax, %rdi	# tmp187,
 1933 0ec1 48B80000 		movabsq	$vsprintf@GOTOFF, %rax	#, tmp190
 1933      00000000 
 1933      0000
 1934 0ecb 4C01E0   		addq	%r12, %rax	# tmp82, tmp189
 1935 0ece FFD0     		call	*%rax	# tmp189
 1936 0ed0 4189C5   		movl	%eax, %r13d	# tmp310, <retval>
 1937              	# printk.c:38: 	for(count=0;count<i || line;count++){
 1938 0ed3 85C0     		testl	%eax, %eax	# <retval>
 1939 0ed5 0F8E6F01 		jle	.L305	#,
 1939      0000
 1940              	# printk.c:65: 			putchar(Pos.FB_addr,Pos.XResolution,Pos.XPosition*Pos.XCharSize,Pos.YPosition*Pos
 1941 0edb 49B80000 		movabsq	$Pos@GOTOFF, %r8	#, tmp296
 1941      00000000 
 1941      0000
 1942              	# printk.c:33: 	int line=0;
 1943 0ee5 4531D2   		xorl	%r10d, %r10d	# line
 1944              	# printk.c:38: 	for(count=0;count<i || line;count++){
 1945 0ee8 4531DB   		xorl	%r11d, %r11d	# count
 1946              	# printk.c:65: 			putchar(Pos.FB_addr,Pos.XResolution,Pos.XPosition*Pos.XCharSize,Pos.YPosition*Pos
 1947 0eeb 4B8B4420 		movq	24(%r8,%r12), %rax	# Pos.FB_addr, _51
 1947      18
 1948              	# printk.c:52: 					Pos.YPosition=(Pos.YResolution/ Pos.YCharSize-1)*Pos.YCharSize;
 1949 0ef0 478B7420 		movl	20(%r8,%r12), %r14d	# Pos.YCharSize, prephitmp_289
 1949      14
 1950              	# printk.c:49: 				Pos.XPosition=(Pos.XResolution/ Pos.XCharSize-1)*Pos.XCharSize;
 1951 0ef5 478B4C20 		movl	16(%r8,%r12), %r9d	# Pos.XCharSize, prephitmp_291
 1951      10
 1952              	# printk.c:49: 				Pos.XPosition=(Pos.XResolution/ Pos.XCharSize-1)*Pos.XCharSize;
 1953 0efa 438B0C20 		movl	(%r8,%r12), %ecx	# Pos.XResolution, prephitmp_293
 1954              	# printk.c:65: 			putchar(Pos.FB_addr,Pos.XResolution,Pos.XPosition*Pos.XCharSize,Pos.YPosition*Pos
 1955 0efe 48890424 		movq	%rax, (%rsp)	# _51, %sfp
 1956              	# printk.c:12: 	fontp=font_ascii[font];
 1957 0f02 48B80000 		movabsq	$font_ascii@GOTOFF, %rax	#, tmp301
 1957      00000000 
 1957      0000
 1958 0f0c 4C01E0   		addq	%r12, %rax	# tmp82, tmp302
 1959 0f0f 48894424 		movq	%rax, 24(%rsp)	# tmp302, %sfp
 1959      18
 1960 0f14 48B80000 		movabsq	$512+font_ascii@GOTOFF, %rax	#, tmp303
 1960      00000000 
 1960      0000
 1961 0f1e 48894424 		movq	%rax, 16(%rsp)	# tmp303, %sfp
 1961      10
 1962 0f23 48B80000 		movabsq	$528+font_ascii@GOTOFF, %rax	#, tmp304
 1962      00000000 
 1962      0000
 1963              	# printk.c:13: 	for(i=0;i<16;i++){
 1964 0f2d 4A8D3C20 		leaq	(%rax,%r12), %rdi	#, tmp305
 1965              		.p2align 4,,10
 1966 0f31 0F1F8000 		.p2align 3
 1966      000000
 1967              	.L339:
 1968              	# printk.c:44: 			Pos.YPosition++;
 1969 0f38 438B7420 		movl	12(%r8,%r12), %esi	# Pos.YPosition, prephitmp_296
GAS LISTING printk.s 			page 48


 1969      0C
 1970              	# printk.c:39: 		if(line >0){
 1971 0f3d 4585D2   		testl	%r10d, %r10d	# line
 1972 0f40 0F8F1901 		jg	.L343	#,
 1972      0000
 1973              	# printk.c:43: 		if((unsigned char)*(buf+count)=='\n'){
 1974 0f46 488B5424 		movq	8(%rsp), %rdx	# %sfp, tmp187
 1974      08
 1975              	# printk.c:43: 		if((unsigned char)*(buf+count)=='\n'){
 1976 0f4b 4963C3   		movslq	%r11d, %rax	# count, count
 1977              	# printk.c:38: 	for(count=0;count<i || line;count++){
 1978 0f4e 4183C301 		addl	$1, %r11d	#, count
 1979              	# printk.c:43: 		if((unsigned char)*(buf+count)=='\n'){
 1980 0f52 0FB60410 		movzbl	(%rax,%rdx), %eax	# *_2,
 1981              	# printk.c:43: 		if((unsigned char)*(buf+count)=='\n'){
 1982 0f56 3C0A     		cmpb	$10, %al	#, _3
 1983 0f58 0F840B01 		je	.L344	#,
 1983      0000
 1984              	# printk.c:47: 			Pos.XPosition--;
 1985 0f5e 438B5420 		movl	8(%r8,%r12), %edx	# Pos.XPosition, pretmp_299
 1985      08
 1986              	# printk.c:46: 		}else if((unsigned char)*(buf+count)=='\b'){
 1987 0f63 3C08     		cmpb	$8, %al	#, _3
 1988 0f65 0F841401 		je	.L345	#,
 1988      0000
 1989              	# printk.c:56: 		}else if((unsigned char)*(buf+count)=='\t'){
 1990 0f6b 3C09     		cmpb	$9, %al	#, _3
 1991 0f6d 0F85A001 		jne	.L318	#,
 1991      0000
 1992              	# printk.c:59: 				line =((Pos.XPosition+8)& ~(8-1))-Pos.XPosition;
 1993 0f73 448D5208 		leal	8(%rdx), %r10d	#, tmp236
 1994              	# printk.c:59: 				line =((Pos.XPosition+8)& ~(8-1))-Pos.XPosition;
 1995 0f77 4183E2F8 		andl	$-8, %r10d	#, tmp237
 1996              	# printk.c:59: 				line =((Pos.XPosition+8)& ~(8-1))-Pos.XPosition;
 1997 0f7b 4129D2   		subl	%edx, %r10d	# pretmp_299, line
 1998              	.L309:
 1999              	# printk.c:62: 				putchar(Pos.FB_addr,Pos.XResolution,Pos.XPosition*Pos.XCharSize,Pos.YPosition*Po
 2000 0f7e 410FAFF6 		imull	%r14d, %esi	# prephitmp_289, tmp239
 2001 0f82 4C63F9   		movslq	%ecx, %r15	# prephitmp_293, prephitmp_293
 2002              	# printk.c:61: 				line--;
 2003 0f85 4183EA01 		subl	$1, %r10d	#, line
 2004              	# printk.c:62: 				putchar(Pos.FB_addr,Pos.XResolution,Pos.XPosition*Pos.XCharSize,Pos.YPosition*Po
 2005 0f89 410FAFD1 		imull	%r9d, %edx	# prephitmp_291, tmp243
 2006 0f8d 49C1E702 		salq	$2, %r15	#, _337
 2007 0f91 0FAFF1   		imull	%ecx, %esi	# prephitmp_293, tmp240
 2008              	# printk.c:15: 		addr=fb+Xsize*(y+i)+x;
 2009 0f94 4863D2   		movslq	%edx, %rdx	# tmp243, tmp244
 2010 0f97 4863C6   		movslq	%esi, %rax	# tmp240, tmp241
 2011 0f9a 488D4410 		leaq	8(%rax,%rdx), %rax	#, tmp245
 2011      08
 2012 0f9f 488B1424 		movq	(%rsp), %rdx	# %sfp, _51
 2013 0fa3 4C8D0C82 		leaq	(%rdx,%rax,4), %r9	#, ivtmp.320
 2014              	# printk.c:12: 	fontp=font_ascii[font];
 2015 0fa7 488B4424 		movq	16(%rsp), %rax	# %sfp, tmp303
 2015      10
 2016 0fac 498D3404 		leaq	(%r12,%rax), %rsi	#, fontp
 2017              		.p2align 4,,10
GAS LISTING printk.s 			page 49


 2018              		.p2align 3
 2019              	.L321:
 2020              	# printk.c:15: 		addr=fb+Xsize*(y+i)+x;
 2021 0fb0 498D41E0 		leaq	-32(%r9), %rax	#, addr
 2022              	# printk.c:16: 		testval =0x100;
 2023 0fb4 BA000100 		movl	$256, %edx	#, testval
 2023      00
 2024 0fb9 0F1F8000 		.p2align 4,,10
 2024      000000
 2025              		.p2align 3
 2026              	.L320:
 2027              	# printk.c:19: 			if(*fontp & testval){
 2028 0fc0 0FB60E   		movzbl	(%rsi), %ecx	# MEM[(unsigned char *)fontp_269], MEM[(unsigned char *)fontp_269]
 2029              	# printk.c:18: 			testval =testval >>1;
 2030 0fc3 D1FA     		sarl	%edx	# testval
 2031              	# printk.c:20: 				*addr =FRcolor;
 2032 0fc5 85D1     		testl	%edx, %ecx	# testval, MEM[(unsigned char *)fontp_269]
 2033 0fc7 89D9     		movl	%ebx, %ecx	# FRcolor, cstore_203
 2034 0fc9 0F44CD   		cmove	%ebp, %ecx	# BKcolor,, cstore_203
 2035              	# printk.c:24: 			addr++;
 2036 0fcc 4883C004 		addq	$4, %rax	#, addr
 2037 0fd0 8948FC   		movl	%ecx, -4(%rax)	# cstore_203, MEM[(unsigned int *)addr_238]
 2038              	# printk.c:17: 		for(j=0;j<8;j++){
 2039 0fd3 4C39C8   		cmpq	%r9, %rax	# ivtmp.320, addr
 2040 0fd6 75E8     		jne	.L320	#,
 2041              	# printk.c:26: 		fontp++;
 2042 0fd8 4883C601 		addq	$1, %rsi	#, fontp
 2043              	# printk.c:13: 	for(i=0;i<16;i++){
 2044 0fdc 4E8D0C38 		leaq	(%rax,%r15), %r9	#, ivtmp.320
 2045 0fe0 4839FE   		cmpq	%rdi, %rsi	# tmp305, fontp
 2046 0fe3 75CB     		jne	.L321	#,
 2047              	.L342:
 2048              	# printk.c:66: 			Pos.XPosition++;
 2049 0fe5 438B4420 		movl	8(%r8,%r12), %eax	# Pos.XPosition, tmp407
 2049      08
 2050              	# printk.c:68: 		if(Pos.XPosition>=(Pos.XResolution/Pos.XCharSize)){
 2051 0fea 438B0C20 		movl	(%r8,%r12), %ecx	# Pos.XResolution, prephitmp_293
 2052              	# printk.c:68: 		if(Pos.XPosition>=(Pos.XResolution/Pos.XCharSize)){
 2053 0fee 478B4C20 		movl	16(%r8,%r12), %r9d	# Pos.XCharSize, prephitmp_291
 2053      10
 2054              	# printk.c:69: 			Pos.YPosition++;
 2055 0ff3 438B7420 		movl	12(%r8,%r12), %esi	# Pos.YPosition, prephitmp_317
 2055      0C
 2056              	# printk.c:66: 			Pos.XPosition++;
 2057 0ff8 448D7801 		leal	1(%rax), %r15d	#, _41
 2058              	# printk.c:72: 		if(Pos.YPosition>=(Pos.YResolution/Pos.YCharSize)){
 2059 0ffc 478B7420 		movl	20(%r8,%r12), %r14d	# Pos.YCharSize, prephitmp_289
 2059      14
 2060              	# printk.c:66: 			Pos.XPosition++;
 2061 1001 47897C20 		movl	%r15d, 8(%r8,%r12)	# _41, Pos.XPosition
 2061      08
 2062              	.L311:
 2063              	# printk.c:68: 		if(Pos.XPosition>=(Pos.XResolution/Pos.XCharSize)){
 2064 1006 89C8     		movl	%ecx, %eax	# prephitmp_293, tmp281
 2065 1008 99       		cltd
 2066 1009 41F7F9   		idivl	%r9d	# prephitmp_291
 2067              	# printk.c:68: 		if(Pos.XPosition>=(Pos.XResolution/Pos.XCharSize)){
GAS LISTING printk.s 			page 50


 2068 100c 4439F8   		cmpl	%r15d, %eax	# _41, tmp281
 2069 100f 7F11     		jg	.L325	#,
 2070              	# printk.c:70: 			Pos.XPosition=0;
 2071 1011 43C74420 		movl	$0, 8(%r8,%r12)	#, Pos.XPosition
 2071      08000000 
 2071      00
 2072              	# printk.c:69: 			Pos.YPosition++;
 2073 101a 83C601   		addl	$1, %esi	#, prephitmp_317
 2074 101d 43897420 		movl	%esi, 12(%r8,%r12)	# prephitmp_317, Pos.YPosition
 2074      0C
 2075              	.L325:
 2076              	# printk.c:72: 		if(Pos.YPosition>=(Pos.YResolution/Pos.YCharSize)){
 2077 1022 438B4420 		movl	4(%r8,%r12), %eax	# Pos.YResolution, Pos.YResolution
 2077      04
 2078 1027 99       		cltd
 2079 1028 41F7FE   		idivl	%r14d	# prephitmp_289
 2080              	# printk.c:72: 		if(Pos.YPosition>=(Pos.YResolution/Pos.YCharSize)){
 2081 102b 39F0     		cmpl	%esi, %eax	# prephitmp_317, tmp287
 2082 102d 7F09     		jg	.L326	#,
 2083              	# printk.c:73: 			Pos.YPosition=0;
 2084 102f 43C74420 		movl	$0, 12(%r8,%r12)	#, Pos.YPosition
 2084      0C000000 
 2084      00
 2085              	.L326:
 2086              	# printk.c:38: 	for(count=0;count<i || line;count++){
 2087 1038 4539DD   		cmpl	%r11d, %r13d	# count, <retval>
 2088 103b 0F8FF7FE 		jg	.L339	#,
 2088      FFFF
 2089 1041 4585D2   		testl	%r10d, %r10d	# line
 2090 1044 0F85EEFE 		jne	.L339	#,
 2090      FFFF
 2091              	.L305:
 2092              	# printk.c:77: }
 2093 104a 4881C4F8 		addq	$248, %rsp	#,
 2093      000000
 2094              		.cfi_remember_state
 2095              		.cfi_def_cfa_offset 56
 2096 1051 4489E8   		movl	%r13d, %eax	# <retval>,
 2097 1054 5B       		popq	%rbx	#
 2098              		.cfi_def_cfa_offset 48
 2099 1055 5D       		popq	%rbp	#
 2100              		.cfi_def_cfa_offset 40
 2101 1056 415C     		popq	%r12	#
 2102              		.cfi_def_cfa_offset 32
 2103 1058 415D     		popq	%r13	#
 2104              		.cfi_def_cfa_offset 24
 2105 105a 415E     		popq	%r14	#
 2106              		.cfi_def_cfa_offset 16
 2107 105c 415F     		popq	%r15	#
 2108              		.cfi_def_cfa_offset 8
 2109 105e C3       		ret	
 2110              	.L343:
 2111              		.cfi_restore_state
 2112              	# printk.c:47: 			Pos.XPosition--;
 2113 105f 438B5420 		movl	8(%r8,%r12), %edx	# Pos.XPosition, pretmp_299
 2113      08
 2114              	# printk.c:41: 			goto Label_tab;
GAS LISTING printk.s 			page 51


 2115 1064 E915FFFF 		jmp	.L309	#
 2115      FF
 2116              	.L344:
 2117              	# printk.c:45: 			Pos.XPosition=0;
 2118 1069 43C74420 		movl	$0, 8(%r8,%r12)	#, Pos.XPosition
 2118      08000000 
 2118      00
 2119              	# printk.c:44: 			Pos.YPosition++;
 2120 1072 83C601   		addl	$1, %esi	#, prephitmp_317
 2121 1075 4531FF   		xorl	%r15d, %r15d	# _41
 2122 1078 43897420 		movl	%esi, 12(%r8,%r12)	# prephitmp_317, Pos.YPosition
 2122      0C
 2123 107d EB87     		jmp	.L311	#
 2124              	.L345:
 2125              	# printk.c:48: 			if(Pos.XPosition<0){
 2126 107f 83EA01   		subl	$1, %edx	#, pretmp_299
 2127 1082 4189D7   		movl	%edx, %r15d	# pretmp_299, _13
 2128 1085 0F88FF00 		js	.L313	#,
 2128      0000
 2129              	# printk.c:47: 			Pos.XPosition--;
 2130 108b 43895420 		movl	%edx, 8(%r8,%r12)	# _13, Pos.XPosition
 2130      08
 2131              	.L314:
 2132              	# printk.c:55: 			putchar(Pos.FB_addr,Pos.XResolution,Pos.XPosition*Pos.XCharSize,Pos.YPosition*Pos
 2133 1090 410FAFF6 		imull	%r14d, %esi	# prephitmp_289, tmp219
 2134 1094 4489C8   		movl	%r9d, %eax	# prephitmp_291, prephitmp_291
 2135 1097 4863D1   		movslq	%ecx, %rdx	# prephitmp_293, prephitmp_293
 2136 109a 410FAFC7 		imull	%r15d, %eax	# _13, prephitmp_291
 2137 109e 48C1E202 		salq	$2, %rdx	#, _327
 2138 10a2 0FAFCE   		imull	%esi, %ecx	# tmp219, tmp220
 2139 10a5 488B3424 		movq	(%rsp), %rsi	# %sfp, _51
 2140              	# printk.c:15: 		addr=fb+Xsize*(y+i)+x;
 2141 10a9 4898     		cltq
 2142 10ab 4863C9   		movslq	%ecx, %rcx	# tmp220, tmp221
 2143 10ae 488D4401 		leaq	8(%rcx,%rax), %rax	#, tmp225
 2143      08
 2144 10b3 4C8D3486 		leaq	(%rsi,%rax,4), %r14	#, ivtmp.341
 2145              	# printk.c:12: 	fontp=font_ascii[font];
 2146 10b7 488B4424 		movq	16(%rsp), %rax	# %sfp, tmp303
 2146      10
 2147 10bc 4D8D0C04 		leaq	(%r12,%rax), %r9	#, fontp
 2148              		.p2align 4,,10
 2149              		.p2align 3
 2150              	.L317:
 2151              	# printk.c:15: 		addr=fb+Xsize*(y+i)+x;
 2152 10c0 498D46E0 		leaq	-32(%r14), %rax	#, addr
 2153              	# printk.c:16: 		testval =0x100;
 2154 10c4 B9000100 		movl	$256, %ecx	#, testval
 2154      00
 2155 10c9 0F1F8000 		.p2align 4,,10
 2155      000000
 2156              		.p2align 3
 2157              	.L316:
 2158              	# printk.c:19: 			if(*fontp & testval){
 2159 10d0 410FB631 		movzbl	(%r9), %esi	# MEM[(unsigned char *)fontp_194], MEM[(unsigned char *)fontp_194]
 2160              	# printk.c:18: 			testval =testval >>1;
 2161 10d4 D1F9     		sarl	%ecx	# testval
GAS LISTING printk.s 			page 52


 2162              	# printk.c:20: 				*addr =FRcolor;
 2163 10d6 85CE     		testl	%ecx, %esi	# testval, MEM[(unsigned char *)fontp_194]
 2164 10d8 89DE     		movl	%ebx, %esi	# FRcolor, cstore_87
 2165 10da 0F44F5   		cmove	%ebp, %esi	# BKcolor,, cstore_87
 2166              	# printk.c:24: 			addr++;
 2167 10dd 4883C004 		addq	$4, %rax	#, addr
 2168 10e1 8970FC   		movl	%esi, -4(%rax)	# cstore_87, MEM[(unsigned int *)addr_129]
 2169              	# printk.c:17: 		for(j=0;j<8;j++){
 2170 10e4 4C39F0   		cmpq	%r14, %rax	# ivtmp.341, addr
 2171 10e7 75E7     		jne	.L316	#,
 2172              	# printk.c:26: 		fontp++;
 2173 10e9 4983C101 		addq	$1, %r9	#, fontp
 2174              	# printk.c:13: 	for(i=0;i<16;i++){
 2175 10ed 4C8D3410 		leaq	(%rax,%rdx), %r14	#, ivtmp.341
 2176 10f1 4939F9   		cmpq	%rdi, %r9	# tmp305, fontp
 2177 10f4 75CA     		jne	.L317	#,
 2178              	# printk.c:68: 		if(Pos.XPosition>=(Pos.XResolution/Pos.XCharSize)){
 2179 10f6 478B7C20 		movl	8(%r8,%r12), %r15d	# Pos.XPosition, _41
 2179      08
 2180              	# printk.c:68: 		if(Pos.XPosition>=(Pos.XResolution/Pos.XCharSize)){
 2181 10fb 438B0C20 		movl	(%r8,%r12), %ecx	# Pos.XResolution, prephitmp_293
 2182              	# printk.c:68: 		if(Pos.XPosition>=(Pos.XResolution/Pos.XCharSize)){
 2183 10ff 478B4C20 		movl	16(%r8,%r12), %r9d	# Pos.XCharSize, prephitmp_291
 2183      10
 2184              	# printk.c:69: 			Pos.YPosition++;
 2185 1104 438B7420 		movl	12(%r8,%r12), %esi	# Pos.YPosition, prephitmp_317
 2185      0C
 2186              	# printk.c:72: 		if(Pos.YPosition>=(Pos.YResolution/Pos.YCharSize)){
 2187 1109 478B7420 		movl	20(%r8,%r12), %r14d	# Pos.YCharSize, prephitmp_289
 2187      14
 2188 110e E9F3FEFF 		jmp	.L311	#
 2188      FF
 2189              	.L318:
 2190              	# printk.c:65: 			putchar(Pos.FB_addr,Pos.XResolution,Pos.XPosition*Pos.XCharSize,Pos.YPosition*Pos
 2191 1113 410FAFD1 		imull	%r9d, %edx	# prephitmp_291, tmp263
 2192              	# printk.c:12: 	fontp=font_ascii[font];
 2193 1117 4C8B7C24 		movq	24(%rsp), %r15	# %sfp, tmp302
 2193      18
 2194 111c 48C1E004 		salq	$4, %rax	#, tmp259
 2195 1120 4C01F8   		addq	%r15, %rax	# tmp302, fontp
 2196 1123 4C63F9   		movslq	%ecx, %r15	# prephitmp_293, prephitmp_293
 2197              	# printk.c:15: 		addr=fb+Xsize*(y+i)+x;
 2198 1126 4C63CA   		movslq	%edx, %r9	# tmp263, tmp264
 2199              	# printk.c:65: 			putchar(Pos.FB_addr,Pos.XResolution,Pos.XPosition*Pos.XCharSize,Pos.YPosition*Pos
 2200 1129 4489F2   		movl	%r14d, %edx	# prephitmp_289, prephitmp_289
 2201 112c 49C1E702 		salq	$2, %r15	#, _145
 2202 1130 4C8D7010 		leaq	16(%rax), %r14	#, _259
 2203 1134 0FAFD6   		imull	%esi, %edx	# prephitmp_296, prephitmp_289
 2204 1137 488B3424 		movq	(%rsp), %rsi	# %sfp, _51
 2205 113b 0FAFD1   		imull	%ecx, %edx	# prephitmp_293, tmp267
 2206 113e 4863D2   		movslq	%edx, %rdx	# tmp267, tmp268
 2207 1141 498D5411 		leaq	8(%r9,%rdx), %rdx	#, tmp269
 2207      08
 2208 1146 4C8D0C96 		leaq	(%rsi,%rdx,4), %r9	#, ivtmp.362
 2209 114a 660F1F44 		.p2align 4,,10
 2209      0000
 2210              		.p2align 3
GAS LISTING printk.s 			page 53


 2211              	.L324:
 2212              	# printk.c:15: 		addr=fb+Xsize*(y+i)+x;
 2213 1150 498D51E0 		leaq	-32(%r9), %rdx	#, addr
 2214              	# printk.c:16: 		testval =0x100;
 2215 1154 B9000100 		movl	$256, %ecx	#, testval
 2215      00
 2216 1159 0F1F8000 		.p2align 4,,10
 2216      000000
 2217              		.p2align 3
 2218              	.L323:
 2219              	# printk.c:19: 			if(*fontp & testval){
 2220 1160 0FB630   		movzbl	(%rax), %esi	# MEM[(unsigned char *)fontp_336], MEM[(unsigned char *)fontp_336]
 2221              	# printk.c:18: 			testval =testval >>1;
 2222 1163 D1F9     		sarl	%ecx	# testval
 2223              	# printk.c:20: 				*addr =FRcolor;
 2224 1165 85CE     		testl	%ecx, %esi	# testval, MEM[(unsigned char *)fontp_336]
 2225 1167 89DE     		movl	%ebx, %esi	# FRcolor, cstore_55
 2226 1169 0F44F5   		cmove	%ebp, %esi	# BKcolor,, cstore_55
 2227              	# printk.c:24: 			addr++;
 2228 116c 4883C204 		addq	$4, %rdx	#, addr
 2229 1170 8972FC   		movl	%esi, -4(%rdx)	# cstore_55, MEM[(unsigned int *)addr_323]
 2230              	# printk.c:17: 		for(j=0;j<8;j++){
 2231 1173 4C39CA   		cmpq	%r9, %rdx	# ivtmp.362, addr
 2232 1176 75E8     		jne	.L323	#,
 2233              	# printk.c:26: 		fontp++;
 2234 1178 4883C001 		addq	$1, %rax	#, fontp
 2235              	# printk.c:13: 	for(i=0;i<16;i++){
 2236 117c 4E8D0C3A 		leaq	(%rdx,%r15), %r9	#, ivtmp.362
 2237 1180 4C39F0   		cmpq	%r14, %rax	# _259, fontp
 2238 1183 75CB     		jne	.L324	#,
 2239 1185 E95BFEFF 		jmp	.L342	#
 2239      FF
 2240              	.L313:
 2241              	# printk.c:49: 				Pos.XPosition=(Pos.XResolution/ Pos.XCharSize-1)*Pos.XCharSize;
 2242 118a 89C8     		movl	%ecx, %eax	# prephitmp_293, tmp206
 2243 118c 99       		cltd
 2244 118d 41F7F9   		idivl	%r9d	# prephitmp_291
 2245              	# printk.c:49: 				Pos.XPosition=(Pos.XResolution/ Pos.XCharSize-1)*Pos.XCharSize;
 2246 1190 83E801   		subl	$1, %eax	#, tmp208
 2247              	# printk.c:49: 				Pos.XPosition=(Pos.XResolution/ Pos.XCharSize-1)*Pos.XCharSize;
 2248 1193 410FAFC1 		imull	%r9d, %eax	# prephitmp_291, tmp208
 2249              	# printk.c:50: 				Pos.YPosition--;
 2250 1197 83EE01   		subl	$1, %esi	#, prephitmp_296
 2251 119a 43897420 		movl	%esi, 12(%r8,%r12)	# prephitmp_296, Pos.YPosition
 2251      0C
 2252              	# printk.c:49: 				Pos.XPosition=(Pos.XResolution/ Pos.XCharSize-1)*Pos.XCharSize;
 2253 119f 43894420 		movl	%eax, 8(%r8,%r12)	# _13, Pos.XPosition
 2253      08
 2254              	# printk.c:49: 				Pos.XPosition=(Pos.XResolution/ Pos.XCharSize-1)*Pos.XCharSize;
 2255 11a4 4189C7   		movl	%eax, %r15d	# tmp208, _13
 2256              	# printk.c:51: 				if(Pos.YPosition<0){
 2257 11a7 0F89E3FE 		jns	.L314	#,
 2257      FFFF
 2258              	# printk.c:52: 					Pos.YPosition=(Pos.YResolution/ Pos.YCharSize-1)*Pos.YCharSize;
 2259 11ad 438B4420 		movl	4(%r8,%r12), %eax	# Pos.YResolution, Pos.YResolution
 2259      04
 2260 11b2 99       		cltd
GAS LISTING printk.s 			page 54


 2261 11b3 41F7FE   		idivl	%r14d	# prephitmp_289
 2262              	# printk.c:52: 					Pos.YPosition=(Pos.YResolution/ Pos.YCharSize-1)*Pos.YCharSize;
 2263 11b6 83E801   		subl	$1, %eax	#, tmp216
 2264              	# printk.c:52: 					Pos.YPosition=(Pos.YResolution/ Pos.YCharSize-1)*Pos.YCharSize;
 2265 11b9 410FAFC6 		imull	%r14d, %eax	# prephitmp_289, tmp216
 2266              	# printk.c:52: 					Pos.YPosition=(Pos.YResolution/ Pos.YCharSize-1)*Pos.YCharSize;
 2267 11bd 43894420 		movl	%eax, 12(%r8,%r12)	# prephitmp_296, Pos.YPosition
 2267      0C
 2268              	# printk.c:52: 					Pos.YPosition=(Pos.YResolution/ Pos.YCharSize-1)*Pos.YCharSize;
 2269 11c2 89C6     		movl	%eax, %esi	# tmp216, prephitmp_296
 2270 11c4 E9C7FEFF 		jmp	.L314	#
 2270      FF
 2271              		.cfi_endproc
 2272              	.LFE35:
 2273              		.size	color_printk, .-color_printk
 2274              		.globl	buf
 2275              		.bss
 2276              		.align 32
 2277              		.type	buf, @object
 2278              		.size	buf, 4096
 2279              	buf:
 2280 0000 00000000 		.zero	4096
 2280      00000000 
 2280      00000000 
 2280      00000000 
 2280      00000000 
 2281              		.globl	Pos
 2282              		.align 32
 2283              		.type	Pos, @object
 2284              		.size	Pos, 40
 2285              	Pos:
 2286 1000 00000000 		.zero	40
 2286      00000000 
 2286      00000000 
 2286      00000000 
 2286      00000000 
 2287              		.globl	font_ascii
 2288              		.data
 2289              		.align 32
 2290              		.type	font_ascii, @object
 2291              		.size	font_ascii, 4096
 2292              	font_ascii:
 2293 0000 00       		.string	""
 2294 0001 00       		.string	""
 2295 0002 00       		.string	""
 2296 0003 00       		.string	""
 2297 0004 00       		.string	""
 2298 0005 00       		.string	""
 2299 0006 00       		.string	""
 2300 0007 00       		.string	""
 2301 0008 00       		.string	""
 2302 0009 00       		.string	""
 2303 000a 00       		.string	""
 2304 000b 00       		.string	""
 2305 000c 00       		.string	""
 2306 000d 00       		.string	""
 2307 000e 00       		.string	""
GAS LISTING printk.s 			page 55


 2308 000f 00       		.string	""
 2309 0010 00       		.string	""
 2310 0011 00       		.string	""
 2311 0012 00       		.string	""
 2312 0013 00       		.string	""
 2313 0014 00       		.string	""
 2314 0015 00       		.string	""
 2315 0016 00       		.string	""
 2316 0017 00       		.string	""
 2317 0018 00       		.string	""
 2318 0019 00       		.string	""
 2319 001a 00       		.string	""
 2320 001b 00       		.string	""
 2321 001c 00       		.string	""
 2322 001d 00       		.string	""
 2323 001e 00       		.string	""
 2324 001f 00       		.string	""
 2325 0020 00       		.string	""
 2326 0021 00       		.string	""
 2327 0022 00       		.string	""
 2328 0023 00       		.string	""
 2329 0024 00       		.string	""
 2330 0025 00       		.string	""
 2331 0026 00       		.string	""
 2332 0027 00       		.string	""
 2333 0028 00       		.string	""
 2334 0029 00       		.string	""
 2335 002a 00       		.string	""
 2336 002b 00       		.string	""
 2337 002c 00       		.string	""
 2338 002d 00       		.string	""
 2339 002e 00       		.string	""
 2340 002f 00       		.string	""
 2341 0030 00       		.string	""
 2342 0031 00       		.string	""
 2343 0032 00       		.string	""
 2344 0033 00       		.string	""
 2345 0034 00       		.string	""
 2346 0035 00       		.string	""
 2347 0036 00       		.string	""
 2348 0037 00       		.string	""
 2349 0038 00       		.string	""
 2350 0039 00       		.string	""
 2351 003a 00       		.string	""
 2352 003b 00       		.string	""
 2353 003c 00       		.string	""
 2354 003d 00       		.string	""
 2355 003e 00       		.string	""
 2356 003f 00       		.string	""
 2357 0040 00       		.string	""
 2358 0041 00       		.string	""
 2359 0042 00       		.string	""
 2360 0043 00       		.string	""
 2361 0044 00       		.string	""
 2362 0045 00       		.string	""
 2363 0046 00       		.string	""
 2364 0047 00       		.string	""
GAS LISTING printk.s 			page 56


 2365 0048 00       		.string	""
 2366 0049 00       		.string	""
 2367 004a 00       		.string	""
 2368 004b 00       		.string	""
 2369 004c 00       		.string	""
 2370 004d 00       		.string	""
 2371 004e 00       		.string	""
 2372 004f 00       		.string	""
 2373 0050 00       		.string	""
 2374 0051 00       		.string	""
 2375 0052 00       		.string	""
 2376 0053 00       		.string	""
 2377 0054 00       		.string	""
 2378 0055 00       		.string	""
 2379 0056 00       		.string	""
 2380 0057 00       		.string	""
 2381 0058 00       		.string	""
 2382 0059 00       		.string	""
 2383 005a 00       		.string	""
 2384 005b 00       		.string	""
 2385 005c 00       		.string	""
 2386 005d 00       		.string	""
 2387 005e 00       		.string	""
 2388 005f 00       		.string	""
 2389 0060 00       		.string	""
 2390 0061 00       		.string	""
 2391 0062 00       		.string	""
 2392 0063 00       		.string	""
 2393 0064 00       		.string	""
 2394 0065 00       		.string	""
 2395 0066 00       		.string	""
 2396 0067 00       		.string	""
 2397 0068 00       		.string	""
 2398 0069 00       		.string	""
 2399 006a 00       		.string	""
 2400 006b 00       		.string	""
 2401 006c 00       		.string	""
 2402 006d 00       		.string	""
 2403 006e 00       		.string	""
 2404 006f 00       		.string	""
 2405 0070 00       		.string	""
 2406 0071 00       		.string	""
 2407 0072 00       		.string	""
 2408 0073 00       		.string	""
 2409 0074 00       		.string	""
 2410 0075 00       		.string	""
 2411 0076 00       		.string	""
 2412 0077 00       		.string	""
 2413 0078 00       		.string	""
 2414 0079 00       		.string	""
 2415 007a 00       		.string	""
 2416 007b 00       		.string	""
 2417 007c 00       		.string	""
 2418 007d 00       		.string	""
 2419 007e 00       		.string	""
 2420 007f 00       		.string	""
 2421 0080 00       		.string	""
GAS LISTING printk.s 			page 57


 2422 0081 00       		.string	""
 2423 0082 00       		.string	""
 2424 0083 00       		.string	""
 2425 0084 00       		.string	""
 2426 0085 00       		.string	""
 2427 0086 00       		.string	""
 2428 0087 00       		.string	""
 2429 0088 00       		.string	""
 2430 0089 00       		.string	""
 2431 008a 00       		.string	""
 2432 008b 00       		.string	""
 2433 008c 00       		.string	""
 2434 008d 00       		.string	""
 2435 008e 00       		.string	""
 2436 008f 00       		.string	""
 2437 0090 00       		.string	""
 2438 0091 00       		.string	""
 2439 0092 00       		.string	""
 2440 0093 00       		.string	""
 2441 0094 00       		.string	""
 2442 0095 00       		.string	""
 2443 0096 00       		.string	""
 2444 0097 00       		.string	""
 2445 0098 00       		.string	""
 2446 0099 00       		.string	""
 2447 009a 00       		.string	""
 2448 009b 00       		.string	""
 2449 009c 00       		.string	""
 2450 009d 00       		.string	""
 2451 009e 00       		.string	""
 2452 009f 00       		.string	""
 2453 00a0 00       		.string	""
 2454 00a1 00       		.string	""
 2455 00a2 00       		.string	""
 2456 00a3 00       		.string	""
 2457 00a4 00       		.string	""
 2458 00a5 00       		.string	""
 2459 00a6 00       		.string	""
 2460 00a7 00       		.string	""
 2461 00a8 00       		.string	""
 2462 00a9 00       		.string	""
 2463 00aa 00       		.string	""
 2464 00ab 00       		.string	""
 2465 00ac 00       		.string	""
 2466 00ad 00       		.string	""
 2467 00ae 00       		.string	""
 2468 00af 00       		.string	""
 2469 00b0 00       		.string	""
 2470 00b1 00       		.string	""
 2471 00b2 00       		.string	""
 2472 00b3 00       		.string	""
 2473 00b4 00       		.string	""
 2474 00b5 00       		.string	""
 2475 00b6 00       		.string	""
 2476 00b7 00       		.string	""
 2477 00b8 00       		.string	""
 2478 00b9 00       		.string	""
GAS LISTING printk.s 			page 58


 2479 00ba 00       		.string	""
 2480 00bb 00       		.string	""
 2481 00bc 00       		.string	""
 2482 00bd 00       		.string	""
 2483 00be 00       		.string	""
 2484 00bf 00       		.string	""
 2485 00c0 00       		.string	""
 2486 00c1 00       		.string	""
 2487 00c2 00       		.string	""
 2488 00c3 00       		.string	""
 2489 00c4 00       		.string	""
 2490 00c5 00       		.string	""
 2491 00c6 00       		.string	""
 2492 00c7 00       		.string	""
 2493 00c8 00       		.string	""
 2494 00c9 00       		.string	""
 2495 00ca 00       		.string	""
 2496 00cb 00       		.string	""
 2497 00cc 00       		.string	""
 2498 00cd 00       		.string	""
 2499 00ce 00       		.string	""
 2500 00cf 00       		.string	""
 2501 00d0 00       		.string	""
 2502 00d1 00       		.string	""
 2503 00d2 00       		.string	""
 2504 00d3 00       		.string	""
 2505 00d4 00       		.string	""
 2506 00d5 00       		.string	""
 2507 00d6 00       		.string	""
 2508 00d7 00       		.string	""
 2509 00d8 00       		.string	""
 2510 00d9 00       		.string	""
 2511 00da 00       		.string	""
 2512 00db 00       		.string	""
 2513 00dc 00       		.string	""
 2514 00dd 00       		.string	""
 2515 00de 00       		.string	""
 2516 00df 00       		.string	""
 2517 00e0 00       		.string	""
 2518 00e1 00       		.string	""
 2519 00e2 00       		.string	""
 2520 00e3 00       		.string	""
 2521 00e4 00       		.string	""
 2522 00e5 00       		.string	""
 2523 00e6 00       		.string	""
 2524 00e7 00       		.string	""
 2525 00e8 00       		.string	""
 2526 00e9 00       		.string	""
 2527 00ea 00       		.string	""
 2528 00eb 00       		.string	""
 2529 00ec 00       		.string	""
 2530 00ed 00       		.string	""
 2531 00ee 00       		.string	""
 2532 00ef 00       		.string	""
 2533 00f0 00       		.string	""
 2534 00f1 00       		.string	""
 2535 00f2 00       		.string	""
GAS LISTING printk.s 			page 59


 2536 00f3 00       		.string	""
 2537 00f4 00       		.string	""
 2538 00f5 00       		.string	""
 2539 00f6 00       		.string	""
 2540 00f7 00       		.string	""
 2541 00f8 00       		.string	""
 2542 00f9 00       		.string	""
 2543 00fa 00       		.string	""
 2544 00fb 00       		.string	""
 2545 00fc 00       		.string	""
 2546 00fd 00       		.string	""
 2547 00fe 00       		.string	""
 2548 00ff 00       		.string	""
 2549 0100 00       		.string	""
 2550 0101 00       		.string	""
 2551 0102 00       		.string	""
 2552 0103 00       		.string	""
 2553 0104 00       		.string	""
 2554 0105 00       		.string	""
 2555 0106 00       		.string	""
 2556 0107 00       		.string	""
 2557 0108 00       		.string	""
 2558 0109 00       		.string	""
 2559 010a 00       		.string	""
 2560 010b 00       		.string	""
 2561 010c 00       		.string	""
 2562 010d 00       		.string	""
 2563 010e 00       		.string	""
 2564 010f 00       		.string	""
 2565 0110 00       		.string	""
 2566 0111 00       		.string	""
 2567 0112 00       		.string	""
 2568 0113 00       		.string	""
 2569 0114 00       		.string	""
 2570 0115 00       		.string	""
 2571 0116 00       		.string	""
 2572 0117 00       		.string	""
 2573 0118 00       		.string	""
 2574 0119 00       		.string	""
 2575 011a 00       		.string	""
 2576 011b 00       		.string	""
 2577 011c 00       		.string	""
 2578 011d 00       		.string	""
 2579 011e 00       		.string	""
 2580 011f 00       		.string	""
 2581 0120 00       		.string	""
 2582 0121 00       		.string	""
 2583 0122 00       		.string	""
 2584 0123 00       		.string	""
 2585 0124 00       		.string	""
 2586 0125 00       		.string	""
 2587 0126 00       		.string	""
 2588 0127 00       		.string	""
 2589 0128 00       		.string	""
 2590 0129 00       		.string	""
 2591 012a 00       		.string	""
 2592 012b 00       		.string	""
GAS LISTING printk.s 			page 60


 2593 012c 00       		.string	""
 2594 012d 00       		.string	""
 2595 012e 00       		.string	""
 2596 012f 00       		.string	""
 2597 0130 00       		.string	""
 2598 0131 00       		.string	""
 2599 0132 00       		.string	""
 2600 0133 00       		.string	""
 2601 0134 00       		.string	""
 2602 0135 00       		.string	""
 2603 0136 00       		.string	""
 2604 0137 00       		.string	""
 2605 0138 00       		.string	""
 2606 0139 00       		.string	""
 2607 013a 00       		.string	""
 2608 013b 00       		.string	""
 2609 013c 00       		.string	""
 2610 013d 00       		.string	""
 2611 013e 00       		.string	""
 2612 013f 00       		.string	""
 2613 0140 00       		.string	""
 2614 0141 00       		.string	""
 2615 0142 00       		.string	""
 2616 0143 00       		.string	""
 2617 0144 00       		.string	""
 2618 0145 00       		.string	""
 2619 0146 00       		.string	""
 2620 0147 00       		.string	""
 2621 0148 00       		.string	""
 2622 0149 00       		.string	""
 2623 014a 00       		.string	""
 2624 014b 00       		.string	""
 2625 014c 00       		.string	""
 2626 014d 00       		.string	""
 2627 014e 00       		.string	""
 2628 014f 00       		.string	""
 2629 0150 00       		.string	""
 2630 0151 00       		.string	""
 2631 0152 00       		.string	""
 2632 0153 00       		.string	""
 2633 0154 00       		.string	""
 2634 0155 00       		.string	""
 2635 0156 00       		.string	""
 2636 0157 00       		.string	""
 2637 0158 00       		.string	""
 2638 0159 00       		.string	""
 2639 015a 00       		.string	""
 2640 015b 00       		.string	""
 2641 015c 00       		.string	""
 2642 015d 00       		.string	""
 2643 015e 00       		.string	""
 2644 015f 00       		.string	""
 2645 0160 00       		.string	""
 2646 0161 00       		.string	""
 2647 0162 00       		.string	""
 2648 0163 00       		.string	""
 2649 0164 00       		.string	""
GAS LISTING printk.s 			page 61


 2650 0165 00       		.string	""
 2651 0166 00       		.string	""
 2652 0167 00       		.string	""
 2653 0168 00       		.string	""
 2654 0169 00       		.string	""
 2655 016a 00       		.string	""
 2656 016b 00       		.string	""
 2657 016c 00       		.string	""
 2658 016d 00       		.string	""
 2659 016e 00       		.string	""
 2660 016f 00       		.string	""
 2661 0170 00       		.string	""
 2662 0171 00       		.string	""
 2663 0172 00       		.string	""
 2664 0173 00       		.string	""
 2665 0174 00       		.string	""
 2666 0175 00       		.string	""
 2667 0176 00       		.string	""
 2668 0177 00       		.string	""
 2669 0178 00       		.string	""
 2670 0179 00       		.string	""
 2671 017a 00       		.string	""
 2672 017b 00       		.string	""
 2673 017c 00       		.string	""
 2674 017d 00       		.string	""
 2675 017e 00       		.string	""
 2676 017f 00       		.string	""
 2677 0180 00       		.string	""
 2678 0181 00       		.string	""
 2679 0182 00       		.string	""
 2680 0183 00       		.string	""
 2681 0184 00       		.string	""
 2682 0185 00       		.string	""
 2683 0186 00       		.string	""
 2684 0187 00       		.string	""
 2685 0188 00       		.string	""
 2686 0189 00       		.string	""
 2687 018a 00       		.string	""
 2688 018b 00       		.string	""
 2689 018c 00       		.string	""
 2690 018d 00       		.string	""
 2691 018e 00       		.string	""
 2692 018f 00       		.string	""
 2693 0190 00       		.string	""
 2694 0191 00       		.string	""
 2695 0192 00       		.string	""
 2696 0193 00       		.string	""
 2697 0194 00       		.string	""
 2698 0195 00       		.string	""
 2699 0196 00       		.string	""
 2700 0197 00       		.string	""
 2701 0198 00       		.string	""
 2702 0199 00       		.string	""
 2703 019a 00       		.string	""
 2704 019b 00       		.string	""
 2705 019c 00       		.string	""
 2706 019d 00       		.string	""
GAS LISTING printk.s 			page 62


 2707 019e 00       		.string	""
 2708 019f 00       		.string	""
 2709 01a0 00       		.string	""
 2710 01a1 00       		.string	""
 2711 01a2 00       		.string	""
 2712 01a3 00       		.string	""
 2713 01a4 00       		.string	""
 2714 01a5 00       		.string	""
 2715 01a6 00       		.string	""
 2716 01a7 00       		.string	""
 2717 01a8 00       		.string	""
 2718 01a9 00       		.string	""
 2719 01aa 00       		.string	""
 2720 01ab 00       		.string	""
 2721 01ac 00       		.string	""
 2722 01ad 00       		.string	""
 2723 01ae 00       		.string	""
 2724 01af 00       		.string	""
 2725 01b0 00       		.string	""
 2726 01b1 00       		.string	""
 2727 01b2 00       		.string	""
 2728 01b3 00       		.string	""
 2729 01b4 00       		.string	""
 2730 01b5 00       		.string	""
 2731 01b6 00       		.string	""
 2732 01b7 00       		.string	""
 2733 01b8 00       		.string	""
 2734 01b9 00       		.string	""
 2735 01ba 00       		.string	""
 2736 01bb 00       		.string	""
 2737 01bc 00       		.string	""
 2738 01bd 00       		.string	""
 2739 01be 00       		.string	""
 2740 01bf 00       		.string	""
 2741 01c0 00       		.string	""
 2742 01c1 00       		.string	""
 2743 01c2 00       		.string	""
 2744 01c3 00       		.string	""
 2745 01c4 00       		.string	""
 2746 01c5 00       		.string	""
 2747 01c6 00       		.string	""
 2748 01c7 00       		.string	""
 2749 01c8 00       		.string	""
 2750 01c9 00       		.string	""
 2751 01ca 00       		.string	""
 2752 01cb 00       		.string	""
 2753 01cc 00       		.string	""
 2754 01cd 00       		.string	""
 2755 01ce 00       		.string	""
 2756 01cf 00       		.string	""
 2757 01d0 00       		.string	""
 2758 01d1 00       		.string	""
 2759 01d2 00       		.string	""
 2760 01d3 00       		.string	""
 2761 01d4 00       		.string	""
 2762 01d5 00       		.string	""
 2763 01d6 00       		.string	""
GAS LISTING printk.s 			page 63


 2764 01d7 00       		.string	""
 2765 01d8 00       		.string	""
 2766 01d9 00       		.string	""
 2767 01da 00       		.string	""
 2768 01db 00       		.string	""
 2769 01dc 00       		.string	""
 2770 01dd 00       		.string	""
 2771 01de 00       		.string	""
 2772 01df 00       		.string	""
 2773 01e0 00       		.string	""
 2774 01e1 00       		.string	""
 2775 01e2 00       		.string	""
 2776 01e3 00       		.string	""
 2777 01e4 00       		.string	""
 2778 01e5 00       		.string	""
 2779 01e6 00       		.string	""
 2780 01e7 00       		.string	""
 2781 01e8 00       		.string	""
 2782 01e9 00       		.string	""
 2783 01ea 00       		.string	""
 2784 01eb 00       		.string	""
 2785 01ec 00       		.string	""
 2786 01ed 00       		.string	""
 2787 01ee 00       		.string	""
 2788 01ef 00       		.string	""
 2789 01f0 00       		.string	""
 2790 01f1 00       		.string	""
 2791 01f2 00       		.string	""
 2792 01f3 00       		.string	""
 2793 01f4 00       		.string	""
 2794 01f5 00       		.string	""
 2795 01f6 00       		.string	""
 2796 01f7 00       		.string	""
 2797 01f8 00       		.string	""
 2798 01f9 00       		.string	""
 2799 01fa 00       		.string	""
 2800 01fb 00       		.string	""
 2801 01fc 00       		.string	""
 2802 01fd 00       		.string	""
 2803 01fe 00       		.string	""
 2804 01ff 00       		.string	""
 2805 0200 00       		.string	""
 2806 0201 00       		.string	""
 2807 0202 00       		.string	""
 2808 0203 00       		.string	""
 2809 0204 00       		.string	""
 2810 0205 00       		.string	""
 2811 0206 00       		.string	""
 2812 0207 00       		.string	""
 2813 0208 00       		.string	""
 2814 0209 00       		.string	""
 2815 020a 00       		.string	""
 2816 020b 00       		.string	""
 2817 020c 00       		.string	""
 2818 020d 00       		.string	""
 2819 020e 00       		.string	""
 2820 020f 00       		.string	""
GAS LISTING printk.s 			page 64


 2821 0210 00       		.string	""
 2822 0211 10101010 		.string	"\020\020\020\020\020\020\020\020\020"
 2822      10101010 
 2822      1000
 2823 021b 00       		.string	""
 2824 021c 101000   		.string	"\020\020"
 2825 021f 00       		.string	""
 2826 0220 28282800 		.string	"((("
 2827 0224 00       		.string	""
 2828 0225 00       		.string	""
 2829 0226 00       		.string	""
 2830 0227 00       		.string	""
 2831 0228 00       		.string	""
 2832 0229 00       		.string	""
 2833 022a 00       		.string	""
 2834 022b 00       		.string	""
 2835 022c 00       		.string	""
 2836 022d 00       		.string	""
 2837 022e 00       		.string	""
 2838 022f 00       		.string	""
 2839 0230 00       		.string	""
 2840 0231 444444FE 		.string	"DDD\376DDDDD\376DDD"
 2840      44444444 
 2840      44FE4444 
 2840      4400
 2841 023f 00       		.string	""
 2842 0240 103A5692 		.ascii	"\020:V\222\222\220P8\024\022\222\222\324\270\020\020"
 2842      92905038 
 2842      14129292 
 2842      D4B81010 
 2843 0250 62929494 		.string	"b\222\224\224h\b\020\020 ,RR\222\214"
 2843      68081010 
 2843      202C5252 
 2843      928C00
 2844 025f 00       		.string	""
 2845 0260 00       		.string	""
 2846 0261 70888888 		.string	"p\210\210\210\220`G\242\222\212\204F9"
 2846      906047A2 
 2846      928A8446 
 2846      3900
 2847 026f 00       		.string	""
 2848 0270 04081000 		.string	"\004\b\020"
 2849 0274 00       		.string	""
 2850 0275 00       		.string	""
 2851 0276 00       		.string	""
 2852 0277 00       		.string	""
 2853 0278 00       		.string	""
 2854 0279 00       		.string	""
 2855 027a 00       		.string	""
 2856 027b 00       		.string	""
 2857 027c 00       		.string	""
 2858 027d 00       		.string	""
 2859 027e 00       		.string	""
 2860 027f 00       		.string	""
 2861 0280 02040808 		.string	"\002\004\b\b\020\020\020\020\020\020\020\b\b\004\002"
 2861      10101010 
 2861      10101008 
GAS LISTING printk.s 			page 65


 2861      08040200 
 2862 0290 80402020 		.string	"\200@  \020\020\020\020\020\020\020  @\200"
 2862      10101010 
 2862      10101020 
 2862      20408000 
 2863 02a0 00       		.string	""
 2864 02a1 00       		.string	""
 2865 02a2 00       		.string	""
 2866 02a3 00       		.string	""
 2867 02a4 00       		.string	""
 2868 02a5 10925438 		.string	"\020\222T8T\222\020"
 2868      54921000 
 2869 02ad 00       		.string	""
 2870 02ae 00       		.string	""
 2871 02af 00       		.string	""
 2872 02b0 00       		.string	""
 2873 02b1 00       		.string	""
 2874 02b2 00       		.string	""
 2875 02b3 00       		.string	""
 2876 02b4 00       		.string	""
 2877 02b5 101010FE 		.string	"\020\020\020\376\020\020\020"
 2877      10101000 
 2878 02bd 00       		.string	""
 2879 02be 00       		.string	""
 2880 02bf 00       		.string	""
 2881 02c0 00       		.string	""
 2882 02c1 00       		.string	""
 2883 02c2 00       		.string	""
 2884 02c3 00       		.string	""
 2885 02c4 00       		.string	""
 2886 02c5 00       		.string	""
 2887 02c6 00       		.string	""
 2888 02c7 00       		.string	""
 2889 02c8 00       		.string	""
 2890 02c9 00       		.string	""
 2891 02ca 00       		.string	""
 2892 02cb 18180808 		.ascii	"\030\030\b\b\020"
 2892      10
 2893 02d0 00       		.string	""
 2894 02d1 00       		.string	""
 2895 02d2 00       		.string	""
 2896 02d3 00       		.string	""
 2897 02d4 00       		.string	""
 2898 02d5 00       		.string	""
 2899 02d6 00       		.string	""
 2900 02d7 00       		.string	""
 2901 02d8 FE00     		.string	"\376"
 2902 02da 00       		.string	""
 2903 02db 00       		.string	""
 2904 02dc 00       		.string	""
 2905 02dd 00       		.string	""
 2906 02de 00       		.string	""
 2907 02df 00       		.string	""
 2908 02e0 00       		.string	""
 2909 02e1 00       		.string	""
 2910 02e2 00       		.string	""
 2911 02e3 00       		.string	""
GAS LISTING printk.s 			page 66


 2912 02e4 00       		.string	""
 2913 02e5 00       		.string	""
 2914 02e6 00       		.string	""
 2915 02e7 00       		.string	""
 2916 02e8 00       		.string	""
 2917 02e9 00       		.string	""
 2918 02ea 00       		.string	""
 2919 02eb 00       		.string	""
 2920 02ec 181800   		.string	"\030\030"
 2921 02ef 00       		.string	""
 2922 02f0 02020404 		.ascii	"\002\002\004\004\b\b\b\020\020  @@@\200\200"
 2922      08080810 
 2922      10202040 
 2922      40408080 
 2923 0300 00       		.string	""
 2924 0301 18242442 		.string	"\030$$BBBBBBB$$\030"
 2924      42424242 
 2924      42422424 
 2924      1800
 2925 030f 00       		.string	""
 2926 0310 00       		.string	""
 2927 0311 08182808 		.string	"\b\030(\b\b\b\b\b\b\b\b\b>"
 2927      08080808 
 2927      08080808 
 2927      3E00
 2928 031f 00       		.string	""
 2929 0320 00       		.string	""
 2930 0321 18244242 		.string	"\030$BB\002\004\b\020  @@~"
 2930      02040810 
 2930      20204040 
 2930      7E00
 2931 032f 00       		.string	""
 2932 0330 00       		.string	""
 2933 0331 18244202 		.string	"\030$B\002\002\004\030\004\002\002B$\030"
 2933      02041804 
 2933      02024224 
 2933      1800
 2934 033f 00       		.string	""
 2935 0340 00       		.string	""
 2936 0341 0C0C0C14 		.string	"\f\f\f\024\024\024$$D~\004\004\036"
 2936      14142424 
 2936      447E0404 
 2936      1E00
 2937 034f 00       		.string	""
 2938 0350 00       		.string	""
 2939 0351 7C404040 		.string	"|@@@Xd\002\002\002\002B$\030"
 2939      58640202 
 2939      02024224 
 2939      1800
 2940 035f 00       		.string	""
 2941 0360 00       		.string	""
 2942 0361 18244240 		.string	"\030$B@XdBBBBB$\030"
 2942      58644242 
 2942      42424224 
 2942      1800
 2943 036f 00       		.string	""
 2944 0370 00       		.string	""
GAS LISTING printk.s 			page 67


 2945 0371 7E424204 		.string	"~BB\004\004\b\b\b\020\020\020\0208"
 2945      04080808 
 2945      10101010 
 2945      3800
 2946 037f 00       		.string	""
 2947 0380 00       		.string	""
 2948 0381 18244242 		.string	"\030$BBB$\030$BBB$\030"
 2948      42241824 
 2948      42424224 
 2948      1800
 2949 038f 00       		.string	""
 2950 0390 00       		.string	""
 2951 0391 18244242 		.string	"\030$BBBBB&\032\002B$\030"
 2951      42424226 
 2951      1A024224 
 2951      1800
 2952 039f 00       		.string	""
 2953 03a0 00       		.string	""
 2954 03a1 00       		.string	""
 2955 03a2 00       		.string	""
 2956 03a3 00       		.string	""
 2957 03a4 00       		.string	""
 2958 03a5 181800   		.string	"\030\030"
 2959 03a8 00       		.string	""
 2960 03a9 00       		.string	""
 2961 03aa 00       		.string	""
 2962 03ab 00       		.string	""
 2963 03ac 181800   		.string	"\030\030"
 2964 03af 00       		.string	""
 2965 03b0 00       		.string	""
 2966 03b1 00       		.string	""
 2967 03b2 00       		.string	""
 2968 03b3 00       		.string	""
 2969 03b4 00       		.string	""
 2970 03b5 181800   		.string	"\030\030"
 2971 03b8 00       		.string	""
 2972 03b9 00       		.string	""
 2973 03ba 00       		.string	""
 2974 03bb 18180808 		.ascii	"\030\030\b\b\020"
 2974      10
 2975 03c0 00       		.string	""
 2976 03c1 02040810 		.string	"\002\004\b\020 @\200\200@ \020\b\004\002"
 2976      20408080 
 2976      40201008 
 2976      040200
 2977 03d0 00       		.string	""
 2978 03d1 00       		.string	""
 2979 03d2 00       		.string	""
 2980 03d3 00       		.string	""
 2981 03d4 00       		.string	""
 2982 03d5 00       		.string	""
 2983 03d6 FE00     		.string	"\376"
 2984 03d8 00       		.string	""
 2985 03d9 FE00     		.string	"\376"
 2986 03db 00       		.string	""
 2987 03dc 00       		.string	""
 2988 03dd 00       		.string	""
GAS LISTING printk.s 			page 68


 2989 03de 00       		.string	""
 2990 03df 00       		.string	""
 2991 03e0 00       		.string	""
 2992 03e1 80402010 		.string	"\200@ \020\b\004\002\002\004\b\020 @\200"
 2992      08040202 
 2992      04081020 
 2992      408000
 2993 03f0 00       		.string	""
 2994 03f1 38448282 		.string	"8D\202\202\202\004\b\020\020"
 2994      82040810 
 2994      1000
 2995 03fb 00       		.string	""
 2996 03fc 181800   		.string	"\030\030"
 2997 03ff 00       		.string	""
 2998 0400 00       		.string	""
 2999 0401 3844829A 		.string	"8D\202\232\252\252\252\252\252\234\200F8"
 2999      AAAAAAAA 
 2999      AA9C8046 
 2999      3800
 3000 040f 00       		.string	""
 3001 0410 00       		.string	""
 3002 0411 18181818 		.string	"\030\030\030\030$$$$~BBB\347"
 3002      24242424 
 3002      7E424242 
 3002      E700
 3003 041f 00       		.string	""
 3004 0420 00       		.string	""
 3005 0421 F0484444 		.string	"\360HDDDHxDBBBD\370"
 3005      44487844 
 3005      42424244 
 3005      F800
 3006 042f 00       		.string	""
 3007 0430 00       		.string	""
 3008 0431 3A464282 		.string	":FB\202\200\200\200\200\200\202BD8"
 3008      80808080 
 3008      80824244 
 3008      3800
 3009 043f 00       		.string	""
 3010 0440 00       		.string	""
 3011 0441 F8444442 		.string	"\370DDBBBBBBBDD\370"
 3011      42424242 
 3011      42424444 
 3011      F800
 3012 044f 00       		.string	""
 3013 0450 00       		.string	""
 3014 0451 FE424240 		.string	"\376BB@@D|D@@BB\376"
 3014      40447C44 
 3014      40404242 
 3014      FE00
 3015 045f 00       		.string	""
 3016 0460 00       		.string	""
 3017 0461 FE424240 		.string	"\376BB@@D|DD@@@\360"
 3017      40447C44 
 3017      44404040 
 3017      F000
 3018 046f 00       		.string	""
 3019 0470 00       		.string	""
GAS LISTING printk.s 			page 69


 3020 0471 3A464282 		.string	":FB\202\200\200\236\202\202\202BF8"
 3020      80809E82 
 3020      82824246 
 3020      3800
 3021 047f 00       		.string	""
 3022 0480 00       		.string	""
 3023 0481 E7424242 		.string	"\347BBBBB~BBBBB\347"
 3023      42427E42 
 3023      42424242 
 3023      E700
 3024 048f 00       		.string	""
 3025 0490 00       		.string	""
 3026 0491 7C101010 		.string	"|\020\020\020\020\020\020\020\020\020\020\020|"
 3026      10101010 
 3026      10101010 
 3026      7C00
 3027 049f 00       		.string	""
 3028 04a0 00       		.string	""
 3029 04a1 1F040404 		.string	"\037\004\004\004\004\004\004\004\004\004\004\204H0"
 3029      04040404 
 3029      04040484 
 3029      483000
 3030 04b0 00       		.string	""
 3031 04b1 E7424448 		.string	"\347BDHPP`PPHDB\347"
 3031      50506050 
 3031      50484442 
 3031      E700
 3032 04bf 00       		.string	""
 3033 04c0 00       		.string	""
 3034 04c1 F0404040 		.string	"\360@@@@@@@@@BB\376"
 3034      40404040 
 3034      40404242 
 3034      FE00
 3035 04cf 00       		.string	""
 3036 04d0 00       		.string	""
 3037 04d1 C3426666 		.string	"\303BfffZZZBBBB\347"
 3037      665A5A5A 
 3037      42424242 
 3037      E700
 3038 04df 00       		.string	""
 3039 04e0 00       		.string	""
 3040 04e1 C7426262 		.string	"\307BbbRRRJJJFF\342"
 3040      5252524A 
 3040      4A4A4646 
 3040      E200
 3041 04ef 00       		.string	""
 3042 04f0 00       		.string	""
 3043 04f1 38448282 		.string	"8D\202\202\202\202\202\202\202\202\202D8"
 3043      82828282 
 3043      82828244 
 3043      3800
 3044 04ff 00       		.string	""
 3045 0500 00       		.string	""
 3046 0501 F8444242 		.string	"\370DBBBDx@@@@@\360"
 3046      42447840 
 3046      40404040 
 3046      F000
GAS LISTING printk.s 			page 70


 3047 050f 00       		.string	""
 3048 0510 00       		.string	""
 3049 0511 38448282 		.string	"8D\202\202\202\202\202\202\202\222\212D:"
 3049      82828282 
 3049      82928A44 
 3049      3A00
 3050 051f 00       		.string	""
 3051 0520 00       		.string	""
 3052 0521 FC424242 		.string	"\374BBBB|DBBBBB\347"
 3052      427C4442 
 3052      42424242 
 3052      E700
 3053 052f 00       		.string	""
 3054 0530 00       		.string	""
 3055 0531 3A468282 		.string	":F\202\202\200@8\004\002\202\202\304\270"
 3055      80403804 
 3055      028282C4 
 3055      B800
 3056 053f 00       		.string	""
 3057 0540 00       		.string	""
 3058 0541 FE929210 		.string	"\376\222\222\020\020\020\020\020\020\020\020\020|"
 3058      10101010 
 3058      10101010 
 3058      7C00
 3059 054f 00       		.string	""
 3060 0550 00       		.string	""
 3061 0551 E7424242 		.string	"\347BBBBBBBBBB$<"
 3061      42424242 
 3061      42424224 
 3061      3C00
 3062 055f 00       		.string	""
 3063 0560 00       		.string	""
 3064 0561 E7424242 		.string	"\347BBBB$$$$\030\030\030\030"
 3064      42242424 
 3064      24181818 
 3064      1800
 3065 056f 00       		.string	""
 3066 0570 00       		.string	""
 3067 0571 E7424242 		.string	"\347BBBZZZZ$$$$$"
 3067      5A5A5A5A 
 3067      24242424 
 3067      2400
 3068 057f 00       		.string	""
 3069 0580 00       		.string	""
 3070 0581 E7424224 		.string	"\347BB$$$\030$$$BB\347"
 3070      24241824 
 3070      24244242 
 3070      E700
 3071 058f 00       		.string	""
 3072 0590 00       		.string	""
 3073 0591 EE444444 		.string	"\356DDD(((\020\020\020\020\020|"
 3073      28282810 
 3073      10101010 
 3073      7C00
 3074 059f 00       		.string	""
 3075 05a0 00       		.string	""
 3076 05a1 FE848408 		.string	"\376\204\204\b\b\020\020  @B\202\376"
GAS LISTING printk.s 			page 71


 3076      08101020 
 3076      20404282 
 3076      FE00
 3077 05af 00       		.string	""
 3078 05b0 00       		.string	""
 3079 05b1 3E202020 		.string	">            >"
 3079      20202020 
 3079      20202020 
 3079      203E00
 3080 05c0 80804040 		.ascii	"\200\200@@   \020\020\b\b\004\004\004\002\002"
 3080      20202010 
 3080      10080804 
 3080      04040202 
 3081 05d0 00       		.string	""
 3082 05d1 7C040404 		.string	"|\004\004\004\004\004\004\004\004\004\004\004\004|"
 3082      04040404 
 3082      04040404 
 3082      047C00
 3083 05e0 00       		.string	""
 3084 05e1 10284482 		.string	"\020(D\202"
 3084      00
 3085 05e6 00       		.string	""
 3086 05e7 00       		.string	""
 3087 05e8 00       		.string	""
 3088 05e9 00       		.string	""
 3089 05ea 00       		.string	""
 3090 05eb 00       		.string	""
 3091 05ec 00       		.string	""
 3092 05ed 00       		.string	""
 3093 05ee 00       		.string	""
 3094 05ef 00       		.string	""
 3095 05f0 00       		.string	""
 3096 05f1 00       		.string	""
 3097 05f2 00       		.string	""
 3098 05f3 00       		.string	""
 3099 05f4 00       		.string	""
 3100 05f5 00       		.string	""
 3101 05f6 00       		.string	""
 3102 05f7 00       		.string	""
 3103 05f8 00       		.string	""
 3104 05f9 00       		.string	""
 3105 05fa 00       		.string	""
 3106 05fb 00       		.string	""
 3107 05fc 00       		.string	""
 3108 05fd 00       		.string	""
 3109 05fe FE00     		.string	"\376"
 3110 0600 10080400 		.string	"\020\b\004"
 3111 0604 00       		.string	""
 3112 0605 00       		.string	""
 3113 0606 00       		.string	""
 3114 0607 00       		.string	""
 3115 0608 00       		.string	""
 3116 0609 00       		.string	""
 3117 060a 00       		.string	""
 3118 060b 00       		.string	""
 3119 060c 00       		.string	""
 3120 060d 00       		.string	""
GAS LISTING printk.s 			page 72


 3121 060e 00       		.string	""
 3122 060f 00       		.string	""
 3123 0610 00       		.string	""
 3124 0611 00       		.string	""
 3125 0612 00       		.string	""
 3126 0613 00       		.string	""
 3127 0614 00       		.string	""
 3128 0615 7008043C 		.string	"p\b\004<D\204\204\214v"
 3128      4484848C 
 3128      7600
 3129 061f 00       		.string	""
 3130 0620 C0404040 		.string	"\300@@@@XdBBBBBdX"
 3130      40586442 
 3130      42424242 
 3130      645800
 3131 062f 00       		.string	""
 3132 0630 00       		.string	""
 3133 0631 00       		.string	""
 3134 0632 00       		.string	""
 3135 0633 00       		.string	""
 3136 0634 00       		.string	""
 3137 0635 304C8484 		.string	"0L\204\204\200\200\202D8"
 3137      80808244 
 3137      3800
 3138 063f 00       		.string	""
 3139 0640 0C040404 		.string	"\f\004\004\004\0044L\204\204\204\204\204L6"
 3139      04344C84 
 3139      84848484 
 3139      4C3600
 3140 064f 00       		.string	""
 3141 0650 00       		.string	""
 3142 0651 00       		.string	""
 3143 0652 00       		.string	""
 3144 0653 00       		.string	""
 3145 0654 00       		.string	""
 3146 0655 38448282 		.string	"8D\202\202\374\200\202B<"
 3146      FC808242 
 3146      3C00
 3147 065f 00       		.string	""
 3148 0660 0E101010 		.string	"\016\020\020\020\020|\020\020\020\020\020\020\020|"
 3148      107C1010 
 3148      10101010 
 3148      107C00
 3149 066f 00       		.string	""
 3150 0670 00       		.string	""
 3151 0671 00       		.string	""
 3152 0672 00       		.string	""
 3153 0673 00       		.string	""
 3154 0674 00       		.string	""
 3155 0675 364C8484 		.ascii	"6L\204\204\204\204L4\004\0048"
 3155      84844C34 
 3155      040438
 3156 0680 C0404040 		.string	"\300@@@@XdBBBBBB\343"
 3156      40586442 
 3156      42424242 
 3156      42E300
 3157 068f 00       		.string	""
GAS LISTING printk.s 			page 73


 3158 0690 00       		.string	""
 3159 0691 101000   		.string	"\020\020"
 3160 0694 00       		.string	""
 3161 0695 30101010 		.string	"0\020\020\020\020\020\020\0208"
 3161      10101010 
 3161      3800
 3162 069f 00       		.string	""
 3163 06a0 00       		.string	""
 3164 06a1 040400   		.string	"\004\004"
 3165 06a4 00       		.string	""
 3166 06a5 0C040404 		.ascii	"\f\004\004\004\004\004\004\004\b\b0"
 3166      04040404 
 3166      080830
 3167 06b0 C0404040 		.string	"\300@@@@NDHP`PHD\346"
 3167      404E4448 
 3167      50605048 
 3167      44E600
 3168 06bf 00       		.string	""
 3169 06c0 30101010 		.string	"0\020\020\020\020\020\020\020\020\020\020\020\0208"
 3169      10101010 
 3169      10101010 
 3169      103800
 3170 06cf 00       		.string	""
 3171 06d0 00       		.string	""
 3172 06d1 00       		.string	""
 3173 06d2 00       		.string	""
 3174 06d3 00       		.string	""
 3175 06d4 00       		.string	""
 3176 06d5 F6494949 		.string	"\366IIIIIII\333"
 3176      49494949 
 3176      DB00
 3177 06df 00       		.string	""
 3178 06e0 00       		.string	""
 3179 06e1 00       		.string	""
 3180 06e2 00       		.string	""
 3181 06e3 00       		.string	""
 3182 06e4 00       		.string	""
 3183 06e5 D8644242 		.string	"\330dBBBBBB\343"
 3183      42424242 
 3183      E300
 3184 06ef 00       		.string	""
 3185 06f0 00       		.string	""
 3186 06f1 00       		.string	""
 3187 06f2 00       		.string	""
 3188 06f3 00       		.string	""
 3189 06f4 00       		.string	""
 3190 06f5 38448282 		.string	"8D\202\202\202\202\202D8"
 3190      82828244 
 3190      3800
 3191 06ff 00       		.string	""
 3192 0700 00       		.string	""
 3193 0701 00       		.string	""
 3194 0702 00       		.string	""
 3195 0703 00       		.string	""
 3196 0704 D8644242 		.ascii	"\330dBBBBBdX@@\340"
 3196      42424264 
 3196      584040E0 
GAS LISTING printk.s 			page 74


 3197 0710 00       		.string	""
 3198 0711 00       		.string	""
 3199 0712 00       		.string	""
 3200 0713 00       		.string	""
 3201 0714 344C8484 		.ascii	"4L\204\204\204\204\204L4\004\004\016"
 3201      8484844C 
 3201      3404040E 
 3202 0720 00       		.string	""
 3203 0721 00       		.string	""
 3204 0722 00       		.string	""
 3205 0723 00       		.string	""
 3206 0724 00       		.string	""
 3207 0725 DC624240 		.string	"\334bB@@@@@\340"
 3207      40404040 
 3207      E000
 3208 072f 00       		.string	""
 3209 0730 00       		.string	""
 3210 0731 00       		.string	""
 3211 0732 00       		.string	""
 3212 0733 00       		.string	""
 3213 0734 00       		.string	""
 3214 0735 7A8682C0 		.string	"z\206\202\3008\006\202\302\274"
 3214      380682C2 
 3214      BC00
 3215 073f 00       		.string	""
 3216 0740 00       		.string	""
 3217 0741 00       		.string	""
 3218 0742 1010107C 		.string	"\020\020\020|\020\020\020\020\020\020\020\016"
 3218      10101010 
 3218      1010100E 
 3218      00
 3219 074f 00       		.string	""
 3220 0750 00       		.string	""
 3221 0751 00       		.string	""
 3222 0752 00       		.string	""
 3223 0753 00       		.string	""
 3224 0754 00       		.string	""
 3225 0755 C6424242 		.string	"\306BBBBBBF;"
 3225      42424246 
 3225      3B00
 3226 075f 00       		.string	""
 3227 0760 00       		.string	""
 3228 0761 00       		.string	""
 3229 0762 00       		.string	""
 3230 0763 00       		.string	""
 3231 0764 00       		.string	""
 3232 0765 E7424242 		.string	"\347BBB$$$\030\030"
 3232      24242418 
 3232      1800
 3233 076f 00       		.string	""
 3234 0770 00       		.string	""
 3235 0771 00       		.string	""
 3236 0772 00       		.string	""
 3237 0773 00       		.string	""
 3238 0774 00       		.string	""
 3239 0775 E742425A 		.string	"\347BBZZZ$$$"
 3239      5A5A2424 
GAS LISTING printk.s 			page 75


 3239      2400
 3240 077f 00       		.string	""
 3241 0780 00       		.string	""
 3242 0781 00       		.string	""
 3243 0782 00       		.string	""
 3244 0783 00       		.string	""
 3245 0784 00       		.string	""
 3246 0785 C6442828 		.string	"\306D((\020((D\306"
 3246      10282844 
 3246      C600
 3247 078f 00       		.string	""
 3248 0790 00       		.string	""
 3249 0791 00       		.string	""
 3250 0792 00       		.string	""
 3251 0793 00       		.string	""
 3252 0794 00       		.string	""
 3253 0795 E7424224 		.ascii	"\347BB$$$\030\030\020\020`"
 3253      24241818 
 3253      101060
 3254 07a0 00       		.string	""
 3255 07a1 00       		.string	""
 3256 07a2 00       		.string	""
 3257 07a3 00       		.string	""
 3258 07a4 00       		.string	""
 3259 07a5 FE828408 		.string	"\376\202\204\b\020 B\202\376"
 3259      10204282 
 3259      FE00
 3260 07af 00       		.string	""
 3261 07b0 00       		.string	""
 3262 07b1 06081010 		.string	"\006\b\020\020\020\020`\020\020\020\020\b\006"
 3262      10106010 
 3262      10101008 
 3262      0600
 3263 07bf 00       		.string	""
 3264 07c0 10101010 		.ascii	"\020\020\020\020\020\020\020\020\020\020\020\020\020\020\020"
 3264      10101010 
 3264      10101010 
 3264      101010
 3265 07cf 10       		.ascii	"\020"
 3266 07d0 00       		.string	""
 3267 07d1 60100808 		.string	"`\020\b\b\b\b\006\b\b\b\b\020`"
 3267      08080608 
 3267      08080810 
 3267      6000
 3268 07df 00       		.string	""
 3269 07e0 00       		.string	""
 3270 07e1 728C00   		.string	"r\214"
 3271 07e4 00       		.string	""
 3272 07e5 00       		.string	""
 3273 07e6 00       		.string	""
 3274 07e7 00       		.string	""
 3275 07e8 00       		.string	""
 3276 07e9 00       		.string	""
 3277 07ea 00       		.string	""
 3278 07eb 00       		.string	""
 3279 07ec 00       		.string	""
 3280 07ed 00       		.string	""
GAS LISTING printk.s 			page 76


 3281 07ee 00       		.string	""
 3282 07ef 00       		.string	""
 3283 07f0 00       		.string	""
 3284 07f1 00       		.string	""
 3285 07f2 00       		.string	""
 3286 07f3 00       		.string	""
 3287 07f4 00       		.string	""
 3288 07f5 00       		.string	""
 3289 07f6 00       		.string	""
 3290 07f7 00       		.string	""
 3291 07f8 00       		.string	""
 3292 07f9 00       		.string	""
 3293 07fa 00       		.string	""
 3294 07fb 00       		.string	""
 3295 07fc 00       		.string	""
 3296 07fd 00       		.string	""
 3297 07fe 00       		.string	""
 3298 07ff 00       		.string	""
 3299 0800 00       		.string	""
 3300 0801 00       		.string	""
 3301 0802 00       		.string	""
 3302 0803 00       		.string	""
 3303 0804 00       		.string	""
 3304 0805 00       		.string	""
 3305 0806 00       		.string	""
 3306 0807 00       		.string	""
 3307 0808 00       		.string	""
 3308 0809 00       		.string	""
 3309 080a 00       		.string	""
 3310 080b 00       		.string	""
 3311 080c 00       		.string	""
 3312 080d 00       		.string	""
 3313 080e 00       		.string	""
 3314 080f 00       		.string	""
 3315 0810 00       		.string	""
 3316 0811 00       		.string	""
 3317 0812 00       		.string	""
 3318 0813 00       		.string	""
 3319 0814 00       		.string	""
 3320 0815 00       		.string	""
 3321 0816 00       		.string	""
 3322 0817 00       		.string	""
 3323 0818 00       		.string	""
 3324 0819 00       		.string	""
 3325 081a 00       		.string	""
 3326 081b 00       		.string	""
 3327 081c 00       		.string	""
 3328 081d 00       		.string	""
 3329 081e 00       		.string	""
 3330 081f 00       		.string	""
 3331 0820 00       		.string	""
 3332 0821 00       		.string	""
 3333 0822 00       		.string	""
 3334 0823 00       		.string	""
 3335 0824 00       		.string	""
 3336 0825 00       		.string	""
 3337 0826 00       		.string	""
GAS LISTING printk.s 			page 77


 3338 0827 00       		.string	""
 3339 0828 00       		.string	""
 3340 0829 00       		.string	""
 3341 082a 00       		.string	""
 3342 082b 00       		.string	""
 3343 082c 00       		.string	""
 3344 082d 00       		.string	""
 3345 082e 00       		.string	""
 3346 082f 00       		.string	""
 3347 0830 00       		.string	""
 3348 0831 00       		.string	""
 3349 0832 00       		.string	""
 3350 0833 00       		.string	""
 3351 0834 00       		.string	""
 3352 0835 00       		.string	""
 3353 0836 00       		.string	""
 3354 0837 00       		.string	""
 3355 0838 00       		.string	""
 3356 0839 00       		.string	""
 3357 083a 00       		.string	""
 3358 083b 00       		.string	""
 3359 083c 00       		.string	""
 3360 083d 00       		.string	""
 3361 083e 00       		.string	""
 3362 083f 00       		.string	""
 3363 0840 00       		.string	""
 3364 0841 00       		.string	""
 3365 0842 00       		.string	""
 3366 0843 00       		.string	""
 3367 0844 00       		.string	""
 3368 0845 00       		.string	""
 3369 0846 00       		.string	""
 3370 0847 00       		.string	""
 3371 0848 00       		.string	""
 3372 0849 00       		.string	""
 3373 084a 00       		.string	""
 3374 084b 00       		.string	""
 3375 084c 00       		.string	""
 3376 084d 00       		.string	""
 3377 084e 00       		.string	""
 3378 084f 00       		.string	""
 3379 0850 00       		.string	""
 3380 0851 00       		.string	""
 3381 0852 00       		.string	""
 3382 0853 00       		.string	""
 3383 0854 00       		.string	""
 3384 0855 00       		.string	""
 3385 0856 00       		.string	""
 3386 0857 00       		.string	""
 3387 0858 00       		.string	""
 3388 0859 00       		.string	""
 3389 085a 00       		.string	""
 3390 085b 00       		.string	""
 3391 085c 00       		.string	""
 3392 085d 00       		.string	""
 3393 085e 00       		.string	""
 3394 085f 00       		.string	""
GAS LISTING printk.s 			page 78


 3395 0860 00       		.string	""
 3396 0861 00       		.string	""
 3397 0862 00       		.string	""
 3398 0863 00       		.string	""
 3399 0864 00       		.string	""
 3400 0865 00       		.string	""
 3401 0866 00       		.string	""
 3402 0867 00       		.string	""
 3403 0868 00       		.string	""
 3404 0869 00       		.string	""
 3405 086a 00       		.string	""
 3406 086b 00       		.string	""
 3407 086c 00       		.string	""
 3408 086d 00       		.string	""
 3409 086e 00       		.string	""
 3410 086f 00       		.string	""
 3411 0870 00       		.string	""
 3412 0871 00       		.string	""
 3413 0872 00       		.string	""
 3414 0873 00       		.string	""
 3415 0874 00       		.string	""
 3416 0875 00       		.string	""
 3417 0876 00       		.string	""
 3418 0877 00       		.string	""
 3419 0878 00       		.string	""
 3420 0879 00       		.string	""
 3421 087a 00       		.string	""
 3422 087b 00       		.string	""
 3423 087c 00       		.string	""
 3424 087d 00       		.string	""
 3425 087e 00       		.string	""
 3426 087f 00       		.string	""
 3427 0880 00       		.string	""
 3428 0881 00       		.string	""
 3429 0882 00       		.string	""
 3430 0883 00       		.string	""
 3431 0884 00       		.string	""
 3432 0885 00       		.string	""
 3433 0886 00       		.string	""
 3434 0887 00       		.string	""
 3435 0888 00       		.string	""
 3436 0889 00       		.string	""
 3437 088a 00       		.string	""
 3438 088b 00       		.string	""
 3439 088c 00       		.string	""
 3440 088d 00       		.string	""
 3441 088e 00       		.string	""
 3442 088f 00       		.string	""
 3443 0890 00       		.string	""
 3444 0891 00       		.string	""
 3445 0892 00       		.string	""
 3446 0893 00       		.string	""
 3447 0894 00       		.string	""
 3448 0895 00       		.string	""
 3449 0896 00       		.string	""
 3450 0897 00       		.string	""
 3451 0898 00       		.string	""
GAS LISTING printk.s 			page 79


 3452 0899 00       		.string	""
 3453 089a 00       		.string	""
 3454 089b 00       		.string	""
 3455 089c 00       		.string	""
 3456 089d 00       		.string	""
 3457 089e 00       		.string	""
 3458 089f 00       		.string	""
 3459 08a0 00       		.string	""
 3460 08a1 00       		.string	""
 3461 08a2 00       		.string	""
 3462 08a3 00       		.string	""
 3463 08a4 00       		.string	""
 3464 08a5 00       		.string	""
 3465 08a6 00       		.string	""
 3466 08a7 00       		.string	""
 3467 08a8 00       		.string	""
 3468 08a9 00       		.string	""
 3469 08aa 00       		.string	""
 3470 08ab 00       		.string	""
 3471 08ac 00       		.string	""
 3472 08ad 00       		.string	""
 3473 08ae 00       		.string	""
 3474 08af 00       		.string	""
 3475 08b0 00       		.string	""
 3476 08b1 00       		.string	""
 3477 08b2 00       		.string	""
 3478 08b3 00       		.string	""
 3479 08b4 00       		.string	""
 3480 08b5 00       		.string	""
 3481 08b6 00       		.string	""
 3482 08b7 00       		.string	""
 3483 08b8 00       		.string	""
 3484 08b9 00       		.string	""
 3485 08ba 00       		.string	""
 3486 08bb 00       		.string	""
 3487 08bc 00       		.string	""
 3488 08bd 00       		.string	""
 3489 08be 00       		.string	""
 3490 08bf 00       		.string	""
 3491 08c0 00       		.string	""
 3492 08c1 00       		.string	""
 3493 08c2 00       		.string	""
 3494 08c3 00       		.string	""
 3495 08c4 00       		.string	""
 3496 08c5 00       		.string	""
 3497 08c6 00       		.string	""
 3498 08c7 00       		.string	""
 3499 08c8 00       		.string	""
 3500 08c9 00       		.string	""
 3501 08ca 00       		.string	""
 3502 08cb 00       		.string	""
 3503 08cc 00       		.string	""
 3504 08cd 00       		.string	""
 3505 08ce 00       		.string	""
 3506 08cf 00       		.string	""
 3507 08d0 00       		.string	""
 3508 08d1 00       		.string	""
GAS LISTING printk.s 			page 80


 3509 08d2 00       		.string	""
 3510 08d3 00       		.string	""
 3511 08d4 00       		.string	""
 3512 08d5 00       		.string	""
 3513 08d6 00       		.string	""
 3514 08d7 00       		.string	""
 3515 08d8 00       		.string	""
 3516 08d9 00       		.string	""
 3517 08da 00       		.string	""
 3518 08db 00       		.string	""
 3519 08dc 00       		.string	""
 3520 08dd 00       		.string	""
 3521 08de 00       		.string	""
 3522 08df 00       		.string	""
 3523 08e0 00       		.string	""
 3524 08e1 00       		.string	""
 3525 08e2 00       		.string	""
 3526 08e3 00       		.string	""
 3527 08e4 00       		.string	""
 3528 08e5 00       		.string	""
 3529 08e6 00       		.string	""
 3530 08e7 00       		.string	""
 3531 08e8 00       		.string	""
 3532 08e9 00       		.string	""
 3533 08ea 00       		.string	""
 3534 08eb 00       		.string	""
 3535 08ec 00       		.string	""
 3536 08ed 00       		.string	""
 3537 08ee 00       		.string	""
 3538 08ef 00       		.string	""
 3539 08f0 00       		.string	""
 3540 08f1 00       		.string	""
 3541 08f2 00       		.string	""
 3542 08f3 00       		.string	""
 3543 08f4 00       		.string	""
 3544 08f5 00       		.string	""
 3545 08f6 00       		.string	""
 3546 08f7 00       		.string	""
 3547 08f8 00       		.string	""
 3548 08f9 00       		.string	""
 3549 08fa 00       		.string	""
 3550 08fb 00       		.string	""
 3551 08fc 00       		.string	""
 3552 08fd 00       		.string	""
 3553 08fe 00       		.string	""
 3554 08ff 00       		.string	""
 3555 0900 00       		.string	""
 3556 0901 00       		.string	""
 3557 0902 00       		.string	""
 3558 0903 00       		.string	""
 3559 0904 00       		.string	""
 3560 0905 00       		.string	""
 3561 0906 00       		.string	""
 3562 0907 00       		.string	""
 3563 0908 00       		.string	""
 3564 0909 00       		.string	""
 3565 090a 00       		.string	""
GAS LISTING printk.s 			page 81


 3566 090b 00       		.string	""
 3567 090c 00       		.string	""
 3568 090d 00       		.string	""
 3569 090e 00       		.string	""
 3570 090f 00       		.string	""
 3571 0910 00       		.string	""
 3572 0911 00       		.string	""
 3573 0912 00       		.string	""
 3574 0913 00       		.string	""
 3575 0914 00       		.string	""
 3576 0915 00       		.string	""
 3577 0916 00       		.string	""
 3578 0917 00       		.string	""
 3579 0918 00       		.string	""
 3580 0919 00       		.string	""
 3581 091a 00       		.string	""
 3582 091b 00       		.string	""
 3583 091c 00       		.string	""
 3584 091d 00       		.string	""
 3585 091e 00       		.string	""
 3586 091f 00       		.string	""
 3587 0920 00       		.string	""
 3588 0921 00       		.string	""
 3589 0922 00       		.string	""
 3590 0923 00       		.string	""
 3591 0924 00       		.string	""
 3592 0925 00       		.string	""
 3593 0926 00       		.string	""
 3594 0927 00       		.string	""
 3595 0928 00       		.string	""
 3596 0929 00       		.string	""
 3597 092a 00       		.string	""
 3598 092b 00       		.string	""
 3599 092c 00       		.string	""
 3600 092d 00       		.string	""
 3601 092e 00       		.string	""
 3602 092f 00       		.string	""
 3603 0930 00       		.string	""
 3604 0931 00       		.string	""
 3605 0932 00       		.string	""
 3606 0933 00       		.string	""
 3607 0934 00       		.string	""
 3608 0935 00       		.string	""
 3609 0936 00       		.string	""
 3610 0937 00       		.string	""
 3611 0938 00       		.string	""
 3612 0939 00       		.string	""
 3613 093a 00       		.string	""
 3614 093b 00       		.string	""
 3615 093c 00       		.string	""
 3616 093d 00       		.string	""
 3617 093e 00       		.string	""
 3618 093f 00       		.string	""
 3619 0940 00       		.string	""
 3620 0941 00       		.string	""
 3621 0942 00       		.string	""
 3622 0943 00       		.string	""
GAS LISTING printk.s 			page 82


 3623 0944 00       		.string	""
 3624 0945 00       		.string	""
 3625 0946 00       		.string	""
 3626 0947 00       		.string	""
 3627 0948 00       		.string	""
 3628 0949 00       		.string	""
 3629 094a 00       		.string	""
 3630 094b 00       		.string	""
 3631 094c 00       		.string	""
 3632 094d 00       		.string	""
 3633 094e 00       		.string	""
 3634 094f 00       		.string	""
 3635 0950 00       		.string	""
 3636 0951 00       		.string	""
 3637 0952 00       		.string	""
 3638 0953 00       		.string	""
 3639 0954 00       		.string	""
 3640 0955 00       		.string	""
 3641 0956 00       		.string	""
 3642 0957 00       		.string	""
 3643 0958 00       		.string	""
 3644 0959 00       		.string	""
 3645 095a 00       		.string	""
 3646 095b 00       		.string	""
 3647 095c 00       		.string	""
 3648 095d 00       		.string	""
 3649 095e 00       		.string	""
 3650 095f 00       		.string	""
 3651 0960 00       		.string	""
 3652 0961 00       		.string	""
 3653 0962 00       		.string	""
 3654 0963 00       		.string	""
 3655 0964 00       		.string	""
 3656 0965 00       		.string	""
 3657 0966 00       		.string	""
 3658 0967 00       		.string	""
 3659 0968 00       		.string	""
 3660 0969 00       		.string	""
 3661 096a 00       		.string	""
 3662 096b 00       		.string	""
 3663 096c 00       		.string	""
 3664 096d 00       		.string	""
 3665 096e 00       		.string	""
 3666 096f 00       		.string	""
 3667 0970 00       		.string	""
 3668 0971 00       		.string	""
 3669 0972 00       		.string	""
 3670 0973 00       		.string	""
 3671 0974 00       		.string	""
 3672 0975 00       		.string	""
 3673 0976 00       		.string	""
 3674 0977 00       		.string	""
 3675 0978 00       		.string	""
 3676 0979 00       		.string	""
 3677 097a 00       		.string	""
 3678 097b 00       		.string	""
 3679 097c 00       		.string	""
GAS LISTING printk.s 			page 83


 3680 097d 00       		.string	""
 3681 097e 00       		.string	""
 3682 097f 00       		.string	""
 3683 0980 00       		.string	""
 3684 0981 00       		.string	""
 3685 0982 00       		.string	""
 3686 0983 00       		.string	""
 3687 0984 00       		.string	""
 3688 0985 00       		.string	""
 3689 0986 00       		.string	""
 3690 0987 00       		.string	""
 3691 0988 00       		.string	""
 3692 0989 00       		.string	""
 3693 098a 00       		.string	""
 3694 098b 00       		.string	""
 3695 098c 00       		.string	""
 3696 098d 00       		.string	""
 3697 098e 00       		.string	""
 3698 098f 00       		.string	""
 3699 0990 00       		.string	""
 3700 0991 00       		.string	""
 3701 0992 00       		.string	""
 3702 0993 00       		.string	""
 3703 0994 00       		.string	""
 3704 0995 00       		.string	""
 3705 0996 00       		.string	""
 3706 0997 00       		.string	""
 3707 0998 00       		.string	""
 3708 0999 00       		.string	""
 3709 099a 00       		.string	""
 3710 099b 00       		.string	""
 3711 099c 00       		.string	""
 3712 099d 00       		.string	""
 3713 099e 00       		.string	""
 3714 099f 00       		.string	""
 3715 09a0 00       		.string	""
 3716 09a1 00       		.string	""
 3717 09a2 00       		.string	""
 3718 09a3 00       		.string	""
 3719 09a4 00       		.string	""
 3720 09a5 00       		.string	""
 3721 09a6 00       		.string	""
 3722 09a7 00       		.string	""
 3723 09a8 00       		.string	""
 3724 09a9 00       		.string	""
 3725 09aa 00       		.string	""
 3726 09ab 00       		.string	""
 3727 09ac 00       		.string	""
 3728 09ad 00       		.string	""
 3729 09ae 00       		.string	""
 3730 09af 00       		.string	""
 3731 09b0 00       		.string	""
 3732 09b1 00       		.string	""
 3733 09b2 00       		.string	""
 3734 09b3 00       		.string	""
 3735 09b4 00       		.string	""
 3736 09b5 00       		.string	""
GAS LISTING printk.s 			page 84


 3737 09b6 00       		.string	""
 3738 09b7 00       		.string	""
 3739 09b8 00       		.string	""
 3740 09b9 00       		.string	""
 3741 09ba 00       		.string	""
 3742 09bb 00       		.string	""
 3743 09bc 00       		.string	""
 3744 09bd 00       		.string	""
 3745 09be 00       		.string	""
 3746 09bf 00       		.string	""
 3747 09c0 00       		.string	""
 3748 09c1 00       		.string	""
 3749 09c2 00       		.string	""
 3750 09c3 00       		.string	""
 3751 09c4 00       		.string	""
 3752 09c5 00       		.string	""
 3753 09c6 00       		.string	""
 3754 09c7 00       		.string	""
 3755 09c8 00       		.string	""
 3756 09c9 00       		.string	""
 3757 09ca 00       		.string	""
 3758 09cb 00       		.string	""
 3759 09cc 00       		.string	""
 3760 09cd 00       		.string	""
 3761 09ce 00       		.string	""
 3762 09cf 00       		.string	""
 3763 09d0 00       		.string	""
 3764 09d1 00       		.string	""
 3765 09d2 00       		.string	""
 3766 09d3 00       		.string	""
 3767 09d4 00       		.string	""
 3768 09d5 00       		.string	""
 3769 09d6 00       		.string	""
 3770 09d7 00       		.string	""
 3771 09d8 00       		.string	""
 3772 09d9 00       		.string	""
 3773 09da 00       		.string	""
 3774 09db 00       		.string	""
 3775 09dc 00       		.string	""
 3776 09dd 00       		.string	""
 3777 09de 00       		.string	""
 3778 09df 00       		.string	""
 3779 09e0 00       		.string	""
 3780 09e1 00       		.string	""
 3781 09e2 00       		.string	""
 3782 09e3 00       		.string	""
 3783 09e4 00       		.string	""
 3784 09e5 00       		.string	""
 3785 09e6 00       		.string	""
 3786 09e7 00       		.string	""
 3787 09e8 00       		.string	""
 3788 09e9 00       		.string	""
 3789 09ea 00       		.string	""
 3790 09eb 00       		.string	""
 3791 09ec 00       		.string	""
 3792 09ed 00       		.string	""
 3793 09ee 00       		.string	""
GAS LISTING printk.s 			page 85


 3794 09ef 00       		.string	""
 3795 09f0 00       		.string	""
 3796 09f1 00       		.string	""
 3797 09f2 00       		.string	""
 3798 09f3 00       		.string	""
 3799 09f4 00       		.string	""
 3800 09f5 00       		.string	""
 3801 09f6 00       		.string	""
 3802 09f7 00       		.string	""
 3803 09f8 00       		.string	""
 3804 09f9 00       		.string	""
 3805 09fa 00       		.string	""
 3806 09fb 00       		.string	""
 3807 09fc 00       		.string	""
 3808 09fd 00       		.string	""
 3809 09fe 00       		.string	""
 3810 09ff 00       		.string	""
 3811 0a00 00       		.string	""
 3812 0a01 00       		.string	""
 3813 0a02 00       		.string	""
 3814 0a03 00       		.string	""
 3815 0a04 00       		.string	""
 3816 0a05 00       		.string	""
 3817 0a06 00       		.string	""
 3818 0a07 00       		.string	""
 3819 0a08 00       		.string	""
 3820 0a09 00       		.string	""
 3821 0a0a 00       		.string	""
 3822 0a0b 00       		.string	""
 3823 0a0c 00       		.string	""
 3824 0a0d 00       		.string	""
 3825 0a0e 00       		.string	""
 3826 0a0f 00       		.string	""
 3827 0a10 00       		.string	""
 3828 0a11 00       		.string	""
 3829 0a12 00       		.string	""
 3830 0a13 00       		.string	""
 3831 0a14 00       		.string	""
 3832 0a15 00       		.string	""
 3833 0a16 00       		.string	""
 3834 0a17 00       		.string	""
 3835 0a18 00       		.string	""
 3836 0a19 00       		.string	""
 3837 0a1a 00       		.string	""
 3838 0a1b 00       		.string	""
 3839 0a1c 00       		.string	""
 3840 0a1d 00       		.string	""
 3841 0a1e 00       		.string	""
 3842 0a1f 00       		.string	""
 3843 0a20 00       		.string	""
 3844 0a21 00       		.string	""
 3845 0a22 00       		.string	""
 3846 0a23 00       		.string	""
 3847 0a24 00       		.string	""
 3848 0a25 00       		.string	""
 3849 0a26 00       		.string	""
 3850 0a27 00       		.string	""
GAS LISTING printk.s 			page 86


 3851 0a28 00       		.string	""
 3852 0a29 00       		.string	""
 3853 0a2a 00       		.string	""
 3854 0a2b 00       		.string	""
 3855 0a2c 00       		.string	""
 3856 0a2d 00       		.string	""
 3857 0a2e 00       		.string	""
 3858 0a2f 00       		.string	""
 3859 0a30 00       		.string	""
 3860 0a31 00       		.string	""
 3861 0a32 00       		.string	""
 3862 0a33 00       		.string	""
 3863 0a34 00       		.string	""
 3864 0a35 00       		.string	""
 3865 0a36 00       		.string	""
 3866 0a37 00       		.string	""
 3867 0a38 00       		.string	""
 3868 0a39 00       		.string	""
 3869 0a3a 00       		.string	""
 3870 0a3b 00       		.string	""
 3871 0a3c 00       		.string	""
 3872 0a3d 00       		.string	""
 3873 0a3e 00       		.string	""
 3874 0a3f 00       		.string	""
 3875 0a40 00       		.string	""
 3876 0a41 00       		.string	""
 3877 0a42 00       		.string	""
 3878 0a43 00       		.string	""
 3879 0a44 00       		.string	""
 3880 0a45 00       		.string	""
 3881 0a46 00       		.string	""
 3882 0a47 00       		.string	""
 3883 0a48 00       		.string	""
 3884 0a49 00       		.string	""
 3885 0a4a 00       		.string	""
 3886 0a4b 00       		.string	""
 3887 0a4c 00       		.string	""
 3888 0a4d 00       		.string	""
 3889 0a4e 00       		.string	""
 3890 0a4f 00       		.string	""
 3891 0a50 00       		.string	""
 3892 0a51 00       		.string	""
 3893 0a52 00       		.string	""
 3894 0a53 00       		.string	""
 3895 0a54 00       		.string	""
 3896 0a55 00       		.string	""
 3897 0a56 00       		.string	""
 3898 0a57 00       		.string	""
 3899 0a58 00       		.string	""
 3900 0a59 00       		.string	""
 3901 0a5a 00       		.string	""
 3902 0a5b 00       		.string	""
 3903 0a5c 00       		.string	""
 3904 0a5d 00       		.string	""
 3905 0a5e 00       		.string	""
 3906 0a5f 00       		.string	""
 3907 0a60 00       		.string	""
GAS LISTING printk.s 			page 87


 3908 0a61 00       		.string	""
 3909 0a62 00       		.string	""
 3910 0a63 00       		.string	""
 3911 0a64 00       		.string	""
 3912 0a65 00       		.string	""
 3913 0a66 00       		.string	""
 3914 0a67 00       		.string	""
 3915 0a68 00       		.string	""
 3916 0a69 00       		.string	""
 3917 0a6a 00       		.string	""
 3918 0a6b 00       		.string	""
 3919 0a6c 00       		.string	""
 3920 0a6d 00       		.string	""
 3921 0a6e 00       		.string	""
 3922 0a6f 00       		.string	""
 3923 0a70 00       		.string	""
 3924 0a71 00       		.string	""
 3925 0a72 00       		.string	""
 3926 0a73 00       		.string	""
 3927 0a74 00       		.string	""
 3928 0a75 00       		.string	""
 3929 0a76 00       		.string	""
 3930 0a77 00       		.string	""
 3931 0a78 00       		.string	""
 3932 0a79 00       		.string	""
 3933 0a7a 00       		.string	""
 3934 0a7b 00       		.string	""
 3935 0a7c 00       		.string	""
 3936 0a7d 00       		.string	""
 3937 0a7e 00       		.string	""
 3938 0a7f 00       		.string	""
 3939 0a80 00       		.string	""
 3940 0a81 00       		.string	""
 3941 0a82 00       		.string	""
 3942 0a83 00       		.string	""
 3943 0a84 00       		.string	""
 3944 0a85 00       		.string	""
 3945 0a86 00       		.string	""
 3946 0a87 00       		.string	""
 3947 0a88 00       		.string	""
 3948 0a89 00       		.string	""
 3949 0a8a 00       		.string	""
 3950 0a8b 00       		.string	""
 3951 0a8c 00       		.string	""
 3952 0a8d 00       		.string	""
 3953 0a8e 00       		.string	""
 3954 0a8f 00       		.string	""
 3955 0a90 00       		.string	""
 3956 0a91 00       		.string	""
 3957 0a92 00       		.string	""
 3958 0a93 00       		.string	""
 3959 0a94 00       		.string	""
 3960 0a95 00       		.string	""
 3961 0a96 00       		.string	""
 3962 0a97 00       		.string	""
 3963 0a98 00       		.string	""
 3964 0a99 00       		.string	""
GAS LISTING printk.s 			page 88


 3965 0a9a 00       		.string	""
 3966 0a9b 00       		.string	""
 3967 0a9c 00       		.string	""
 3968 0a9d 00       		.string	""
 3969 0a9e 00       		.string	""
 3970 0a9f 00       		.string	""
 3971 0aa0 00       		.string	""
 3972 0aa1 00       		.string	""
 3973 0aa2 00       		.string	""
 3974 0aa3 00       		.string	""
 3975 0aa4 00       		.string	""
 3976 0aa5 00       		.string	""
 3977 0aa6 00       		.string	""
 3978 0aa7 00       		.string	""
 3979 0aa8 00       		.string	""
 3980 0aa9 00       		.string	""
 3981 0aaa 00       		.string	""
 3982 0aab 00       		.string	""
 3983 0aac 00       		.string	""
 3984 0aad 00       		.string	""
 3985 0aae 00       		.string	""
 3986 0aaf 00       		.string	""
 3987 0ab0 00       		.string	""
 3988 0ab1 00       		.string	""
 3989 0ab2 00       		.string	""
 3990 0ab3 00       		.string	""
 3991 0ab4 00       		.string	""
 3992 0ab5 00       		.string	""
 3993 0ab6 00       		.string	""
 3994 0ab7 00       		.string	""
 3995 0ab8 00       		.string	""
 3996 0ab9 00       		.string	""
 3997 0aba 00       		.string	""
 3998 0abb 00       		.string	""
 3999 0abc 00       		.string	""
 4000 0abd 00       		.string	""
 4001 0abe 00       		.string	""
 4002 0abf 00       		.string	""
 4003 0ac0 00       		.string	""
 4004 0ac1 00       		.string	""
 4005 0ac2 00       		.string	""
 4006 0ac3 00       		.string	""
 4007 0ac4 00       		.string	""
 4008 0ac5 00       		.string	""
 4009 0ac6 00       		.string	""
 4010 0ac7 00       		.string	""
 4011 0ac8 00       		.string	""
 4012 0ac9 00       		.string	""
 4013 0aca 00       		.string	""
 4014 0acb 00       		.string	""
 4015 0acc 00       		.string	""
 4016 0acd 00       		.string	""
 4017 0ace 00       		.string	""
 4018 0acf 00       		.string	""
 4019 0ad0 00       		.string	""
 4020 0ad1 00       		.string	""
 4021 0ad2 00       		.string	""
GAS LISTING printk.s 			page 89


 4022 0ad3 00       		.string	""
 4023 0ad4 00       		.string	""
 4024 0ad5 00       		.string	""
 4025 0ad6 00       		.string	""
 4026 0ad7 00       		.string	""
 4027 0ad8 00       		.string	""
 4028 0ad9 00       		.string	""
 4029 0ada 00       		.string	""
 4030 0adb 00       		.string	""
 4031 0adc 00       		.string	""
 4032 0add 00       		.string	""
 4033 0ade 00       		.string	""
 4034 0adf 00       		.string	""
 4035 0ae0 00       		.string	""
 4036 0ae1 00       		.string	""
 4037 0ae2 00       		.string	""
 4038 0ae3 00       		.string	""
 4039 0ae4 00       		.string	""
 4040 0ae5 00       		.string	""
 4041 0ae6 00       		.string	""
 4042 0ae7 00       		.string	""
 4043 0ae8 00       		.string	""
 4044 0ae9 00       		.string	""
 4045 0aea 00       		.string	""
 4046 0aeb 00       		.string	""
 4047 0aec 00       		.string	""
 4048 0aed 00       		.string	""
 4049 0aee 00       		.string	""
 4050 0aef 00       		.string	""
 4051 0af0 00       		.string	""
 4052 0af1 00       		.string	""
 4053 0af2 00       		.string	""
 4054 0af3 00       		.string	""
 4055 0af4 00       		.string	""
 4056 0af5 00       		.string	""
 4057 0af6 00       		.string	""
 4058 0af7 00       		.string	""
 4059 0af8 00       		.string	""
 4060 0af9 00       		.string	""
 4061 0afa 00       		.string	""
 4062 0afb 00       		.string	""
 4063 0afc 00       		.string	""
 4064 0afd 00       		.string	""
 4065 0afe 00       		.string	""
 4066 0aff 00       		.string	""
 4067 0b00 00       		.string	""
 4068 0b01 00       		.string	""
 4069 0b02 00       		.string	""
 4070 0b03 00       		.string	""
 4071 0b04 00       		.string	""
 4072 0b05 00       		.string	""
 4073 0b06 00       		.string	""
 4074 0b07 00       		.string	""
 4075 0b08 00       		.string	""
 4076 0b09 00       		.string	""
 4077 0b0a 00       		.string	""
 4078 0b0b 00       		.string	""
GAS LISTING printk.s 			page 90


 4079 0b0c 00       		.string	""
 4080 0b0d 00       		.string	""
 4081 0b0e 00       		.string	""
 4082 0b0f 00       		.string	""
 4083 0b10 00       		.string	""
 4084 0b11 00       		.string	""
 4085 0b12 00       		.string	""
 4086 0b13 00       		.string	""
 4087 0b14 00       		.string	""
 4088 0b15 00       		.string	""
 4089 0b16 00       		.string	""
 4090 0b17 00       		.string	""
 4091 0b18 00       		.string	""
 4092 0b19 00       		.string	""
 4093 0b1a 00       		.string	""
 4094 0b1b 00       		.string	""
 4095 0b1c 00       		.string	""
 4096 0b1d 00       		.string	""
 4097 0b1e 00       		.string	""
 4098 0b1f 00       		.string	""
 4099 0b20 00       		.string	""
 4100 0b21 00       		.string	""
 4101 0b22 00       		.string	""
 4102 0b23 00       		.string	""
 4103 0b24 00       		.string	""
 4104 0b25 00       		.string	""
 4105 0b26 00       		.string	""
 4106 0b27 00       		.string	""
 4107 0b28 00       		.string	""
 4108 0b29 00       		.string	""
 4109 0b2a 00       		.string	""
 4110 0b2b 00       		.string	""
 4111 0b2c 00       		.string	""
 4112 0b2d 00       		.string	""
 4113 0b2e 00       		.string	""
 4114 0b2f 00       		.string	""
 4115 0b30 00       		.string	""
 4116 0b31 00       		.string	""
 4117 0b32 00       		.string	""
 4118 0b33 00       		.string	""
 4119 0b34 00       		.string	""
 4120 0b35 00       		.string	""
 4121 0b36 00       		.string	""
 4122 0b37 00       		.string	""
 4123 0b38 00       		.string	""
 4124 0b39 00       		.string	""
 4125 0b3a 00       		.string	""
 4126 0b3b 00       		.string	""
 4127 0b3c 00       		.string	""
 4128 0b3d 00       		.string	""
 4129 0b3e 00       		.string	""
 4130 0b3f 00       		.string	""
 4131 0b40 00       		.string	""
 4132 0b41 00       		.string	""
 4133 0b42 00       		.string	""
 4134 0b43 00       		.string	""
 4135 0b44 00       		.string	""
GAS LISTING printk.s 			page 91


 4136 0b45 00       		.string	""
 4137 0b46 00       		.string	""
 4138 0b47 00       		.string	""
 4139 0b48 00       		.string	""
 4140 0b49 00       		.string	""
 4141 0b4a 00       		.string	""
 4142 0b4b 00       		.string	""
 4143 0b4c 00       		.string	""
 4144 0b4d 00       		.string	""
 4145 0b4e 00       		.string	""
 4146 0b4f 00       		.string	""
 4147 0b50 00       		.string	""
 4148 0b51 00       		.string	""
 4149 0b52 00       		.string	""
 4150 0b53 00       		.string	""
 4151 0b54 00       		.string	""
 4152 0b55 00       		.string	""
 4153 0b56 00       		.string	""
 4154 0b57 00       		.string	""
 4155 0b58 00       		.string	""
 4156 0b59 00       		.string	""
 4157 0b5a 00       		.string	""
 4158 0b5b 00       		.string	""
 4159 0b5c 00       		.string	""
 4160 0b5d 00       		.string	""
 4161 0b5e 00       		.string	""
 4162 0b5f 00       		.string	""
 4163 0b60 00       		.string	""
 4164 0b61 00       		.string	""
 4165 0b62 00       		.string	""
 4166 0b63 00       		.string	""
 4167 0b64 00       		.string	""
 4168 0b65 00       		.string	""
 4169 0b66 00       		.string	""
 4170 0b67 00       		.string	""
 4171 0b68 00       		.string	""
 4172 0b69 00       		.string	""
 4173 0b6a 00       		.string	""
 4174 0b6b 00       		.string	""
 4175 0b6c 00       		.string	""
 4176 0b6d 00       		.string	""
 4177 0b6e 00       		.string	""
 4178 0b6f 00       		.string	""
 4179 0b70 00       		.string	""
 4180 0b71 00       		.string	""
 4181 0b72 00       		.string	""
 4182 0b73 00       		.string	""
 4183 0b74 00       		.string	""
 4184 0b75 00       		.string	""
 4185 0b76 00       		.string	""
 4186 0b77 00       		.string	""
 4187 0b78 00       		.string	""
 4188 0b79 00       		.string	""
 4189 0b7a 00       		.string	""
 4190 0b7b 00       		.string	""
 4191 0b7c 00       		.string	""
 4192 0b7d 00       		.string	""
GAS LISTING printk.s 			page 92


 4193 0b7e 00       		.string	""
 4194 0b7f 00       		.string	""
 4195 0b80 00       		.string	""
 4196 0b81 00       		.string	""
 4197 0b82 00       		.string	""
 4198 0b83 00       		.string	""
 4199 0b84 00       		.string	""
 4200 0b85 00       		.string	""
 4201 0b86 00       		.string	""
 4202 0b87 00       		.string	""
 4203 0b88 00       		.string	""
 4204 0b89 00       		.string	""
 4205 0b8a 00       		.string	""
 4206 0b8b 00       		.string	""
 4207 0b8c 00       		.string	""
 4208 0b8d 00       		.string	""
 4209 0b8e 00       		.string	""
 4210 0b8f 00       		.string	""
 4211 0b90 00       		.string	""
 4212 0b91 00       		.string	""
 4213 0b92 00       		.string	""
 4214 0b93 00       		.string	""
 4215 0b94 00       		.string	""
 4216 0b95 00       		.string	""
 4217 0b96 00       		.string	""
 4218 0b97 00       		.string	""
 4219 0b98 00       		.string	""
 4220 0b99 00       		.string	""
 4221 0b9a 00       		.string	""
 4222 0b9b 00       		.string	""
 4223 0b9c 00       		.string	""
 4224 0b9d 00       		.string	""
 4225 0b9e 00       		.string	""
 4226 0b9f 00       		.string	""
 4227 0ba0 00       		.string	""
 4228 0ba1 00       		.string	""
 4229 0ba2 00       		.string	""
 4230 0ba3 00       		.string	""
 4231 0ba4 00       		.string	""
 4232 0ba5 00       		.string	""
 4233 0ba6 00       		.string	""
 4234 0ba7 00       		.string	""
 4235 0ba8 00       		.string	""
 4236 0ba9 00       		.string	""
 4237 0baa 00       		.string	""
 4238 0bab 00       		.string	""
 4239 0bac 00       		.string	""
 4240 0bad 00       		.string	""
 4241 0bae 00       		.string	""
 4242 0baf 00       		.string	""
 4243 0bb0 00       		.string	""
 4244 0bb1 00       		.string	""
 4245 0bb2 00       		.string	""
 4246 0bb3 00       		.string	""
 4247 0bb4 00       		.string	""
 4248 0bb5 00       		.string	""
 4249 0bb6 00       		.string	""
GAS LISTING printk.s 			page 93


 4250 0bb7 00       		.string	""
 4251 0bb8 00       		.string	""
 4252 0bb9 00       		.string	""
 4253 0bba 00       		.string	""
 4254 0bbb 00       		.string	""
 4255 0bbc 00       		.string	""
 4256 0bbd 00       		.string	""
 4257 0bbe 00       		.string	""
 4258 0bbf 00       		.string	""
 4259 0bc0 00       		.string	""
 4260 0bc1 00       		.string	""
 4261 0bc2 00       		.string	""
 4262 0bc3 00       		.string	""
 4263 0bc4 00       		.string	""
 4264 0bc5 00       		.string	""
 4265 0bc6 00       		.string	""
 4266 0bc7 00       		.string	""
 4267 0bc8 00       		.string	""
 4268 0bc9 00       		.string	""
 4269 0bca 00       		.string	""
 4270 0bcb 00       		.string	""
 4271 0bcc 00       		.string	""
 4272 0bcd 00       		.string	""
 4273 0bce 00       		.string	""
 4274 0bcf 00       		.string	""
 4275 0bd0 00       		.string	""
 4276 0bd1 00       		.string	""
 4277 0bd2 00       		.string	""
 4278 0bd3 00       		.string	""
 4279 0bd4 00       		.string	""
 4280 0bd5 00       		.string	""
 4281 0bd6 00       		.string	""
 4282 0bd7 00       		.string	""
 4283 0bd8 00       		.string	""
 4284 0bd9 00       		.string	""
 4285 0bda 00       		.string	""
 4286 0bdb 00       		.string	""
 4287 0bdc 00       		.string	""
 4288 0bdd 00       		.string	""
 4289 0bde 00       		.string	""
 4290 0bdf 00       		.string	""
 4291 0be0 00       		.string	""
 4292 0be1 00       		.string	""
 4293 0be2 00       		.string	""
 4294 0be3 00       		.string	""
 4295 0be4 00       		.string	""
 4296 0be5 00       		.string	""
 4297 0be6 00       		.string	""
 4298 0be7 00       		.string	""
 4299 0be8 00       		.string	""
 4300 0be9 00       		.string	""
 4301 0bea 00       		.string	""
 4302 0beb 00       		.string	""
 4303 0bec 00       		.string	""
 4304 0bed 00       		.string	""
 4305 0bee 00       		.string	""
 4306 0bef 00       		.string	""
GAS LISTING printk.s 			page 94


 4307 0bf0 00       		.string	""
 4308 0bf1 00       		.string	""
 4309 0bf2 00       		.string	""
 4310 0bf3 00       		.string	""
 4311 0bf4 00       		.string	""
 4312 0bf5 00       		.string	""
 4313 0bf6 00       		.string	""
 4314 0bf7 00       		.string	""
 4315 0bf8 00       		.string	""
 4316 0bf9 00       		.string	""
 4317 0bfa 00       		.string	""
 4318 0bfb 00       		.string	""
 4319 0bfc 00       		.string	""
 4320 0bfd 00       		.string	""
 4321 0bfe 00       		.string	""
 4322 0bff 00       		.string	""
 4323 0c00 00       		.string	""
 4324 0c01 00       		.string	""
 4325 0c02 00       		.string	""
 4326 0c03 00       		.string	""
 4327 0c04 00       		.string	""
 4328 0c05 00       		.string	""
 4329 0c06 00       		.string	""
 4330 0c07 00       		.string	""
 4331 0c08 00       		.string	""
 4332 0c09 00       		.string	""
 4333 0c0a 00       		.string	""
 4334 0c0b 00       		.string	""
 4335 0c0c 00       		.string	""
 4336 0c0d 00       		.string	""
 4337 0c0e 00       		.string	""
 4338 0c0f 00       		.string	""
 4339 0c10 00       		.string	""
 4340 0c11 00       		.string	""
 4341 0c12 00       		.string	""
 4342 0c13 00       		.string	""
 4343 0c14 00       		.string	""
 4344 0c15 00       		.string	""
 4345 0c16 00       		.string	""
 4346 0c17 00       		.string	""
 4347 0c18 00       		.string	""
 4348 0c19 00       		.string	""
 4349 0c1a 00       		.string	""
 4350 0c1b 00       		.string	""
 4351 0c1c 00       		.string	""
 4352 0c1d 00       		.string	""
 4353 0c1e 00       		.string	""
 4354 0c1f 00       		.string	""
 4355 0c20 00       		.string	""
 4356 0c21 00       		.string	""
 4357 0c22 00       		.string	""
 4358 0c23 00       		.string	""
 4359 0c24 00       		.string	""
 4360 0c25 00       		.string	""
 4361 0c26 00       		.string	""
 4362 0c27 00       		.string	""
 4363 0c28 00       		.string	""
GAS LISTING printk.s 			page 95


 4364 0c29 00       		.string	""
 4365 0c2a 00       		.string	""
 4366 0c2b 00       		.string	""
 4367 0c2c 00       		.string	""
 4368 0c2d 00       		.string	""
 4369 0c2e 00       		.string	""
 4370 0c2f 00       		.string	""
 4371 0c30 00       		.string	""
 4372 0c31 00       		.string	""
 4373 0c32 00       		.string	""
 4374 0c33 00       		.string	""
 4375 0c34 00       		.string	""
 4376 0c35 00       		.string	""
 4377 0c36 00       		.string	""
 4378 0c37 00       		.string	""
 4379 0c38 00       		.string	""
 4380 0c39 00       		.string	""
 4381 0c3a 00       		.string	""
 4382 0c3b 00       		.string	""
 4383 0c3c 00       		.string	""
 4384 0c3d 00       		.string	""
 4385 0c3e 00       		.string	""
 4386 0c3f 00       		.string	""
 4387 0c40 00       		.string	""
 4388 0c41 00       		.string	""
 4389 0c42 00       		.string	""
 4390 0c43 00       		.string	""
 4391 0c44 00       		.string	""
 4392 0c45 00       		.string	""
 4393 0c46 00       		.string	""
 4394 0c47 00       		.string	""
 4395 0c48 00       		.string	""
 4396 0c49 00       		.string	""
 4397 0c4a 00       		.string	""
 4398 0c4b 00       		.string	""
 4399 0c4c 00       		.string	""
 4400 0c4d 00       		.string	""
 4401 0c4e 00       		.string	""
 4402 0c4f 00       		.string	""
 4403 0c50 00       		.string	""
 4404 0c51 00       		.string	""
 4405 0c52 00       		.string	""
 4406 0c53 00       		.string	""
 4407 0c54 00       		.string	""
 4408 0c55 00       		.string	""
 4409 0c56 00       		.string	""
 4410 0c57 00       		.string	""
 4411 0c58 00       		.string	""
 4412 0c59 00       		.string	""
 4413 0c5a 00       		.string	""
 4414 0c5b 00       		.string	""
 4415 0c5c 00       		.string	""
 4416 0c5d 00       		.string	""
 4417 0c5e 00       		.string	""
 4418 0c5f 00       		.string	""
 4419 0c60 00       		.string	""
 4420 0c61 00       		.string	""
GAS LISTING printk.s 			page 96


 4421 0c62 00       		.string	""
 4422 0c63 00       		.string	""
 4423 0c64 00       		.string	""
 4424 0c65 00       		.string	""
 4425 0c66 00       		.string	""
 4426 0c67 00       		.string	""
 4427 0c68 00       		.string	""
 4428 0c69 00       		.string	""
 4429 0c6a 00       		.string	""
 4430 0c6b 00       		.string	""
 4431 0c6c 00       		.string	""
 4432 0c6d 00       		.string	""
 4433 0c6e 00       		.string	""
 4434 0c6f 00       		.string	""
 4435 0c70 00       		.string	""
 4436 0c71 00       		.string	""
 4437 0c72 00       		.string	""
 4438 0c73 00       		.string	""
 4439 0c74 00       		.string	""
 4440 0c75 00       		.string	""
 4441 0c76 00       		.string	""
 4442 0c77 00       		.string	""
 4443 0c78 00       		.string	""
 4444 0c79 00       		.string	""
 4445 0c7a 00       		.string	""
 4446 0c7b 00       		.string	""
 4447 0c7c 00       		.string	""
 4448 0c7d 00       		.string	""
 4449 0c7e 00       		.string	""
 4450 0c7f 00       		.string	""
 4451 0c80 00       		.string	""
 4452 0c81 00       		.string	""
 4453 0c82 00       		.string	""
 4454 0c83 00       		.string	""
 4455 0c84 00       		.string	""
 4456 0c85 00       		.string	""
 4457 0c86 00       		.string	""
 4458 0c87 00       		.string	""
 4459 0c88 00       		.string	""
 4460 0c89 00       		.string	""
 4461 0c8a 00       		.string	""
 4462 0c8b 00       		.string	""
 4463 0c8c 00       		.string	""
 4464 0c8d 00       		.string	""
 4465 0c8e 00       		.string	""
 4466 0c8f 00       		.string	""
 4467 0c90 00       		.string	""
 4468 0c91 00       		.string	""
 4469 0c92 00       		.string	""
 4470 0c93 00       		.string	""
 4471 0c94 00       		.string	""
 4472 0c95 00       		.string	""
 4473 0c96 00       		.string	""
 4474 0c97 00       		.string	""
 4475 0c98 00       		.string	""
 4476 0c99 00       		.string	""
 4477 0c9a 00       		.string	""
GAS LISTING printk.s 			page 97


 4478 0c9b 00       		.string	""
 4479 0c9c 00       		.string	""
 4480 0c9d 00       		.string	""
 4481 0c9e 00       		.string	""
 4482 0c9f 00       		.string	""
 4483 0ca0 00       		.string	""
 4484 0ca1 00       		.string	""
 4485 0ca2 00       		.string	""
 4486 0ca3 00       		.string	""
 4487 0ca4 00       		.string	""
 4488 0ca5 00       		.string	""
 4489 0ca6 00       		.string	""
 4490 0ca7 00       		.string	""
 4491 0ca8 00       		.string	""
 4492 0ca9 00       		.string	""
 4493 0caa 00       		.string	""
 4494 0cab 00       		.string	""
 4495 0cac 00       		.string	""
 4496 0cad 00       		.string	""
 4497 0cae 00       		.string	""
 4498 0caf 00       		.string	""
 4499 0cb0 00       		.string	""
 4500 0cb1 00       		.string	""
 4501 0cb2 00       		.string	""
 4502 0cb3 00       		.string	""
 4503 0cb4 00       		.string	""
 4504 0cb5 00       		.string	""
 4505 0cb6 00       		.string	""
 4506 0cb7 00       		.string	""
 4507 0cb8 00       		.string	""
 4508 0cb9 00       		.string	""
 4509 0cba 00       		.string	""
 4510 0cbb 00       		.string	""
 4511 0cbc 00       		.string	""
 4512 0cbd 00       		.string	""
 4513 0cbe 00       		.string	""
 4514 0cbf 00       		.string	""
 4515 0cc0 00       		.string	""
 4516 0cc1 00       		.string	""
 4517 0cc2 00       		.string	""
 4518 0cc3 00       		.string	""
 4519 0cc4 00       		.string	""
 4520 0cc5 00       		.string	""
 4521 0cc6 00       		.string	""
 4522 0cc7 00       		.string	""
 4523 0cc8 00       		.string	""
 4524 0cc9 00       		.string	""
 4525 0cca 00       		.string	""
 4526 0ccb 00       		.string	""
 4527 0ccc 00       		.string	""
 4528 0ccd 00       		.string	""
 4529 0cce 00       		.string	""
 4530 0ccf 00       		.string	""
 4531 0cd0 00       		.string	""
 4532 0cd1 00       		.string	""
 4533 0cd2 00       		.string	""
 4534 0cd3 00       		.string	""
GAS LISTING printk.s 			page 98


 4535 0cd4 00       		.string	""
 4536 0cd5 00       		.string	""
 4537 0cd6 00       		.string	""
 4538 0cd7 00       		.string	""
 4539 0cd8 00       		.string	""
 4540 0cd9 00       		.string	""
 4541 0cda 00       		.string	""
 4542 0cdb 00       		.string	""
 4543 0cdc 00       		.string	""
 4544 0cdd 00       		.string	""
 4545 0cde 00       		.string	""
 4546 0cdf 00       		.string	""
 4547 0ce0 00       		.string	""
 4548 0ce1 00       		.string	""
 4549 0ce2 00       		.string	""
 4550 0ce3 00       		.string	""
 4551 0ce4 00       		.string	""
 4552 0ce5 00       		.string	""
 4553 0ce6 00       		.string	""
 4554 0ce7 00       		.string	""
 4555 0ce8 00       		.string	""
 4556 0ce9 00       		.string	""
 4557 0cea 00       		.string	""
 4558 0ceb 00       		.string	""
 4559 0cec 00       		.string	""
 4560 0ced 00       		.string	""
 4561 0cee 00       		.string	""
 4562 0cef 00       		.string	""
 4563 0cf0 00       		.string	""
 4564 0cf1 00       		.string	""
 4565 0cf2 00       		.string	""
 4566 0cf3 00       		.string	""
 4567 0cf4 00       		.string	""
 4568 0cf5 00       		.string	""
 4569 0cf6 00       		.string	""
 4570 0cf7 00       		.string	""
 4571 0cf8 00       		.string	""
 4572 0cf9 00       		.string	""
 4573 0cfa 00       		.string	""
 4574 0cfb 00       		.string	""
 4575 0cfc 00       		.string	""
 4576 0cfd 00       		.string	""
 4577 0cfe 00       		.string	""
 4578 0cff 00       		.string	""
 4579 0d00 00       		.string	""
 4580 0d01 00       		.string	""
 4581 0d02 00       		.string	""
 4582 0d03 00       		.string	""
 4583 0d04 00       		.string	""
 4584 0d05 00       		.string	""
 4585 0d06 00       		.string	""
 4586 0d07 00       		.string	""
 4587 0d08 00       		.string	""
 4588 0d09 00       		.string	""
 4589 0d0a 00       		.string	""
 4590 0d0b 00       		.string	""
 4591 0d0c 00       		.string	""
GAS LISTING printk.s 			page 99


 4592 0d0d 00       		.string	""
 4593 0d0e 00       		.string	""
 4594 0d0f 00       		.string	""
 4595 0d10 00       		.string	""
 4596 0d11 00       		.string	""
 4597 0d12 00       		.string	""
 4598 0d13 00       		.string	""
 4599 0d14 00       		.string	""
 4600 0d15 00       		.string	""
 4601 0d16 00       		.string	""
 4602 0d17 00       		.string	""
 4603 0d18 00       		.string	""
 4604 0d19 00       		.string	""
 4605 0d1a 00       		.string	""
 4606 0d1b 00       		.string	""
 4607 0d1c 00       		.string	""
 4608 0d1d 00       		.string	""
 4609 0d1e 00       		.string	""
 4610 0d1f 00       		.string	""
 4611 0d20 00       		.string	""
 4612 0d21 00       		.string	""
 4613 0d22 00       		.string	""
 4614 0d23 00       		.string	""
 4615 0d24 00       		.string	""
 4616 0d25 00       		.string	""
 4617 0d26 00       		.string	""
 4618 0d27 00       		.string	""
 4619 0d28 00       		.string	""
 4620 0d29 00       		.string	""
 4621 0d2a 00       		.string	""
 4622 0d2b 00       		.string	""
 4623 0d2c 00       		.string	""
 4624 0d2d 00       		.string	""
 4625 0d2e 00       		.string	""
 4626 0d2f 00       		.string	""
 4627 0d30 00       		.string	""
 4628 0d31 00       		.string	""
 4629 0d32 00       		.string	""
 4630 0d33 00       		.string	""
 4631 0d34 00       		.string	""
 4632 0d35 00       		.string	""
 4633 0d36 00       		.string	""
 4634 0d37 00       		.string	""
 4635 0d38 00       		.string	""
 4636 0d39 00       		.string	""
 4637 0d3a 00       		.string	""
 4638 0d3b 00       		.string	""
 4639 0d3c 00       		.string	""
 4640 0d3d 00       		.string	""
 4641 0d3e 00       		.string	""
 4642 0d3f 00       		.string	""
 4643 0d40 00       		.string	""
 4644 0d41 00       		.string	""
 4645 0d42 00       		.string	""
 4646 0d43 00       		.string	""
 4647 0d44 00       		.string	""
 4648 0d45 00       		.string	""
GAS LISTING printk.s 			page 100


 4649 0d46 00       		.string	""
 4650 0d47 00       		.string	""
 4651 0d48 00       		.string	""
 4652 0d49 00       		.string	""
 4653 0d4a 00       		.string	""
 4654 0d4b 00       		.string	""
 4655 0d4c 00       		.string	""
 4656 0d4d 00       		.string	""
 4657 0d4e 00       		.string	""
 4658 0d4f 00       		.string	""
 4659 0d50 00       		.string	""
 4660 0d51 00       		.string	""
 4661 0d52 00       		.string	""
 4662 0d53 00       		.string	""
 4663 0d54 00       		.string	""
 4664 0d55 00       		.string	""
 4665 0d56 00       		.string	""
 4666 0d57 00       		.string	""
 4667 0d58 00       		.string	""
 4668 0d59 00       		.string	""
 4669 0d5a 00       		.string	""
 4670 0d5b 00       		.string	""
 4671 0d5c 00       		.string	""
 4672 0d5d 00       		.string	""
 4673 0d5e 00       		.string	""
 4674 0d5f 00       		.string	""
 4675 0d60 00       		.string	""
 4676 0d61 00       		.string	""
 4677 0d62 00       		.string	""
 4678 0d63 00       		.string	""
 4679 0d64 00       		.string	""
 4680 0d65 00       		.string	""
 4681 0d66 00       		.string	""
 4682 0d67 00       		.string	""
 4683 0d68 00       		.string	""
 4684 0d69 00       		.string	""
 4685 0d6a 00       		.string	""
 4686 0d6b 00       		.string	""
 4687 0d6c 00       		.string	""
 4688 0d6d 00       		.string	""
 4689 0d6e 00       		.string	""
 4690 0d6f 00       		.string	""
 4691 0d70 00       		.string	""
 4692 0d71 00       		.string	""
 4693 0d72 00       		.string	""
 4694 0d73 00       		.string	""
 4695 0d74 00       		.string	""
 4696 0d75 00       		.string	""
 4697 0d76 00       		.string	""
 4698 0d77 00       		.string	""
 4699 0d78 00       		.string	""
 4700 0d79 00       		.string	""
 4701 0d7a 00       		.string	""
 4702 0d7b 00       		.string	""
 4703 0d7c 00       		.string	""
 4704 0d7d 00       		.string	""
 4705 0d7e 00       		.string	""
GAS LISTING printk.s 			page 101


 4706 0d7f 00       		.string	""
 4707 0d80 00       		.string	""
 4708 0d81 00       		.string	""
 4709 0d82 00       		.string	""
 4710 0d83 00       		.string	""
 4711 0d84 00       		.string	""
 4712 0d85 00       		.string	""
 4713 0d86 00       		.string	""
 4714 0d87 00       		.string	""
 4715 0d88 00       		.string	""
 4716 0d89 00       		.string	""
 4717 0d8a 00       		.string	""
 4718 0d8b 00       		.string	""
 4719 0d8c 00       		.string	""
 4720 0d8d 00       		.string	""
 4721 0d8e 00       		.string	""
 4722 0d8f 00       		.string	""
 4723 0d90 00       		.string	""
 4724 0d91 00       		.string	""
 4725 0d92 00       		.string	""
 4726 0d93 00       		.string	""
 4727 0d94 00       		.string	""
 4728 0d95 00       		.string	""
 4729 0d96 00       		.string	""
 4730 0d97 00       		.string	""
 4731 0d98 00       		.string	""
 4732 0d99 00       		.string	""
 4733 0d9a 00       		.string	""
 4734 0d9b 00       		.string	""
 4735 0d9c 00       		.string	""
 4736 0d9d 00       		.string	""
 4737 0d9e 00       		.string	""
 4738 0d9f 00       		.string	""
 4739 0da0 00       		.string	""
 4740 0da1 00       		.string	""
 4741 0da2 00       		.string	""
 4742 0da3 00       		.string	""
 4743 0da4 00       		.string	""
 4744 0da5 00       		.string	""
 4745 0da6 00       		.string	""
 4746 0da7 00       		.string	""
 4747 0da8 00       		.string	""
 4748 0da9 00       		.string	""
 4749 0daa 00       		.string	""
 4750 0dab 00       		.string	""
 4751 0dac 00       		.string	""
 4752 0dad 00       		.string	""
 4753 0dae 00       		.string	""
 4754 0daf 00       		.string	""
 4755 0db0 00       		.string	""
 4756 0db1 00       		.string	""
 4757 0db2 00       		.string	""
 4758 0db3 00       		.string	""
 4759 0db4 00       		.string	""
 4760 0db5 00       		.string	""
 4761 0db6 00       		.string	""
 4762 0db7 00       		.string	""
GAS LISTING printk.s 			page 102


 4763 0db8 00       		.string	""
 4764 0db9 00       		.string	""
 4765 0dba 00       		.string	""
 4766 0dbb 00       		.string	""
 4767 0dbc 00       		.string	""
 4768 0dbd 00       		.string	""
 4769 0dbe 00       		.string	""
 4770 0dbf 00       		.string	""
 4771 0dc0 00       		.string	""
 4772 0dc1 00       		.string	""
 4773 0dc2 00       		.string	""
 4774 0dc3 00       		.string	""
 4775 0dc4 00       		.string	""
 4776 0dc5 00       		.string	""
 4777 0dc6 00       		.string	""
 4778 0dc7 00       		.string	""
 4779 0dc8 00       		.string	""
 4780 0dc9 00       		.string	""
 4781 0dca 00       		.string	""
 4782 0dcb 00       		.string	""
 4783 0dcc 00       		.string	""
 4784 0dcd 00       		.string	""
 4785 0dce 00       		.string	""
 4786 0dcf 00       		.string	""
 4787 0dd0 00       		.string	""
 4788 0dd1 00       		.string	""
 4789 0dd2 00       		.string	""
 4790 0dd3 00       		.string	""
 4791 0dd4 00       		.string	""
 4792 0dd5 00       		.string	""
 4793 0dd6 00       		.string	""
 4794 0dd7 00       		.string	""
 4795 0dd8 00       		.string	""
 4796 0dd9 00       		.string	""
 4797 0dda 00       		.string	""
 4798 0ddb 00       		.string	""
 4799 0ddc 00       		.string	""
 4800 0ddd 00       		.string	""
 4801 0dde 00       		.string	""
 4802 0ddf 00       		.string	""
 4803 0de0 00       		.string	""
 4804 0de1 00       		.string	""
 4805 0de2 00       		.string	""
 4806 0de3 00       		.string	""
 4807 0de4 00       		.string	""
 4808 0de5 00       		.string	""
 4809 0de6 00       		.string	""
 4810 0de7 00       		.string	""
 4811 0de8 00       		.string	""
 4812 0de9 00       		.string	""
 4813 0dea 00       		.string	""
 4814 0deb 00       		.string	""
 4815 0dec 00       		.string	""
 4816 0ded 00       		.string	""
 4817 0dee 00       		.string	""
 4818 0def 00       		.string	""
 4819 0df0 00       		.string	""
GAS LISTING printk.s 			page 103


 4820 0df1 00       		.string	""
 4821 0df2 00       		.string	""
 4822 0df3 00       		.string	""
 4823 0df4 00       		.string	""
 4824 0df5 00       		.string	""
 4825 0df6 00       		.string	""
 4826 0df7 00       		.string	""
 4827 0df8 00       		.string	""
 4828 0df9 00       		.string	""
 4829 0dfa 00       		.string	""
 4830 0dfb 00       		.string	""
 4831 0dfc 00       		.string	""
 4832 0dfd 00       		.string	""
 4833 0dfe 00       		.string	""
 4834 0dff 00       		.string	""
 4835 0e00 00       		.string	""
 4836 0e01 00       		.string	""
 4837 0e02 00       		.string	""
 4838 0e03 00       		.string	""
 4839 0e04 00       		.string	""
 4840 0e05 00       		.string	""
 4841 0e06 00       		.string	""
 4842 0e07 00       		.string	""
 4843 0e08 00       		.string	""
 4844 0e09 00       		.string	""
 4845 0e0a 00       		.string	""
 4846 0e0b 00       		.string	""
 4847 0e0c 00       		.string	""
 4848 0e0d 00       		.string	""
 4849 0e0e 00       		.string	""
 4850 0e0f 00       		.string	""
 4851 0e10 00       		.string	""
 4852 0e11 00       		.string	""
 4853 0e12 00       		.string	""
 4854 0e13 00       		.string	""
 4855 0e14 00       		.string	""
 4856 0e15 00       		.string	""
 4857 0e16 00       		.string	""
 4858 0e17 00       		.string	""
 4859 0e18 00       		.string	""
 4860 0e19 00       		.string	""
 4861 0e1a 00       		.string	""
 4862 0e1b 00       		.string	""
 4863 0e1c 00       		.string	""
 4864 0e1d 00       		.string	""
 4865 0e1e 00       		.string	""
 4866 0e1f 00       		.string	""
 4867 0e20 00       		.string	""
 4868 0e21 00       		.string	""
 4869 0e22 00       		.string	""
 4870 0e23 00       		.string	""
 4871 0e24 00       		.string	""
 4872 0e25 00       		.string	""
 4873 0e26 00       		.string	""
 4874 0e27 00       		.string	""
 4875 0e28 00       		.string	""
 4876 0e29 00       		.string	""
GAS LISTING printk.s 			page 104


 4877 0e2a 00       		.string	""
 4878 0e2b 00       		.string	""
 4879 0e2c 00       		.string	""
 4880 0e2d 00       		.string	""
 4881 0e2e 00       		.string	""
 4882 0e2f 00       		.string	""
 4883 0e30 00       		.string	""
 4884 0e31 00       		.string	""
 4885 0e32 00       		.string	""
 4886 0e33 00       		.string	""
 4887 0e34 00       		.string	""
 4888 0e35 00       		.string	""
 4889 0e36 00       		.string	""
 4890 0e37 00       		.string	""
 4891 0e38 00       		.string	""
 4892 0e39 00       		.string	""
 4893 0e3a 00       		.string	""
 4894 0e3b 00       		.string	""
 4895 0e3c 00       		.string	""
 4896 0e3d 00       		.string	""
 4897 0e3e 00       		.string	""
 4898 0e3f 00       		.string	""
 4899 0e40 00       		.string	""
 4900 0e41 00       		.string	""
 4901 0e42 00       		.string	""
 4902 0e43 00       		.string	""
 4903 0e44 00       		.string	""
 4904 0e45 00       		.string	""
 4905 0e46 00       		.string	""
 4906 0e47 00       		.string	""
 4907 0e48 00       		.string	""
 4908 0e49 00       		.string	""
 4909 0e4a 00       		.string	""
 4910 0e4b 00       		.string	""
 4911 0e4c 00       		.string	""
 4912 0e4d 00       		.string	""
 4913 0e4e 00       		.string	""
 4914 0e4f 00       		.string	""
 4915 0e50 00       		.string	""
 4916 0e51 00       		.string	""
 4917 0e52 00       		.string	""
 4918 0e53 00       		.string	""
 4919 0e54 00       		.string	""
 4920 0e55 00       		.string	""
 4921 0e56 00       		.string	""
 4922 0e57 00       		.string	""
 4923 0e58 00       		.string	""
 4924 0e59 00       		.string	""
 4925 0e5a 00       		.string	""
 4926 0e5b 00       		.string	""
 4927 0e5c 00       		.string	""
 4928 0e5d 00       		.string	""
 4929 0e5e 00       		.string	""
 4930 0e5f 00       		.string	""
 4931 0e60 00       		.string	""
 4932 0e61 00       		.string	""
 4933 0e62 00       		.string	""
GAS LISTING printk.s 			page 105


 4934 0e63 00       		.string	""
 4935 0e64 00       		.string	""
 4936 0e65 00       		.string	""
 4937 0e66 00       		.string	""
 4938 0e67 00       		.string	""
 4939 0e68 00       		.string	""
 4940 0e69 00       		.string	""
 4941 0e6a 00       		.string	""
 4942 0e6b 00       		.string	""
 4943 0e6c 00       		.string	""
 4944 0e6d 00       		.string	""
 4945 0e6e 00       		.string	""
 4946 0e6f 00       		.string	""
 4947 0e70 00       		.string	""
 4948 0e71 00       		.string	""
 4949 0e72 00       		.string	""
 4950 0e73 00       		.string	""
 4951 0e74 00       		.string	""
 4952 0e75 00       		.string	""
 4953 0e76 00       		.string	""
 4954 0e77 00       		.string	""
 4955 0e78 00       		.string	""
 4956 0e79 00       		.string	""
 4957 0e7a 00       		.string	""
 4958 0e7b 00       		.string	""
 4959 0e7c 00       		.string	""
 4960 0e7d 00       		.string	""
 4961 0e7e 00       		.string	""
 4962 0e7f 00       		.string	""
 4963 0e80 00       		.string	""
 4964 0e81 00       		.string	""
 4965 0e82 00       		.string	""
 4966 0e83 00       		.string	""
 4967 0e84 00       		.string	""
 4968 0e85 00       		.string	""
 4969 0e86 00       		.string	""
 4970 0e87 00       		.string	""
 4971 0e88 00       		.string	""
 4972 0e89 00       		.string	""
 4973 0e8a 00       		.string	""
 4974 0e8b 00       		.string	""
 4975 0e8c 00       		.string	""
 4976 0e8d 00       		.string	""
 4977 0e8e 00       		.string	""
 4978 0e8f 00       		.string	""
 4979 0e90 00       		.string	""
 4980 0e91 00       		.string	""
 4981 0e92 00       		.string	""
 4982 0e93 00       		.string	""
 4983 0e94 00       		.string	""
 4984 0e95 00       		.string	""
 4985 0e96 00       		.string	""
 4986 0e97 00       		.string	""
 4987 0e98 00       		.string	""
 4988 0e99 00       		.string	""
 4989 0e9a 00       		.string	""
 4990 0e9b 00       		.string	""
GAS LISTING printk.s 			page 106


 4991 0e9c 00       		.string	""
 4992 0e9d 00       		.string	""
 4993 0e9e 00       		.string	""
 4994 0e9f 00       		.string	""
 4995 0ea0 00       		.string	""
 4996 0ea1 00       		.string	""
 4997 0ea2 00       		.string	""
 4998 0ea3 00       		.string	""
 4999 0ea4 00       		.string	""
 5000 0ea5 00       		.string	""
 5001 0ea6 00       		.string	""
 5002 0ea7 00       		.string	""
 5003 0ea8 00       		.string	""
 5004 0ea9 00       		.string	""
 5005 0eaa 00       		.string	""
 5006 0eab 00       		.string	""
 5007 0eac 00       		.string	""
 5008 0ead 00       		.string	""
 5009 0eae 00       		.string	""
 5010 0eaf 00       		.string	""
 5011 0eb0 00       		.string	""
 5012 0eb1 00       		.string	""
 5013 0eb2 00       		.string	""
 5014 0eb3 00       		.string	""
 5015 0eb4 00       		.string	""
 5016 0eb5 00       		.string	""
 5017 0eb6 00       		.string	""
 5018 0eb7 00       		.string	""
 5019 0eb8 00       		.string	""
 5020 0eb9 00       		.string	""
 5021 0eba 00       		.string	""
 5022 0ebb 00       		.string	""
 5023 0ebc 00       		.string	""
 5024 0ebd 00       		.string	""
 5025 0ebe 00       		.string	""
 5026 0ebf 00       		.string	""
 5027 0ec0 00       		.string	""
 5028 0ec1 00       		.string	""
 5029 0ec2 00       		.string	""
 5030 0ec3 00       		.string	""
 5031 0ec4 00       		.string	""
 5032 0ec5 00       		.string	""
 5033 0ec6 00       		.string	""
 5034 0ec7 00       		.string	""
 5035 0ec8 00       		.string	""
 5036 0ec9 00       		.string	""
 5037 0eca 00       		.string	""
 5038 0ecb 00       		.string	""
 5039 0ecc 00       		.string	""
 5040 0ecd 00       		.string	""
 5041 0ece 00       		.string	""
 5042 0ecf 00       		.string	""
 5043 0ed0 00       		.string	""
 5044 0ed1 00       		.string	""
 5045 0ed2 00       		.string	""
 5046 0ed3 00       		.string	""
 5047 0ed4 00       		.string	""
GAS LISTING printk.s 			page 107


 5048 0ed5 00       		.string	""
 5049 0ed6 00       		.string	""
 5050 0ed7 00       		.string	""
 5051 0ed8 00       		.string	""
 5052 0ed9 00       		.string	""
 5053 0eda 00       		.string	""
 5054 0edb 00       		.string	""
 5055 0edc 00       		.string	""
 5056 0edd 00       		.string	""
 5057 0ede 00       		.string	""
 5058 0edf 00       		.string	""
 5059 0ee0 00       		.string	""
 5060 0ee1 00       		.string	""
 5061 0ee2 00       		.string	""
 5062 0ee3 00       		.string	""
 5063 0ee4 00       		.string	""
 5064 0ee5 00       		.string	""
 5065 0ee6 00       		.string	""
 5066 0ee7 00       		.string	""
 5067 0ee8 00       		.string	""
 5068 0ee9 00       		.string	""
 5069 0eea 00       		.string	""
 5070 0eeb 00       		.string	""
 5071 0eec 00       		.string	""
 5072 0eed 00       		.string	""
 5073 0eee 00       		.string	""
 5074 0eef 00       		.string	""
 5075 0ef0 00       		.string	""
 5076 0ef1 00       		.string	""
 5077 0ef2 00       		.string	""
 5078 0ef3 00       		.string	""
 5079 0ef4 00       		.string	""
 5080 0ef5 00       		.string	""
 5081 0ef6 00       		.string	""
 5082 0ef7 00       		.string	""
 5083 0ef8 00       		.string	""
 5084 0ef9 00       		.string	""
 5085 0efa 00       		.string	""
 5086 0efb 00       		.string	""
 5087 0efc 00       		.string	""
 5088 0efd 00       		.string	""
 5089 0efe 00       		.string	""
 5090 0eff 00       		.string	""
 5091 0f00 00       		.string	""
 5092 0f01 00       		.string	""
 5093 0f02 00       		.string	""
 5094 0f03 00       		.string	""
 5095 0f04 00       		.string	""
 5096 0f05 00       		.string	""
 5097 0f06 00       		.string	""
 5098 0f07 00       		.string	""
 5099 0f08 00       		.string	""
 5100 0f09 00       		.string	""
 5101 0f0a 00       		.string	""
 5102 0f0b 00       		.string	""
 5103 0f0c 00       		.string	""
 5104 0f0d 00       		.string	""
GAS LISTING printk.s 			page 108


 5105 0f0e 00       		.string	""
 5106 0f0f 00       		.string	""
 5107 0f10 00       		.string	""
 5108 0f11 00       		.string	""
 5109 0f12 00       		.string	""
 5110 0f13 00       		.string	""
 5111 0f14 00       		.string	""
 5112 0f15 00       		.string	""
 5113 0f16 00       		.string	""
 5114 0f17 00       		.string	""
 5115 0f18 00       		.string	""
 5116 0f19 00       		.string	""
 5117 0f1a 00       		.string	""
 5118 0f1b 00       		.string	""
 5119 0f1c 00       		.string	""
 5120 0f1d 00       		.string	""
 5121 0f1e 00       		.string	""
 5122 0f1f 00       		.string	""
 5123 0f20 00       		.string	""
 5124 0f21 00       		.string	""
 5125 0f22 00       		.string	""
 5126 0f23 00       		.string	""
 5127 0f24 00       		.string	""
 5128 0f25 00       		.string	""
 5129 0f26 00       		.string	""
 5130 0f27 00       		.string	""
 5131 0f28 00       		.string	""
 5132 0f29 00       		.string	""
 5133 0f2a 00       		.string	""
 5134 0f2b 00       		.string	""
 5135 0f2c 00       		.string	""
 5136 0f2d 00       		.string	""
 5137 0f2e 00       		.string	""
 5138 0f2f 00       		.string	""
 5139 0f30 00       		.string	""
 5140 0f31 00       		.string	""
 5141 0f32 00       		.string	""
 5142 0f33 00       		.string	""
 5143 0f34 00       		.string	""
 5144 0f35 00       		.string	""
 5145 0f36 00       		.string	""
 5146 0f37 00       		.string	""
 5147 0f38 00       		.string	""
 5148 0f39 00       		.string	""
 5149 0f3a 00       		.string	""
 5150 0f3b 00       		.string	""
 5151 0f3c 00       		.string	""
 5152 0f3d 00       		.string	""
 5153 0f3e 00       		.string	""
 5154 0f3f 00       		.string	""
 5155 0f40 00       		.string	""
 5156 0f41 00       		.string	""
 5157 0f42 00       		.string	""
 5158 0f43 00       		.string	""
 5159 0f44 00       		.string	""
 5160 0f45 00       		.string	""
 5161 0f46 00       		.string	""
GAS LISTING printk.s 			page 109


 5162 0f47 00       		.string	""
 5163 0f48 00       		.string	""
 5164 0f49 00       		.string	""
 5165 0f4a 00       		.string	""
 5166 0f4b 00       		.string	""
 5167 0f4c 00       		.string	""
 5168 0f4d 00       		.string	""
 5169 0f4e 00       		.string	""
 5170 0f4f 00       		.string	""
 5171 0f50 00       		.string	""
 5172 0f51 00       		.string	""
 5173 0f52 00       		.string	""
 5174 0f53 00       		.string	""
 5175 0f54 00       		.string	""
 5176 0f55 00       		.string	""
 5177 0f56 00       		.string	""
 5178 0f57 00       		.string	""
 5179 0f58 00       		.string	""
 5180 0f59 00       		.string	""
 5181 0f5a 00       		.string	""
 5182 0f5b 00       		.string	""
 5183 0f5c 00       		.string	""
 5184 0f5d 00       		.string	""
 5185 0f5e 00       		.string	""
 5186 0f5f 00       		.string	""
 5187 0f60 00       		.string	""
 5188 0f61 00       		.string	""
 5189 0f62 00       		.string	""
 5190 0f63 00       		.string	""
 5191 0f64 00       		.string	""
 5192 0f65 00       		.string	""
 5193 0f66 00       		.string	""
 5194 0f67 00       		.string	""
 5195 0f68 00       		.string	""
 5196 0f69 00       		.string	""
 5197 0f6a 00       		.string	""
 5198 0f6b 00       		.string	""
 5199 0f6c 00       		.string	""
 5200 0f6d 00       		.string	""
 5201 0f6e 00       		.string	""
 5202 0f6f 00       		.string	""
 5203 0f70 00       		.string	""
 5204 0f71 00       		.string	""
 5205 0f72 00       		.string	""
 5206 0f73 00       		.string	""
 5207 0f74 00       		.string	""
 5208 0f75 00       		.string	""
 5209 0f76 00       		.string	""
 5210 0f77 00       		.string	""
 5211 0f78 00       		.string	""
 5212 0f79 00       		.string	""
 5213 0f7a 00       		.string	""
 5214 0f7b 00       		.string	""
 5215 0f7c 00       		.string	""
 5216 0f7d 00       		.string	""
 5217 0f7e 00       		.string	""
 5218 0f7f 00       		.string	""
GAS LISTING printk.s 			page 110


 5219 0f80 00       		.string	""
 5220 0f81 00       		.string	""
 5221 0f82 00       		.string	""
 5222 0f83 00       		.string	""
 5223 0f84 00       		.string	""
 5224 0f85 00       		.string	""
 5225 0f86 00       		.string	""
 5226 0f87 00       		.string	""
 5227 0f88 00       		.string	""
 5228 0f89 00       		.string	""
 5229 0f8a 00       		.string	""
 5230 0f8b 00       		.string	""
 5231 0f8c 00       		.string	""
 5232 0f8d 00       		.string	""
 5233 0f8e 00       		.string	""
 5234 0f8f 00       		.string	""
 5235 0f90 00       		.string	""
 5236 0f91 00       		.string	""
 5237 0f92 00       		.string	""
 5238 0f93 00       		.string	""
 5239 0f94 00       		.string	""
 5240 0f95 00       		.string	""
 5241 0f96 00       		.string	""
 5242 0f97 00       		.string	""
 5243 0f98 00       		.string	""
 5244 0f99 00       		.string	""
 5245 0f9a 00       		.string	""
 5246 0f9b 00       		.string	""
 5247 0f9c 00       		.string	""
 5248 0f9d 00       		.string	""
 5249 0f9e 00       		.string	""
 5250 0f9f 00       		.string	""
 5251 0fa0 00       		.string	""
 5252 0fa1 00       		.string	""
 5253 0fa2 00       		.string	""
 5254 0fa3 00       		.string	""
 5255 0fa4 00       		.string	""
 5256 0fa5 00       		.string	""
 5257 0fa6 00       		.string	""
 5258 0fa7 00       		.string	""
 5259 0fa8 00       		.string	""
 5260 0fa9 00       		.string	""
 5261 0faa 00       		.string	""
 5262 0fab 00       		.string	""
 5263 0fac 00       		.string	""
 5264 0fad 00       		.string	""
 5265 0fae 00       		.string	""
 5266 0faf 00       		.string	""
 5267 0fb0 00       		.string	""
 5268 0fb1 00       		.string	""
 5269 0fb2 00       		.string	""
 5270 0fb3 00       		.string	""
 5271 0fb4 00       		.string	""
 5272 0fb5 00       		.string	""
 5273 0fb6 00       		.string	""
 5274 0fb7 00       		.string	""
 5275 0fb8 00       		.string	""
GAS LISTING printk.s 			page 111


 5276 0fb9 00       		.string	""
 5277 0fba 00       		.string	""
 5278 0fbb 00       		.string	""
 5279 0fbc 00       		.string	""
 5280 0fbd 00       		.string	""
 5281 0fbe 00       		.string	""
 5282 0fbf 00       		.string	""
 5283 0fc0 00       		.string	""
 5284 0fc1 00       		.string	""
 5285 0fc2 00       		.string	""
 5286 0fc3 00       		.string	""
 5287 0fc4 00       		.string	""
 5288 0fc5 00       		.string	""
 5289 0fc6 00       		.string	""
 5290 0fc7 00       		.string	""
 5291 0fc8 00       		.string	""
 5292 0fc9 00       		.string	""
 5293 0fca 00       		.string	""
 5294 0fcb 00       		.string	""
 5295 0fcc 00       		.string	""
 5296 0fcd 00       		.string	""
 5297 0fce 00       		.string	""
 5298 0fcf 00       		.string	""
 5299 0fd0 00       		.string	""
 5300 0fd1 00       		.string	""
 5301 0fd2 00       		.string	""
 5302 0fd3 00       		.string	""
 5303 0fd4 00       		.string	""
 5304 0fd5 00       		.string	""
 5305 0fd6 00       		.string	""
 5306 0fd7 00       		.string	""
 5307 0fd8 00       		.string	""
 5308 0fd9 00       		.string	""
 5309 0fda 00       		.string	""
 5310 0fdb 00       		.string	""
 5311 0fdc 00       		.string	""
 5312 0fdd 00       		.string	""
 5313 0fde 00       		.string	""
 5314 0fdf 00       		.string	""
 5315 0fe0 00       		.string	""
 5316 0fe1 00       		.string	""
 5317 0fe2 00       		.string	""
 5318 0fe3 00       		.string	""
 5319 0fe4 00       		.string	""
 5320 0fe5 00       		.string	""
 5321 0fe6 00       		.string	""
 5322 0fe7 00       		.string	""
 5323 0fe8 00       		.string	""
 5324 0fe9 00       		.string	""
 5325 0fea 00       		.string	""
 5326 0feb 00       		.string	""
 5327 0fec 00       		.string	""
 5328 0fed 00       		.string	""
 5329 0fee 00       		.string	""
 5330 0fef 00       		.string	""
 5331 0ff0 00       		.string	""
 5332 0ff1 00       		.string	""
GAS LISTING printk.s 			page 112


 5333 0ff2 00       		.string	""
 5334 0ff3 00       		.string	""
 5335 0ff4 00       		.string	""
 5336 0ff5 00       		.string	""
 5337 0ff6 00       		.string	""
 5338 0ff7 00       		.string	""
 5339 0ff8 00       		.string	""
 5340 0ff9 00       		.string	""
 5341 0ffa 00       		.string	""
 5342 0ffb 00       		.string	""
 5343 0ffc 00       		.string	""
 5344 0ffd 00       		.string	""
 5345 0ffe 00       		.string	""
 5346 0fff 00       		.string	""
 5347              		.ident	"GCC: (Ubuntu 13.3.0-6ubuntu2~24.04) 13.3.0"
 5348              		.section	.note.GNU-stack,"",@progbits
 5349              		.section	.note.gnu.property,"a"
 5350              		.align 8
 5351 0000 04000000 		.long	1f - 0f
 5352 0004 10000000 		.long	4f - 1f
 5353 0008 05000000 		.long	5
 5354              	0:
 5355 000c 474E5500 		.string	"GNU"
 5356              	1:
 5357              		.align 8
 5358 0010 020000C0 		.long	0xc0000002
 5359 0014 04000000 		.long	3f - 2f
 5360              	2:
 5361 0018 03000000 		.long	0x3
 5362              	3:
 5363 001c 00000000 		.align 8
 5364              	4:
GAS LISTING printk.s 			page 113


DEFINED SYMBOLS
                            *ABS*:0000000000000000 printk.c
            printk.s:18     .text:0000000000000000 number
            printk.s:430    .text:0000000000000350 putchar
            printk.s:2292   .data:0000000000000000 font_ascii
            printk.s:494    .text:00000000000003e0 clear_screen
            printk.s:2285   .bss:0000000000001000 Pos
            printk.s:639    .text:0000000000000520 skip_atoi2
            printk.s:690    .text:0000000000000570 skip_atoi
            printk.s:743    .text:00000000000005c0 vsprintf
            printk.s:1871   .text:0000000000000e00 color_printk
            printk.s:2279   .bss:0000000000000000 buf
            printk.s:13     .rodata.str1.8:0000000000000028 .LC1
            printk.s:10     .rodata.str1.8:0000000000000000 .LC0

UNDEFINED SYMBOLS
_GLOBAL_OFFSET_TABLE_
